kind,emd_a,pdb_a,chain_a,len_a,emd_b,pdb_b,chain_b,len_b,fident
homolog,0894,/mnt/main0/projects/hypernetworks-for-cryo-em/cryo2structdata-3A/full/0894/6lhp.pdb,B,254,11106,/mnt/main0/projects/hypernetworks-for-cryo-em/cryo2structdata-3A/full/11106/6z6w.pdb,0,340,0.550
homolog,14148,/mnt/main0/projects/hypernetworks-for-cryo-em/cryo2structdata-3A/full/14148/7qud.pdb,A,475,26089,/mnt/main0/projects/hypernetworks-for-cryo-em/cryo2structdata-3A/full/26089/7trg.pdb,A,444,0.412
homolog,22497,/mnt/main0/projects/hypernetworks-for-cryo-em/cryo2structdata-3A/full/22497/7jva.pdb,L,111,30491,/mnt/main0/projects/hypernetworks-for-cryo-em/cryo2structdata-3A/full/30491/7cx4.pdb,N,128,0.324
homolog,22699,/mnt/main0/projects/hypernetworks-for-cryo-em/cryo2structdata-3A/full/22699/7k7h.pdb,H,118,26490,/mnt/main0/projects/hypernetworks-for-cryo-em/cryo2structdata-3A/full/26490/7ugn.pdb,J,106,0.316
homolog,13453,/mnt/main0/projects/hypernetworks-for-cryo-em/cryo2structdata-3A/full/13453/7piu.pdb,N,134,32868,/mnt/main0/projects/hypernetworks-for-cryo-em/cryo2structdata-3A/full/32868/7wwk.pdb,G,121,0.476
homolog,26124,/mnt/main0/projects/hypernetworks-for-cryo-em/cryo2structdata-3A/full/26124/7ttu.pdb,F,87,4531,/mnt/main0/projects/hypernetworks-for-cryo-em/cryo2structdata-3A/full/4531/6qdw.pdb,t,100,0.373
homolog,32736,/mnt/main0/projects/hypernetworks-for-cryo-em/cryo2structdata-3A/full/32736/7wrv.pdb,U,237,7876,/mnt/main0/projects/hypernetworks-for-cryo-em/cryo2structdata-3A/full/7876/6dfh.pdb,J,214,0.300
homolog,21927,/mnt/main0/projects/hypernetworks-for-cryo-em/cryo2structdata-3A/full/21927/6ww2.pdb,K,123,26655,/mnt/main0/projects/hypernetworks-for-cryo-em/cryo2structdata-3A/full/26655/7uov.pdb,D,114,0.422
homolog,0867,/mnt/main0/projects/hypernetworks-for-cryo-em/cryo2structdata-3A/full/0867/6lb1.pdb,B,245,25765,/mnt/main0/projects/hypernetworks-for-cryo-em/cryo2structdata-3A/full/25765/7t9p.pdb,B,238,0.530
homolog,20540,/mnt/main0/projects/hypernetworks-for-cryo-em/cryo2structdata-3A/full/20540/6pzy.pdb,D,216,23719,/mnt/main0/projects/hypernetworks-for-cryo-em/cryo2structdata-3A/full/23719/7m8l.pdb,P,214,0.427
homolog,24899,/mnt/main0/projects/hypernetworks-for-cryo-em/cryo2structdata-3A/full/24899/7s8o.pdb,B,354,32297,/mnt/main0/projects/hypernetworks-for-cryo-em/cryo2structdata-3A/full/32297/7w3z.pdb,B,353,0.564
homolog,20190,/mnt/main0/projects/hypernetworks-for-cryo-em/cryo2structdata-3A/full/20190/6ot0.pdb,H,239,23462,/mnt/main0/projects/hypernetworks-for-cryo-em/cryo2structdata-3A/full/23462/7lo6.pdb,G,214,0.325
homolog,26163,/mnt/main0/projects/hypernetworks-for-cryo-em/cryo2structdata-3A/full/26163/7ty0.pdb,N,218,32684,/mnt/main0/projects/hypernetworks-for-cryo-em/cryo2structdata-3A/full/32684/7wpe.pdb,V,215,0.600
homolog,31635,/mnt/main0/projects/hypernetworks-for-cryo-em/cryo2structdata-3A/full/31635/7v23.pdb,O,125,33048,/mnt/main0/projects/hypernetworks-for-cryo-em/cryo2structdata-3A/full/33048/7x7u.pdb,A,119,0.464
homolog,0894,/mnt/main0/projects/hypernetworks-for-cryo-em/cryo2structdata-3A/full/0894/6lhp.pdb,L,107,31515,/mnt/main0/projects/hypernetworks-for-cryo-em/cryo2structdata-3A/full/31515/7fbi.pdb,H,111,0.313
homolog,20540,/mnt/main0/projects/hypernetworks-for-cryo-em/cryo2structdata-3A/full/20540/6pzy.pdb,D,216,20541,/mnt/main0/projects/hypernetworks-for-cryo-em/cryo2structdata-3A/full/20541/6pzz.pdb,E,214,0.454
homolog,0889,/mnt/main0/projects/hypernetworks-for-cryo-em/cryo2structdata-3A/full/0889/6lhc.pdb,C,242,3880,/mnt/main0/projects/hypernetworks-for-cryo-em/cryo2structdata-3A/full/3880/6eit.pdb,3,240,0.460
homolog,20795,/mnt/main0/projects/hypernetworks-for-cryo-em/cryo2structdata-3A/full/20795/6ujb.pdb,F,219,4520,/mnt/main0/projects/hypernetworks-for-cryo-em/cryo2structdata-3A/full/4520/6qd7.pdb,L,214,0.595
homolog,0069,/mnt/main0/projects/hypernetworks-for-cryo-em/cryo2structdata-3A/full/0069/6gv4.pdb,H,121,23780,/mnt/main0/projects/hypernetworks-for-cryo-em/cryo2structdata-3A/full/23780/7mdu.pdb,F,111,0.355
homolog,23578,/mnt/main0/projects/hypernetworks-for-cryo-em/cryo2structdata-3A/full/23578/7lxx.pdb,H,126,34234,/mnt/main0/projects/hypernetworks-for-cryo-em/cryo2structdata-3A/full/34234/8gsf.pdb,E,117,0.436
homolog,21243,/mnt/main0/projects/hypernetworks-for-cryo-em/cryo2structdata-3A/full/21243/6vms.pdb,A,354,4719,/mnt/main0/projects/hypernetworks-for-cryo-em/cryo2structdata-3A/full/4719/6r3q.pdb,B,404,0.398
homolog,25876,/mnt/main0/projects/hypernetworks-for-cryo-em/cryo2structdata-3A/full/25876/7tfl.pdb,C,340,27672,/mnt/main0/projects/hypernetworks-for-cryo-em/cryo2structdata-3A/full/27672/8dr6.pdb,B,323,0.359
homolog,10282,/mnt/main0/projects/hypernetworks-for-cryo-em/cryo2structdata-3A/full/10282/6spd.pdb,D,207,20491,/mnt/main0/projects/hypernetworks-for-cryo-em/cryo2structdata-3A/full/20491/6pvk.pdb,D,209,0.519
homolog,11061,/mnt/main0/projects/hypernetworks-for-cryo-em/cryo2structdata-3A/full/11061/6z3p.pdb,B,254,33005,/mnt/main0/projects/hypernetworks-for-cryo-em/cryo2structdata-3A/full/33005/7x4m.pdb,B,263,0.516
homolog,12528,/mnt/main0/projects/hypernetworks-for-cryo-em/cryo2structdata-3A/full/12528/7nqk.pdb,B,131,24649,/mnt/main0/projects/hypernetworks-for-cryo-em/cryo2structdata-3A/full/24649/7rr0.pdb,C,107,0.307
homolog,23717,/mnt/main0/projects/hypernetworks-for-cryo-em/cryo2structdata-3A/full/23717/7m8j.pdb,H,120,31515,/mnt/main0/projects/hypernetworks-for-cryo-em/cryo2structdata-3A/full/31515/7fbi.pdb,N,119,0.445
homolog,12702,/mnt/main0/projects/hypernetworks-for-cryo-em/cryo2structdata-3A/full/12702/7o37.pdb,E,196,24485,/mnt/main0/projects/hypernetworks-for-cryo-em/cryo2structdata-3A/full/24485/7rjd.pdb,E,213,0.560
homolog,31046,/mnt/main0/projects/hypernetworks-for-cryo-em/cryo2structdata-3A/full/31046/7eak.pdb,A,292,7633,/mnt/main0/projects/hypernetworks-for-cryo-em/cryo2structdata-3A/full/7633/6cv2.pdb,A,297,0.455
homolog,32398,/mnt/main0/projects/hypernetworks-for-cryo-em/cryo2structdata-3A/full/32398/7wbh.pdb,Q,107,32685,/mnt/main0/projects/hypernetworks-for-cryo-em/cryo2structdata-3A/full/32685/7wpf.pdb,T,133,0.320
homolog,25105,/mnt/main0/projects/hypernetworks-for-cryo-em/cryo2structdata-3A/full/25105/7sg4.pdb,L,220,26443,/mnt/main0/projects/hypernetworks-for-cryo-em/cryo2structdata-3A/full/26443/7ucg.pdb,E,205,0.410
homolog,12599,/mnt/main0/projects/hypernetworks-for-cryo-em/cryo2structdata-3A/full/12599/7nuq.pdb,3,236,9685,/mnt/main0/projects/hypernetworks-for-cryo-em/cryo2structdata-3A/full/9685/6ilk.pdb,C,238,0.495
homolog,32143,/mnt/main0/projects/hypernetworks-for-cryo-em/cryo2structdata-3A/full/32143/7vvl.pdb,A,380,33682,/mnt/main0/projects/hypernetworks-for-cryo-em/cryo2structdata-3A/full/33682/7y89.pdb,C,351,0.378
homolog,23693,/mnt/main0/projects/hypernetworks-for-cryo-em/cryo2structdata-3A/full/23693/7m6e.pdb,C,216,25843,/mnt/main0/projects/hypernetworks-for-cryo-em/cryo2structdata-3A/full/25843/7te9.pdb,L,213,0.416
homolog,10557,/mnt/main0/projects/hypernetworks-for-cryo-em/cryo2structdata-3A/full/10557/6tra.pdb,F,141,12228,/mnt/main0/projects/hypernetworks-for-cryo-em/cryo2structdata-3A/full/12228/7blz.pdb,F,155,0.474
homolog,30489,/mnt/main0/projects/hypernetworks-for-cryo-em/cryo2structdata-3A/full/30489/7cx2.pdb,N,128,32748,/mnt/main0/projects/hypernetworks-for-cryo-em/cryo2structdata-3A/full/32748/7ws6.pdb,H,108,0.330
homolog,24313,/mnt/main0/projects/hypernetworks-for-cryo-em/cryo2structdata-3A/full/24313/7r8a.pdb,C,245,32430,/mnt/main0/projects/hypernetworks-for-cryo-em/cryo2structdata-3A/full/32430/7wcz.pdb,a,214,0.529
homolog,30815,/mnt/main0/projects/hypernetworks-for-cryo-em/cryo2structdata-3A/full/30815/7dq7.pdb,H,123,30994,/mnt/main0/projects/hypernetworks-for-cryo-em/cryo2structdata-3A/full/30994/7e5s.pdb,P,120,0.532
homolog,0411,/mnt/main0/projects/hypernetworks-for-cryo-em/cryo2structdata-3A/full/0411/6nbh.pdb,N,126,32744,/mnt/main0/projects/hypernetworks-for-cryo-em/cryo2structdata-3A/full/32744/7ws5.pdb,D,108,0.330
homolog,22128,/mnt/main0/projects/hypernetworks-for-cryo-em/cryo2structdata-3A/full/22128/6xcn.pdb,D,217,32961,/mnt/main0/projects/hypernetworks-for-cryo-em/cryo2structdata-3A/full/32961/7x28.pdb,C,221,0.331
homolog,21460,/mnt/main0/projects/hypernetworks-for-cryo-em/cryo2structdata-3A/full/21460/6vyh.pdb,C,213,23277,/mnt/main0/projects/hypernetworks-for-cryo-em/cryo2structdata-3A/full/23277/7lcn.pdb,D,216,0.451
homolog,24299,/mnt/main0/projects/hypernetworks-for-cryo-em/cryo2structdata-3A/full/24299/7r7n.pdb,H,126,32501,/mnt/main0/projects/hypernetworks-for-cryo-em/cryo2structdata-3A/full/32501/7whj.pdb,D,138,0.460
homolog,23666,/mnt/main0/projects/hypernetworks-for-cryo-em/cryo2structdata-3A/full/23666/7m4u.pdb,k,128,4337,/mnt/main0/projects/hypernetworks-for-cryo-em/cryo2structdata-3A/full/4337/6g18.pdb,O,151,0.394
homolog,15971,/mnt/main0/projects/hypernetworks-for-cryo-em/cryo2structdata-3A/full/15971/8bcz.pdb,C,226,31978,/mnt/main0/projects/hypernetworks-for-cryo-em/cryo2structdata-3A/full/31978/7vgs.pdb,D,229,0.517
homolog,30558,/mnt/main0/projects/hypernetworks-for-cryo-em/cryo2structdata-3A/full/30558/7d3k.pdb,H,124,31456,/mnt/main0/projects/hypernetworks-for-cryo-em/cryo2structdata-3A/full/31456/7f53.pdb,N,126,0.500
homolog,21920,/mnt/main0/projects/hypernetworks-for-cryo-em/cryo2structdata-3A/full/21920/6wvj.pdb,A,314,23895,/mnt/main0/projects/hypernetworks-for-cryo-em/cryo2structdata-3A/full/23895/7mki.pdb,G,329,0.459
homolog,22443,/mnt/main0/projects/hypernetworks-for-cryo-em/cryo2structdata-3A/full/22443/7jr7.pdb,E,223,25686,/mnt/main0/projects/hypernetworks-for-cryo-em/cryo2structdata-3A/full/25686/7t4r.pdb,J,257,0.517
homolog,11588,/mnt/main0/projects/hypernetworks-for-cryo-em/cryo2structdata-3A/full/11588/6zzx.pdb,4,207,11589,/mnt/main0/projects/hypernetworks-for-cryo-em/cryo2structdata-3A/full/11589/6zzy.pdb,6,231,0.438
homolog,23465,/mnt/main0/projects/hypernetworks-for-cryo-em/cryo2structdata-3A/full/23465/7lok.pdb,J,214,25163,/mnt/main0/projects/hypernetworks-for-cryo-em/cryo2structdata-3A/full/25163/7sjo.pdb,E,250,0.310
homolog,22031,/mnt/main0/projects/hypernetworks-for-cryo-em/cryo2structdata-3A/full/22031/6x3s.pdb,E,417,22033,/mnt/main0/projects/hypernetworks-for-cryo-em/cryo2structdata-3A/full/22033/6x3u.pdb,B,358,0.567
homolog,21572,/mnt/main0/projects/hypernetworks-for-cryo-em/cryo2structdata-3A/full/21572/6w7n.pdb,C,233,27011,/mnt/main0/projects/hypernetworks-for-cryo-em/cryo2structdata-3A/full/27011/8cvo.pdb,G,269,0.506
homolog,30925,/mnt/main0/projects/hypernetworks-for-cryo-em/cryo2structdata-3A/full/30925/7dz7.pdb,Z,256,32892,/mnt/main0/projects/hypernetworks-for-cryo-em/cryo2structdata-3A/full/32892/7wyi.pdb,8,243,0.375
homolog,32892,/mnt/main0/projects/hypernetworks-for-cryo-em/cryo2structdata-3A/full/32892/7wyi.pdb,7,241,9853,/mnt/main0/projects/hypernetworks-for-cryo-em/cryo2structdata-3A/full/9853/6jo5.pdb,9,189,0.427
homolog,30322,/mnt/main0/projects/hypernetworks-for-cryo-em/cryo2structdata-3A/full/30322/7c9z.pdb,A,278,9629,/mnt/main0/projects/hypernetworks-for-cryo-em/cryo2structdata-3A/full/9629/6aj0.pdb,A,295,0.438
homolog,25982,/mnt/main0/projects/hypernetworks-for-cryo-em/cryo2structdata-3A/full/25982/7tl0.pdb,K,216,27939,/mnt/main0/projects/hypernetworks-for-cryo-em/cryo2structdata-3A/full/27939/8e7m.pdb,H,227,0.328
homolog,24276,/mnt/main0/projects/hypernetworks-for-cryo-em/cryo2structdata-3A/full/24276/7nao.pdb,E,263,7010,/mnt/main0/projects/hypernetworks-for-cryo-em/cryo2structdata-3A/full/7010/6avo.pdb,P,234,0.328
homolog,24236,/mnt/main0/projects/hypernetworks-for-cryo-em/cryo2structdata-3A/full/24236/7n8h.pdb,E,122,9634,/mnt/main0/projects/hypernetworks-for-cryo-em/cryo2structdata-3A/full/9634/6aj9.pdb,H,116,0.591
homolog,10914,/mnt/main0/projects/hypernetworks-for-cryo-em/cryo2structdata-3A/full/10914/6yt9.pdb,l,128,4793,/mnt/main0/projects/hypernetworks-for-cryo-em/cryo2structdata-3A/full/4793/6rbe.pdb,O,137,0.369
homolog,24825,/mnt/main0/projects/hypernetworks-for-cryo-em/cryo2structdata-3A/full/24825/7s3i.pdb,N,128,25808,/mnt/main0/projects/hypernetworks-for-cryo-em/cryo2structdata-3A/full/25808/7tcc.pdb,G,108,0.371
homolog,10798,/mnt/main0/projects/hypernetworks-for-cryo-em/cryo2structdata-3A/full/10798/6yez.pdb,L,159,21320,/mnt/main0/projects/hypernetworks-for-cryo-em/cryo2structdata-3A/full/21320/6vpv.pdb,0,160,0.471
homolog,22659,/mnt/main0/projects/hypernetworks-for-cryo-em/cryo2structdata-3A/full/22659/7k43.pdb,C,125,31824,/mnt/main0/projects/hypernetworks-for-cryo-em/cryo2structdata-3A/full/31824/7v9l.pdb,N,140,0.476
homolog,24875,/mnt/main0/projects/hypernetworks-for-cryo-em/cryo2structdata-3A/full/24875/7s6d.pdb,D,249,31056,/mnt/main0/projects/hypernetworks-for-cryo-em/cryo2structdata-3A/full/31056/7ec5.pdb,E,216,0.552
homolog,30514,/mnt/main0/projects/hypernetworks-for-cryo-em/cryo2structdata-3A/full/30514/7czr.pdb,K,214,32553,/mnt/main0/projects/hypernetworks-for-cryo-em/cryo2structdata-3A/full/32553/7wjz.pdb,C,214,0.430
homolog,21571,/mnt/main0/projects/hypernetworks-for-cryo-em/cryo2structdata-3A/full/21571/6w7m.pdb,D,206,31660,/mnt/main0/projects/hypernetworks-for-cryo-em/cryo2structdata-3A/full/31660/7v2q.pdb,D,209,0.500
homolog,22283,/mnt/main0/projects/hypernetworks-for-cryo-em/cryo2structdata-3A/full/22283/6xox.pdb,N,160,27798,/mnt/main0/projects/hypernetworks-for-cryo-em/cryo2structdata-3A/full/27798/8dzh.pdb,E,118,0.484
homolog,24878,/mnt/main0/projects/hypernetworks-for-cryo-em/cryo2structdata-3A/full/24878/7s6k.pdb,C,127,25368,/mnt/main0/projects/hypernetworks-for-cryo-em/cryo2structdata-3A/full/25368/7sp8.pdb,C,137,0.464
homolog,25763,/mnt/main0/projects/hypernetworks-for-cryo-em/cryo2structdata-3A/full/25763/7t9n.pdb,H,252,31162,/mnt/main0/projects/hypernetworks-for-cryo-em/cryo2structdata-3A/full/31162/7ejk.pdb,H,307,0.364
homolog,26267,/mnt/main0/projects/hypernetworks-for-cryo-em/cryo2structdata-3A/full/26267/7u0x.pdb,G,216,32563,/mnt/main0/projects/hypernetworks-for-cryo-em/cryo2structdata-3A/full/32563/7wk9.pdb,b,215,0.421
homolog,20877,/mnt/main0/projects/hypernetworks-for-cryo-em/cryo2structdata-3A/full/20877/6utf.pdb,O,227,9258,/mnt/main0/projects/hypernetworks-for-cryo-em/cryo2structdata-3A/full/9258/6muw.pdb,E,256,0.346
homolog,21992,/mnt/main0/projects/hypernetworks-for-cryo-em/cryo2structdata-3A/full/21992/6x18.pdb,A,394,32021,/mnt/main0/projects/hypernetworks-for-cryo-em/cryo2structdata-3A/full/32021/7vl9.pdb,A,354,0.403
homolog,9680,/mnt/main0/projects/hypernetworks-for-cryo-em/cryo2structdata-3A/full/9680/6ijo.pdb,2,227,9854,/mnt/main0/projects/hypernetworks-for-cryo-em/cryo2structdata-3A/full/9854/6jo6.pdb,3,268,0.347
homolog,31879,/mnt/main0/projects/hypernetworks-for-cryo-em/cryo2structdata-3A/full/31879/7vbh.pdb,A,394,32246,/mnt/main0/projects/hypernetworks-for-cryo-em/cryo2structdata-3A/full/32246/7w0o.pdb,A,356,0.398
homolog,23719,/mnt/main0/projects/hypernetworks-for-cryo-em/cryo2structdata-3A/full/23719/7m8l.pdb,J,215,24060,/mnt/main0/projects/hypernetworks-for-cryo-em/cryo2structdata-3A/full/24060/7mw2.pdb,D,237,0.302
homolog,13453,/mnt/main0/projects/hypernetworks-for-cryo-em/cryo2structdata-3A/full/13453/7piu.pdb,A,380,35356,/mnt/main0/projects/hypernetworks-for-cryo-em/cryo2structdata-3A/full/35356/8id3.pdb,A,354,0.408
homolog,22137,/mnt/main0/projects/hypernetworks-for-cryo-em/cryo2structdata-3A/full/22137/6xdg.pdb,C,225,32430,/mnt/main0/projects/hypernetworks-for-cryo-em/cryo2structdata-3A/full/32430/7wcz.pdb,a,214,0.536
homolog,22749,/mnt/main0/projects/hypernetworks-for-cryo-em/cryo2structdata-3A/full/22749/7k9i.pdb,H,119,25929,/mnt/main0/projects/hypernetworks-for-cryo-em/cryo2structdata-3A/full/25929/7tjq.pdb,A,124,0.459
homolog,22655,/mnt/main0/projects/hypernetworks-for-cryo-em/cryo2structdata-3A/full/22655/7k3b.pdb,G,219,31017,/mnt/main0/projects/hypernetworks-for-cryo-em/cryo2structdata-3A/full/31017/7e8f.pdb,C,230,0.304
homolog,33670,/mnt/main0/projects/hypernetworks-for-cryo-em/cryo2structdata-3A/full/33670/7y7m.pdb,F,214,9065,/mnt/main0/projects/hypernetworks-for-cryo-em/cryo2structdata-3A/full/9065/6mb3.pdb,A,225,0.550
homolog,20540,/mnt/main0/projects/hypernetworks-for-cryo-em/cryo2structdata-3A/full/20540/6pzy.pdb,A,429,21042,/mnt/main0/projects/hypernetworks-for-cryo-em/cryo2structdata-3A/full/21042/6v4n.pdb,I,448,0.332
homolog,10891,/mnt/main0/projects/hypernetworks-for-cryo-em/cryo2structdata-3A/full/10891/6ys3.pdb,j,142,20491,/mnt/main0/projects/hypernetworks-for-cryo-em/cryo2structdata-3A/full/20491/6pvk.pdb,J,145,0.591
homolog,11875,/mnt/main0/projects/hypernetworks-for-cryo-em/cryo2structdata-3A/full/11875/7ar7.pdb,T,84,32222,/mnt/main0/projects/hypernetworks-for-cryo-em/cryo2structdata-3A/full/32222/7vz8.pdb,X,88,0.506
homolog,20605,/mnt/main0/projects/hypernetworks-for-cryo-em/cryo2structdata-3A/full/20605/6u0l.pdb,J,213,23875,/mnt/main0/projects/hypernetworks-for-cryo-em/cryo2structdata-3A/full/23875/7mjj.pdb,D,244,0.314
homolog,31837,/mnt/main0/projects/hypernetworks-for-cryo-em/cryo2structdata-3A/full/31837/7vad.pdb,L,219,33023,/mnt/main0/projects/hypernetworks-for-cryo-em/cryo2structdata-3A/full/33023/7x6l.pdb,J,214,0.600
homolog,20605,/mnt/main0/projects/hypernetworks-for-cryo-em/cryo2structdata-3A/full/20605/6u0l.pdb,J,213,33123,/mnt/main0/projects/hypernetworks-for-cryo-em/cryo2structdata-3A/full/33123/7xck.pdb,B,214,0.436
homolog,25376,/mnt/main0/projects/hypernetworks-for-cryo-em/cryo2structdata-3A/full/25376/7sq1.pdb,A,122,30488,/mnt/main0/projects/hypernetworks-for-cryo-em/cryo2structdata-3A/full/30488/7cwu.pdb,J,120,0.432
homolog,32209,/mnt/main0/projects/hypernetworks-for-cryo-em/cryo2structdata-3A/full/32209/7vym.pdb,A,284,9644,/mnt/main0/projects/hypernetworks-for-cryo-em/cryo2structdata-3A/full/9644/6aku.pdb,A,298,0.372
homolog,12377,/mnt/main0/projects/hypernetworks-for-cryo-em/cryo2structdata-3A/full/12377/7njk.pdb,A,548,4834,/mnt/main0/projects/hypernetworks-for-cryo-em/cryo2structdata-3A/full/4834/6rdx.pdb,T,562,0.570
homolog,23868,/mnt/main0/projects/hypernetworks-for-cryo-em/cryo2structdata-3A/full/23868/7miy.pdb,C,484,9869,/mnt/main0/projects/hypernetworks-for-cryo-em/cryo2structdata-3A/full/9869/6jpb.pdb,B,450,0.600
homolog,33452,/mnt/main0/projects/hypernetworks-for-cryo-em/cryo2structdata-3A/full/33452/7xtq.pdb,A,394,35358,/mnt/main0/projects/hypernetworks-for-cryo-em/cryo2structdata-3A/full/35358/8id6.pdb,A,354,0.398
homolog,11878,/mnt/main0/projects/hypernetworks-for-cryo-em/cryo2structdata-3A/full/11878/7arb.pdb,M,495,12652,/mnt/main0/projects/hypernetworks-for-cryo-em/cryo2structdata-3A/full/12652/7nyh.pdb,M,509,0.364
homolog,13239,/mnt/main0/projects/hypernetworks-for-cryo-em/cryo2structdata-3A/full/13239/7p7l.pdb,F,439,32255,/mnt/main0/projects/hypernetworks-for-cryo-em/cryo2structdata-3A/full/32255/7w1t.pdb,A,433,0.421
homolog,21521,/mnt/main0/projects/hypernetworks-for-cryo-em/cryo2structdata-3A/full/21521/6w21.pdb,G,207,31171,/mnt/main0/projects/hypernetworks-for-cryo-em/cryo2structdata-3A/full/31171/7eko.pdb,B,238,0.566
homolog,22749,/mnt/main0/projects/hypernetworks-for-cryo-em/cryo2structdata-3A/full/22749/7k9i.pdb,L,109,25040,/mnt/main0/projects/hypernetworks-for-cryo-em/cryo2structdata-3A/full/25040/7sco.pdb,F,108,0.403
homolog,13202,/mnt/main0/projects/hypernetworks-for-cryo-em/cryo2structdata-3A/full/13202/7p5v.pdb,G,144,34585,/mnt/main0/projects/hypernetworks-for-cryo-em/cryo2structdata-3A/full/34585/8ha0.pdb,N,140,0.575
homolog,32999,/mnt/main0/projects/hypernetworks-for-cryo-em/cryo2structdata-3A/full/32999/7x42.pdb,C,238,9611,/mnt/main0/projects/hypernetworks-for-cryo-em/cryo2structdata-3A/full/9611/6adr.pdb,C,239,0.311
homolog,30487,/mnt/main0/projects/hypernetworks-for-cryo-em/cryo2structdata-3A/full/30487/7cwt.pdb,H,109,32516,/mnt/main0/projects/hypernetworks-for-cryo-em/cryo2structdata-3A/full/32516/7whz.pdb,D,107,0.523
homolog,0485,/mnt/main0/projects/hypernetworks-for-cryo-em/cryo2structdata-3A/full/0485/6nqd.pdb,C,244,26431,/mnt/main0/projects/hypernetworks-for-cryo-em/cryo2structdata-3A/full/26431/7uar.pdb,E,216,0.318
homolog,22820,/mnt/main0/projects/hypernetworks-for-cryo-em/cryo2structdata-3A/full/22820/7kde.pdb,P,215,32437,/mnt/main0/projects/hypernetworks-for-cryo-em/cryo2structdata-3A/full/32437/7wdf.pdb,E,215,0.548
homolog,23914,/mnt/main0/projects/hypernetworks-for-cryo-em/cryo2structdata-3A/full/23914/7mlz.pdb,L,215,31683,/mnt/main0/projects/hypernetworks-for-cryo-em/cryo2structdata-3A/full/31683/7v3l.pdb,D,226,0.314
homolog,26711,/mnt/main0/projects/hypernetworks-for-cryo-em/cryo2structdata-3A/full/26711/7urf.pdb,O,250,26884,/mnt/main0/projects/hypernetworks-for-cryo-em/cryo2structdata-3A/full/26884/7uza.pdb,L,218,0.308
homolog,22337,/mnt/main0/projects/hypernetworks-for-cryo-em/cryo2structdata-3A/full/22337/7jhh.pdb,N,159,25162,/mnt/main0/projects/hypernetworks-for-cryo-em/cryo2structdata-3A/full/25162/7sjn.pdb,D,117,0.453
homolog,11989,/mnt/main0/projects/hypernetworks-for-cryo-em/cryo2structdata-3A/full/11989/7b2p.pdb,D,140,14910,/mnt/main0/projects/hypernetworks-for-cryo-em/cryo2structdata-3A/full/14910/7zrc.pdb,G,108,0.333
homolog,20608,/mnt/main0/projects/hypernetworks-for-cryo-em/cryo2structdata-3A/full/20608/6u0n.pdb,J,213,32962,/mnt/main0/projects/hypernetworks-for-cryo-em/cryo2structdata-3A/full/32962/7x29.pdb,G,212,0.431
homolog,20150,/mnt/main0/projects/hypernetworks-for-cryo-em/cryo2structdata-3A/full/20150/6opn.pdb,B,153,25676,/mnt/main0/projects/hypernetworks-for-cryo-em/cryo2structdata-3A/full/25676/7t4g.pdb,B,159,0.532
homolog,12366,/mnt/main0/projects/hypernetworks-for-cryo-em/cryo2structdata-3A/full/12366/7niv.pdb,C,241,20795,/mnt/main0/projects/hypernetworks-for-cryo-em/cryo2structdata-3A/full/20795/6ujb.pdb,E,212,0.550
homolog,24897,/mnt/main0/projects/hypernetworks-for-cryo-em/cryo2structdata-3A/full/24897/7s8m.pdb,B,354,32425,/mnt/main0/projects/hypernetworks-for-cryo-em/cryo2structdata-3A/full/32425/7wcn.pdb,A,394,0.411
homolog,24680,/mnt/main0/projects/hypernetworks-for-cryo-em/cryo2structdata-3A/full/24680/7rtb.pdb,A,394,33636,/mnt/main0/projects/hypernetworks-for-cryo-em/cryo2structdata-3A/full/33636/7y67.pdb,A,354,0.403
homolog,23708,/mnt/main0/projects/hypernetworks-for-cryo-em/cryo2structdata-3A/full/23708/7m74.pdb,H,228,30524,/mnt/main0/projects/hypernetworks-for-cryo-em/cryo2structdata-3A/full/30524/7d03.pdb,L,217,0.341
homolog,22128,/mnt/main0/projects/hypernetworks-for-cryo-em/cryo2structdata-3A/full/22128/6xcn.pdb,B,230,25685,/mnt/main0/projects/hypernetworks-for-cryo-em/cryo2structdata-3A/full/25685/7t4q.pdb,K,237,0.302
homolog,20812,/mnt/main0/projects/hypernetworks-for-cryo-em/cryo2structdata-3A/full/20812/6ukt.pdb,D,134,31515,/mnt/main0/projects/hypernetworks-for-cryo-em/cryo2structdata-3A/full/31515/7fbi.pdb,H,111,0.479
homolog,32425,/mnt/main0/projects/hypernetworks-for-cryo-em/cryo2structdata-3A/full/32425/7wcn.pdb,N,138,32984,/mnt/main0/projects/hypernetworks-for-cryo-em/cryo2structdata-3A/full/32984/7x3d.pdb,H,124,0.589
homolog,21460,/mnt/main0/projects/hypernetworks-for-cryo-em/cryo2structdata-3A/full/21460/6vyh.pdb,C,213,25685,/mnt/main0/projects/hypernetworks-for-cryo-em/cryo2structdata-3A/full/25685/7t4q.pdb,G,240,0.427
homolog,15365,/mnt/main0/projects/hypernetworks-for-cryo-em/cryo2structdata-3A/full/15365/8adn.pdb,B,231,23508,/mnt/main0/projects/hypernetworks-for-cryo-em/cryo2structdata-3A/full/23508/7lsx.pdb,C,258,0.363
homolog,20538,/mnt/main0/projects/hypernetworks-for-cryo-em/cryo2structdata-3A/full/20538/6pzw.pdb,E,216,30530,/mnt/main0/projects/hypernetworks-for-cryo-em/cryo2structdata-3A/full/30530/7d0c.pdb,G,219,0.350
homolog,24347,/mnt/main0/projects/hypernetworks-for-cryo-em/cryo2structdata-3A/full/24347/7ra8.pdb,C,126,32983,/mnt/main0/projects/hypernetworks-for-cryo-em/cryo2structdata-3A/full/32983/7x3c.pdb,H,118,0.580
homolog,0871,/mnt/main0/projects/hypernetworks-for-cryo-em/cryo2structdata-3A/full/0871/6lbq.pdb,C,231,15543,/mnt/main0/projects/hypernetworks-for-cryo-em/cryo2structdata-3A/full/15543/8anw.pdb,C,238,0.588
homolog,22492,/mnt/main0/projects/hypernetworks-for-cryo-em/cryo2structdata-3A/full/22492/7jv4.pdb,D,120,23361,/mnt/main0/projects/hypernetworks-for-cryo-em/cryo2structdata-3A/full/23361/7li6.pdb,B,118,0.483
homolog,11840,/mnt/main0/projects/hypernetworks-for-cryo-em/cryo2structdata-3A/full/11840/7aoc.pdb,F,142,12612,/mnt/main0/projects/hypernetworks-for-cryo-em/cryo2structdata-3A/full/12612/7nvt.pdb,F,127,0.517
homolog,25587,/mnt/main0/projects/hypernetworks-for-cryo-em/cryo2structdata-3A/full/25587/7t11.pdb,A,354,33228,/mnt/main0/projects/hypernetworks-for-cryo-em/cryo2structdata-3A/full/33228/7xji.pdb,A,380,0.374
homolog,23801,/mnt/main0/projects/hypernetworks-for-cryo-em/cryo2structdata-3A/full/23801/7mep.pdb,H,129,33049,/mnt/main0/projects/hypernetworks-for-cryo-em/cryo2structdata-3A/full/33049/7x7v.pdb,H,121,0.534
homolog,31031,/mnt/main0/projects/hypernetworks-for-cryo-em/cryo2structdata-3A/full/31031/7e9g.pdb,E,124,34041,/mnt/main0/projects/hypernetworks-for-cryo-em/cryo2structdata-3A/full/34041/7yr0.pdb,C,126,0.436
homolog,32859,/mnt/main0/projects/hypernetworks-for-cryo-em/cryo2structdata-3A/full/32859/7wvv.pdb,R,513,34983,/mnt/main0/projects/hypernetworks-for-cryo-em/cryo2structdata-3A/full/34983/8hs2.pdb,R,459,0.397
homolog,12608,/mnt/main0/projects/hypernetworks-for-cryo-em/cryo2structdata-3A/full/12608/7nvo.pdb,N,129,24347,/mnt/main0/projects/hypernetworks-for-cryo-em/cryo2structdata-3A/full/24347/7ra8.pdb,C,126,0.433
homolog,22839,/mnt/main0/projects/hypernetworks-for-cryo-em/cryo2structdata-3A/full/22839/7kej.pdb,J,231,23254,/mnt/main0/projects/hypernetworks-for-cryo-em/cryo2structdata-3A/full/23254/7lbg.pdb,F,250,0.316
homolog,10124,/mnt/main0/projects/hypernetworks-for-cryo-em/cryo2structdata-3A/full/10124/6s8j.pdb,L,218,30530,/mnt/main0/projects/hypernetworks-for-cryo-em/cryo2structdata-3A/full/30530/7d0c.pdb,F,215,0.450
homolog,10323,/mnt/main0/projects/hypernetworks-for-cryo-em/cryo2structdata-3A/full/10323/6swd.pdb,A,199,11276,/mnt/main0/projects/hypernetworks-for-cryo-em/cryo2structdata-3A/full/11276/6zlw.pdb,C,264,0.316
homolog,13190,/mnt/main0/projects/hypernetworks-for-cryo-em/cryo2structdata-3A/full/13190/7p40.pdb,B,215,22128,/mnt/main0/projects/hypernetworks-for-cryo-em/cryo2structdata-3A/full/22128/6xcn.pdb,B,230,0.320
homolog,24697,/mnt/main0/projects/hypernetworks-for-cryo-em/cryo2structdata-3A/full/24697/7ru5.pdb,E,107,30247,/mnt/main0/projects/hypernetworks-for-cryo-em/cryo2structdata-3A/full/30247/7byr.pdb,H,126,0.306
homolog,26936,/mnt/main0/projects/hypernetworks-for-cryo-em/cryo2structdata-3A/full/26936/7v05.pdb,A,226,32562,/mnt/main0/projects/hypernetworks-for-cryo-em/cryo2structdata-3A/full/32562/7wk8.pdb,C,217,0.528
homolog,13985,/mnt/main0/projects/hypernetworks-for-cryo-em/cryo2structdata-3A/full/13985/7qia.pdb,C,119,34038,/mnt/main0/projects/hypernetworks-for-cryo-em/cryo2structdata-3A/full/34038/7yqx.pdb,H,126,0.420
homolog,30316,/mnt/main0/projects/hypernetworks-for-cryo-em/cryo2structdata-3A/full/30316/7c9t.pdb,B,261,6829,/mnt/main0/projects/hypernetworks-for-cryo-em/cryo2structdata-3A/full/6829/5yhq.pdb,B,325,0.511
homolog,11608,/mnt/main0/projects/hypernetworks-for-cryo-em/cryo2structdata-3A/full/11608/7a1g.pdb,O,312,4353,/mnt/main0/projects/hypernetworks-for-cryo-em/cryo2structdata-3A/full/4353/6g5i.pdb,g,317,0.538
homolog,22112,/mnt/main0/projects/hypernetworks-for-cryo-em/cryo2structdata-3A/full/22112/6x9v.pdb,L,128,23545,/mnt/main0/projects/hypernetworks-for-cryo-em/cryo2structdata-3A/full/23545/7lwd.pdb,L,110,0.440
homolog,14991,/mnt/main0/projects/hypernetworks-for-cryo-em/cryo2structdata-3A/full/14991/7zw1.pdb,C,132,31555,/mnt/main0/projects/hypernetworks-for-cryo-em/cryo2structdata-3A/full/31555/7fei.pdb,L,123,0.339
homolog,15543,/mnt/main0/projects/hypernetworks-for-cryo-em/cryo2structdata-3A/full/15543/8anw.pdb,C,238,25772,/mnt/main0/projects/hypernetworks-for-cryo-em/cryo2structdata-3A/full/25772/7taf.pdb,C,247,0.430
homolog,21921,/mnt/main0/projects/hypernetworks-for-cryo-em/cryo2structdata-3A/full/21921/6wvk.pdb,A,314,24424,/mnt/main0/projects/hypernetworks-for-cryo-em/cryo2structdata-3A/full/24424/7rdq.pdb,A,315,0.460
homolog,15971,/mnt/main0/projects/hypernetworks-for-cryo-em/cryo2structdata-3A/full/15971/8bcz.pdb,D,107,25196,/mnt/main0/projects/hypernetworks-for-cryo-em/cryo2structdata-3A/full/25196/7sla.pdb,B,126,0.305
homolog,32501,/mnt/main0/projects/hypernetworks-for-cryo-em/cryo2structdata-3A/full/32501/7whj.pdb,F,120,33048,/mnt/main0/projects/hypernetworks-for-cryo-em/cryo2structdata-3A/full/33048/7x7u.pdb,H,121,0.455
homolog,14850,/mnt/main0/projects/hypernetworks-for-cryo-em/cryo2structdata-3A/full/14850/7zp8.pdb,c,273,31398,/mnt/main0/projects/hypernetworks-for-cryo-em/cryo2structdata-3A/full/31398/7f0d.pdb,C,280,0.560
homolog,25008,/mnt/main0/projects/hypernetworks-for-cryo-em/cryo2structdata-3A/full/25008/7sc1.pdb,H,224,30521,/mnt/main0/projects/hypernetworks-for-cryo-em/cryo2structdata-3A/full/30521/7czy.pdb,K,220,0.311
homolog,24237,/mnt/main0/projects/hypernetworks-for-cryo-em/cryo2structdata-3A/full/24237/7n8i.pdb,L,106,25366,/mnt/main0/projects/hypernetworks-for-cryo-em/cryo2structdata-3A/full/25366/7sp6.pdb,B,134,0.327
homolog,15971,/mnt/main0/projects/hypernetworks-for-cryo-em/cryo2structdata-3A/full/15971/8bcz.pdb,D,107,33831,/mnt/main0/projects/hypernetworks-for-cryo-em/cryo2structdata-3A/full/33831/7yhk.pdb,F,117,0.350
homolog,33000,/mnt/main0/projects/hypernetworks-for-cryo-em/cryo2structdata-3A/full/33000/7x46.pdb,H,119,33345,/mnt/main0/projects/hypernetworks-for-cryo-em/cryo2structdata-3A/full/33345/7xod.pdb,T,124,0.450
homolog,20458,/mnt/main0/projects/hypernetworks-for-cryo-em/cryo2structdata-3A/full/20458/6psf.pdb,C,265,32998,/mnt/main0/projects/hypernetworks-for-cryo-em/cryo2structdata-3A/full/32998/7x40.pdb,B,263,0.515
homolog,25821,/mnt/main0/projects/hypernetworks-for-cryo-em/cryo2structdata-3A/full/25821/7td2.pdb,A,379,26197,/mnt/main0/projects/hypernetworks-for-cryo-em/cryo2structdata-3A/full/26197/7tyx.pdb,A,394,0.408
homolog,15836,/mnt/main0/projects/hypernetworks-for-cryo-em/cryo2structdata-3A/full/15836/8b41.pdb,G,118,15971,/mnt/main0/projects/hypernetworks-for-cryo-em/cryo2structdata-3A/full/15971/8bcz.pdb,A,119,0.467
homolog,12597,/mnt/main0/projects/hypernetworks-for-cryo-em/cryo2structdata-3A/full/12597/7nuo.pdb,3,232,32207,/mnt/main0/projects/hypernetworks-for-cryo-em/cryo2structdata-3A/full/32207/7vyk.pdb,C,238,0.519
homolog,12795,/mnt/main0/projects/hypernetworks-for-cryo-em/cryo2structdata-3A/full/12795/7ob9.pdb,H,150,31306,/mnt/main0/projects/hypernetworks-for-cryo-em/cryo2structdata-3A/full/31306/7eu1.pdb,H,146,0.482
homolog,11617,/mnt/main0/projects/hypernetworks-for-cryo-em/cryo2structdata-3A/full/11617/7a29.pdb,D,114,32739,/mnt/main0/projects/hypernetworks-for-cryo-em/cryo2structdata-3A/full/32739/7ws0.pdb,D,108,0.307
homolog,10118,/mnt/main0/projects/hypernetworks-for-cryo-em/cryo2structdata-3A/full/10118/6s8d.pdb,L,218,22031,/mnt/main0/projects/hypernetworks-for-cryo-em/cryo2structdata-3A/full/22031/6x3s.pdb,I,213,0.440
homolog,23898,/mnt/main0/projects/hypernetworks-for-cryo-em/cryo2structdata-3A/full/23898/7mkl.pdb,L,105,32676,/mnt/main0/projects/hypernetworks-for-cryo-em/cryo2structdata-3A/full/32676/7wp6.pdb,D,118,0.304
homolog,32652,/mnt/main0/projects/hypernetworks-for-cryo-em/cryo2structdata-3A/full/32652/7won.pdb,H,131,34038,/mnt/main0/projects/hypernetworks-for-cryo-em/cryo2structdata-3A/full/34038/7yqx.pdb,H,126,0.476
homolog,12606,/mnt/main0/projects/hypernetworks-for-cryo-em/cryo2structdata-3A/full/12606/7nvm.pdb,B,535,32823,/mnt/main0/projects/hypernetworks-for-cryo-em/cryo2structdata-3A/full/32823/7wu7.pdb,A,556,0.352
homolog,31515,/mnt/main0/projects/hypernetworks-for-cryo-em/cryo2structdata-3A/full/31515/7fbi.pdb,N,119,31624,/mnt/main0/projects/hypernetworks-for-cryo-em/cryo2structdata-3A/full/31624/7fjn.pdb,H,117,0.400
homolog,31978,/mnt/main0/projects/hypernetworks-for-cryo-em/cryo2structdata-3A/full/31978/7vgs.pdb,D,229,32718,/mnt/main0/projects/hypernetworks-for-cryo-em/cryo2structdata-3A/full/32718/7wr8.pdb,A,260,0.534
homolog,12314,/mnt/main0/projects/hypernetworks-for-cryo-em/cryo2structdata-3A/full/12314/7ngh.pdb,D,144,32039,/mnt/main0/projects/hypernetworks-for-cryo-em/cryo2structdata-3A/full/32039/7vnd.pdb,D,118,0.595
homolog,26925,/mnt/main0/projects/hypernetworks-for-cryo-em/cryo2structdata-3A/full/26925/7v01.pdb,I,128,9659,/mnt/main0/projects/hypernetworks-for-cryo-em/cryo2structdata-3A/full/9659/6ifz.pdb,C,126,0.353
homolog,0917,/mnt/main0/projects/hypernetworks-for-cryo-em/cryo2structdata-3A/full/0917/6lmk.pdb,A,394,20180,/mnt/main0/projects/hypernetworks-for-cryo-em/cryo2structdata-3A/full/20180/6os9.pdb,A,354,0.398
homolog,25686,/mnt/main0/projects/hypernetworks-for-cryo-em/cryo2structdata-3A/full/25686/7t4r.pdb,J,257,30512,/mnt/main0/projects/hypernetworks-for-cryo-em/cryo2structdata-3A/full/30512/7czp.pdb,L,216,0.312
homolog,24733,/mnt/main0/projects/hypernetworks-for-cryo-em/cryo2structdata-3A/full/24733/7ryc.pdb,D,326,7869,/mnt/main0/projects/hypernetworks-for-cryo-em/cryo2structdata-3A/full/7869/6ddf.pdb,A,354,0.343
homolog,11241,/mnt/main0/projects/hypernetworks-for-cryo-em/cryo2structdata-3A/full/11241/6zk9.pdb,1,464,12655,/mnt/main0/projects/hypernetworks-for-cryo-em/cryo2structdata-3A/full/12655/7nyv.pdb,F,445,0.443
homolog,31461,/mnt/main0/projects/hypernetworks-for-cryo-em/cryo2structdata-3A/full/31461/7f58.pdb,A,380,33889,/mnt/main0/projects/hypernetworks-for-cryo-em/cryo2structdata-3A/full/33889/7yk7.pdb,I,355,0.416
homolog,23694,/mnt/main0/projects/hypernetworks-for-cryo-em/cryo2structdata-3A/full/23694/7m6f.pdb,D,217,26738,/mnt/main0/projects/hypernetworks-for-cryo-em/cryo2structdata-3A/full/26738/7usl.pdb,L,213,0.466
homolog,23052,/mnt/main0/projects/hypernetworks-for-cryo-em/cryo2structdata-3A/full/23052/7kwg.pdb,g,156,23666,/mnt/main0/projects/hypernetworks-for-cryo-em/cryo2structdata-3A/full/23666/7m4u.pdb,g,156,0.538
homolog,23361,/mnt/main0/projects/hypernetworks-for-cryo-em/cryo2structdata-3A/full/23361/7li6.pdb,B,118,25263,/mnt/main0/projects/hypernetworks-for-cryo-em/cryo2structdata-3A/full/25263/7so9.pdb,D,104,0.307
homolog,25126,/mnt/main0/projects/hypernetworks-for-cryo-em/cryo2structdata-3A/full/25126/7shf.pdb,D,353,32008,/mnt/main0/projects/hypernetworks-for-cryo-em/cryo2structdata-3A/full/32008/7vig.pdb,A,357,0.524
homolog,13202,/mnt/main0/projects/hypernetworks-for-cryo-em/cryo2structdata-3A/full/13202/7p5v.pdb,G,144,32676,/mnt/main0/projects/hypernetworks-for-cryo-em/cryo2structdata-3A/full/32676/7wp6.pdb,D,118,0.457
homolog,23780,/mnt/main0/projects/hypernetworks-for-cryo-em/cryo2structdata-3A/full/23780/7mdu.pdb,H,116,25162,/mnt/main0/projects/hypernetworks-for-cryo-em/cryo2structdata-3A/full/25162/7sjn.pdb,D,117,0.461
homolog,11988,/mnt/main0/projects/hypernetworks-for-cryo-em/cryo2structdata-3A/full/11988/7b2m.pdb,D,135,24236,/mnt/main0/projects/hypernetworks-for-cryo-em/cryo2structdata-3A/full/24236/7n8h.pdb,E,122,0.377
homolog,22037,/mnt/main0/projects/hypernetworks-for-cryo-em/cryo2structdata-3A/full/22037/6x3z.pdb,I,213,22102,/mnt/main0/projects/hypernetworks-for-cryo-em/cryo2structdata-3A/full/22102/6x96.pdb,F,242,0.472
homolog,11614,/mnt/main0/projects/hypernetworks-for-cryo-em/cryo2structdata-3A/full/11614/7a23.pdb,K,100,32464,/mnt/main0/projects/hypernetworks-for-cryo-em/cryo2structdata-3A/full/32464/7wff.pdb,E,101,0.418
homolog,11248,/mnt/main0/projects/hypernetworks-for-cryo-em/cryo2structdata-3A/full/11248/6zkg.pdb,g,140,11878,/mnt/main0/projects/hypernetworks-for-cryo-em/cryo2structdata-3A/full/11878/7arb.pdb,W,133,0.324
homolog,25367,/mnt/main0/projects/hypernetworks-for-cryo-em/cryo2structdata-3A/full/25367/7sp7.pdb,B,134,33151,/mnt/main0/projects/hypernetworks-for-cryo-em/cryo2structdata-3A/full/33151/7xdl.pdb,J,105,0.305
homolog,12239,/mnt/main0/projects/hypernetworks-for-cryo-em/cryo2structdata-3A/full/12239/7bod.pdb,K,129,32806,/mnt/main0/projects/hypernetworks-for-cryo-em/cryo2structdata-3A/full/32806/7wtz.pdb,O,151,0.411
homolog,10798,/mnt/main0/projects/hypernetworks-for-cryo-em/cryo2structdata-3A/full/10798/6yez.pdb,2,208,12180,/mnt/main0/projects/hypernetworks-for-cryo-em/cryo2structdata-3A/full/12180/7bgi.pdb,5,227,0.482
homolog,30249,/mnt/main0/projects/hypernetworks-for-cryo-em/cryo2structdata-3A/full/30249/7bz2.pdb,N,161,33047,/mnt/main0/projects/hypernetworks-for-cryo-em/cryo2structdata-3A/full/33047/7x7t.pdb,H,121,0.412
homolog,21922,/mnt/main0/projects/hypernetworks-for-cryo-em/cryo2structdata-3A/full/21922/6wvl.pdb,A,451,21924,/mnt/main0/projects/hypernetworks-for-cryo-em/cryo2structdata-3A/full/21924/6wvr.pdb,B,445,0.404
homolog,25478,/mnt/main0/projects/hypernetworks-for-cryo-em/cryo2structdata-3A/full/25478/7swp.pdb,L,217,28885,/mnt/main0/projects/hypernetworks-for-cryo-em/cryo2structdata-3A/full/28885/8f6j.pdb,D,238,0.354
homolog,28523,/mnt/main0/projects/hypernetworks-for-cryo-em/cryo2structdata-3A/full/28523/8epa.pdb,B,214,32684,/mnt/main0/projects/hypernetworks-for-cryo-em/cryo2structdata-3A/full/32684/7wpe.pdb,U,237,0.319
homolog,0196,/mnt/main0/projects/hypernetworks-for-cryo-em/cryo2structdata-3A/full/0196/6hco.pdb,D,221,22734,/mnt/main0/projects/hypernetworks-for-cryo-em/cryo2structdata-3A/full/22734/7k8x.pdb,F,216,0.311
homolog,23023,/mnt/main0/projects/hypernetworks-for-cryo-em/cryo2structdata-3A/full/23023/7ksq.pdb,4,203,6932,/mnt/main0/projects/hypernetworks-for-cryo-em/cryo2structdata-3A/full/6932/5zji.pdb,X,232,0.388
homolog,32553,/mnt/main0/projects/hypernetworks-for-cryo-em/cryo2structdata-3A/full/32553/7wjz.pdb,C,214,32685,/mnt/main0/projects/hypernetworks-for-cryo-em/cryo2structdata-3A/full/32685/7wpf.pdb,S,214,0.421
homolog,31405,/mnt/main0/projects/hypernetworks-for-cryo-em/cryo2structdata-3A/full/31405/7f16.pdb,A,394,32009,/mnt/main0/projects/hypernetworks-for-cryo-em/cryo2structdata-3A/full/32009/7vih.pdb,D,354,0.398
homolog,25034,/mnt/main0/projects/hypernetworks-for-cryo-em/cryo2structdata-3A/full/25034/7scg.pdb,E,259,31391,/mnt/main0/projects/hypernetworks-for-cryo-em/cryo2structdata-3A/full/31391/7ezv.pdb,M,253,0.347
homolog,14846,/mnt/main0/projects/hypernetworks-for-cryo-em/cryo2structdata-3A/full/14846/7zod.pdb,o,117,15204,/mnt/main0/projects/hypernetworks-for-cryo-em/cryo2structdata-3A/full/15204/8a63.pdb,R,119,0.449
homolog,20766,/mnt/main0/projects/hypernetworks-for-cryo-em/cryo2structdata-3A/full/20766/6uh1.pdb,C,242,7635,/mnt/main0/projects/hypernetworks-for-cryo-em/cryo2structdata-3A/full/7635/6cv4.pdb,B,247,0.518
homolog,26439,/mnt/main0/projects/hypernetworks-for-cryo-em/cryo2structdata-3A/full/26439/7ubn.pdb,A,329,33762,/mnt/main0/projects/hypernetworks-for-cryo-em/cryo2structdata-3A/full/33762/7ye2.pdb,A,338,0.515
homolog,21249,/mnt/main0/projects/hypernetworks-for-cryo-em/cryo2structdata-3A/full/21249/6vn7.pdb,A,394,31494,/mnt/main0/projects/hypernetworks-for-cryo-em/cryo2structdata-3A/full/31494/7f8w.pdb,A,353,0.380
homolog,10815,/mnt/main0/projects/hypernetworks-for-cryo-em/cryo2structdata-3A/full/10815/6yj4.pdb,C,293,14277,/mnt/main0/projects/hypernetworks-for-cryo-em/cryo2structdata-3A/full/14277/7r46.pdb,C,266,0.537
homolog,25728,/mnt/main0/projects/hypernetworks-for-cryo-em/cryo2structdata-3A/full/25728/7t6u.pdb,R,390,26314,/mnt/main0/projects/hypernetworks-for-cryo-em/cryo2structdata-3A/full/26314/7u2l.pdb,D,356,0.322
homolog,20812,/mnt/main0/projects/hypernetworks-for-cryo-em/cryo2structdata-3A/full/20812/6ukt.pdb,C,124,24878,/mnt/main0/projects/hypernetworks-for-cryo-em/cryo2structdata-3A/full/24878/7s6k.pdb,D,105,0.326
homolog,23246,/mnt/main0/projects/hypernetworks-for-cryo-em/cryo2structdata-3A/full/23246/7laa.pdb,L,217,30530,/mnt/main0/projects/hypernetworks-for-cryo-em/cryo2structdata-3A/full/30530/7d0c.pdb,F,215,0.452
homolog,22127,/mnt/main0/projects/hypernetworks-for-cryo-em/cryo2structdata-3A/full/22127/6xcm.pdb,L,217,24868,/mnt/main0/projects/hypernetworks-for-cryo-em/cryo2structdata-3A/full/24868/7s6c.pdb,F,236,0.416
homolog,10220,/mnt/main0/projects/hypernetworks-for-cryo-em/cryo2structdata-3A/full/10220/6sk5.pdb,C,230,9643,/mnt/main0/projects/hypernetworks-for-cryo-em/cryo2structdata-3A/full/9643/6akt.pdb,C,240,0.446
homolog,30665,/mnt/main0/projects/hypernetworks-for-cryo-em/cryo2structdata-3A/full/30665/7dfl.pdb,A,351,32950,/mnt/main0/projects/hypernetworks-for-cryo-em/cryo2structdata-3A/full/32950/7x1u.pdb,B,246,0.364
homolog,14251,/mnt/main0/projects/hypernetworks-for-cryo-em/cryo2structdata-3A/full/14251/7r41.pdb,A,115,4872,/mnt/main0/projects/hypernetworks-for-cryo-em/cryo2structdata-3A/full/4872/6rfq.pdb,3,128,0.339
homolog,23283,/mnt/main0/projects/hypernetworks-for-cryo-em/cryo2structdata-3A/full/23283/7ldd.pdb,K,262,31391,/mnt/main0/projects/hypernetworks-for-cryo-em/cryo2structdata-3A/full/31391/7ezv.pdb,H,248,0.534
homolog,23780,/mnt/main0/projects/hypernetworks-for-cryo-em/cryo2structdata-3A/full/23780/7mdu.pdb,E,125,24299,/mnt/main0/projects/hypernetworks-for-cryo-em/cryo2structdata-3A/full/24299/7r7n.pdb,H,126,0.515
homolog,0869,/mnt/main0/projects/hypernetworks-for-cryo-em/cryo2structdata-3A/full/0869/6lbh.pdb,D,216,22731,/mnt/main0/projects/hypernetworks-for-cryo-em/cryo2structdata-3A/full/22731/7k8u.pdb,L,215,0.592
homolog,26162,/mnt/main0/projects/hypernetworks-for-cryo-em/cryo2structdata-3A/full/26162/7txz.pdb,F,218,30516,/mnt/main0/projects/hypernetworks-for-cryo-em/cryo2structdata-3A/full/30516/7czt.pdb,L,222,0.402
homolog,7634,/mnt/main0/projects/hypernetworks-for-cryo-em/cryo2structdata-3A/full/7634/6cv3.pdb,A,297,9675,/mnt/main0/projects/hypernetworks-for-cryo-em/cryo2structdata-3A/full/9675/6iio.pdb,A,297,0.419
homolog,10809,/mnt/main0/projects/hypernetworks-for-cryo-em/cryo2structdata-3A/full/10809/6yhs.pdb,K,116,14121,/mnt/main0/projects/hypernetworks-for-cryo-em/cryo2structdata-3A/full/14121/7qq3.pdb,W,117,0.560
homolog,14302,/mnt/main0/projects/hypernetworks-for-cryo-em/cryo2structdata-3A/full/14302/7r4f.pdb,C,266,4872,/mnt/main0/projects/hypernetworks-for-cryo-em/cryo2structdata-3A/full/4872/6rfq.pdb,G,281,0.555
homolog,22103,/mnt/main0/projects/hypernetworks-for-cryo-em/cryo2structdata-3A/full/22103/6x97.pdb,F,237,30333,/mnt/main0/projects/hypernetworks-for-cryo-em/cryo2structdata-3A/full/30333/7cak.pdb,D,210,0.497
homolog,23023,/mnt/main0/projects/hypernetworks-for-cryo-em/cryo2structdata-3A/full/23023/7ksq.pdb,2,203,30536,/mnt/main0/projects/hypernetworks-for-cryo-em/cryo2structdata-3A/full/30536/7d0j.pdb,1,194,0.409
homolog,13316,/mnt/main0/projects/hypernetworks-for-cryo-em/cryo2structdata-3A/full/13316/7pc2.pdb,G,226,30983,/mnt/main0/projects/hypernetworks-for-cryo-em/cryo2structdata-3A/full/30983/7e3l.pdb,E,215,0.309
homolog,33099,/mnt/main0/projects/hypernetworks-for-cryo-em/cryo2structdata-3A/full/33099/7xau.pdb,B,354,33443,/mnt/main0/projects/hypernetworks-for-cryo-em/cryo2structdata-3A/full/33443/7xt9.pdb,A,394,0.408
homolog,30486,/mnt/main0/projects/hypernetworks-for-cryo-em/cryo2structdata-3A/full/30486/7cws.pdb,L,120,30681,/mnt/main0/projects/hypernetworks-for-cryo-em/cryo2structdata-3A/full/30681/7dhi.pdb,N,157,0.432
homolog,14783,/mnt/main0/projects/hypernetworks-for-cryo-em/cryo2structdata-3A/full/14783/7zlk.pdb,H,120,30221,/mnt/main0/projects/hypernetworks-for-cryo-em/cryo2structdata-3A/full/30221/7bw0.pdb,N,157,0.441
homolog,30519,/mnt/main0/projects/hypernetworks-for-cryo-em/cryo2structdata-3A/full/30519/7czw.pdb,L,217,31838,/mnt/main0/projects/hypernetworks-for-cryo-em/cryo2structdata-3A/full/31838/7vae.pdb,H,249,0.305
homolog,13190,/mnt/main0/projects/hypernetworks-for-cryo-em/cryo2structdata-3A/full/13190/7p40.pdb,C,221,26429,/mnt/main0/projects/hypernetworks-for-cryo-em/cryo2structdata-3A/full/26429/7uap.pdb,L,217,0.309
homolog,14780,/mnt/main0/projects/hypernetworks-for-cryo-em/cryo2structdata-3A/full/14780/7zlh.pdb,H,236,22652,/mnt/main0/projects/hypernetworks-for-cryo-em/cryo2structdata-3A/full/22652/7k37.pdb,G,219,0.311
homolog,26196,/mnt/main0/projects/hypernetworks-for-cryo-em/cryo2structdata-3A/full/26196/7tyw.pdb,A,394,32247,/mnt/main0/projects/hypernetworks-for-cryo-em/cryo2structdata-3A/full/32247/7w0p.pdb,A,356,0.395
homolog,22089,/mnt/main0/projects/hypernetworks-for-cryo-em/cryo2structdata-3A/full/22089/6x87.pdb,B,221,23565,/mnt/main0/projects/hypernetworks-for-cryo-em/cryo2structdata-3A/full/23565/7lx3.pdb,L,213,0.409
homolog,22884,/mnt/main0/projects/hypernetworks-for-cryo-em/cryo2structdata-3A/full/22884/7ki4.pdb,C,214,32959,/mnt/main0/projects/hypernetworks-for-cryo-em/cryo2structdata-3A/full/32959/7x26.pdb,K,212,0.594
homolog,23097,/mnt/main0/projects/hypernetworks-for-cryo-em/cryo2structdata-3A/full/23097/7l09.pdb,K,213,27443,/mnt/main0/projects/hypernetworks-for-cryo-em/cryo2structdata-3A/full/27443/8diu.pdb,C,240,0.412
homolog,0235,/mnt/main0/projects/hypernetworks-for-cryo-em/cryo2structdata-3A/full/0235/6hjp.pdb,H,214,27514,/mnt/main0/projects/hypernetworks-for-cryo-em/cryo2structdata-3A/full/27514/8dls.pdb,L,238,0.457
homolog,31378,/mnt/main0/projects/hypernetworks-for-cryo-em/cryo2structdata-3A/full/31378/7ey5.pdb,L,214,9827,/mnt/main0/projects/hypernetworks-for-cryo-em/cryo2structdata-3A/full/9827/6jhq.pdb,E,213,0.593
homolog,20322,/mnt/main0/projects/hypernetworks-for-cryo-em/cryo2structdata-3A/full/20322/6pe4.pdb,G,213,21844,/mnt/main0/projects/hypernetworks-for-cryo-em/cryo2structdata-3A/full/21844/6wlw.pdb,0,205,0.551
homolog,12595,/mnt/main0/projects/hypernetworks-for-cryo-em/cryo2structdata-3A/full/12595/7num.pdb,3,232,34062,/mnt/main0/projects/hypernetworks-for-cryo-em/cryo2structdata-3A/full/34062/7yrh.pdb,C,242,0.406
homolog,10118,/mnt/main0/projects/hypernetworks-for-cryo-em/cryo2structdata-3A/full/10118/6s8d.pdb,L,218,12587,/mnt/main0/projects/hypernetworks-for-cryo-em/cryo2structdata-3A/full/12587/7ntc.pdb,L,232,0.439
homolog,26125,/mnt/main0/projects/hypernetworks-for-cryo-em/cryo2structdata-3A/full/26125/7ttw.pdb,a,119,4638,/mnt/main0/projects/hypernetworks-for-cryo-em/cryo2structdata-3A/full/4638/6qul.pdb,P,117,0.453
homolog,21872,/mnt/main0/projects/hypernetworks-for-cryo-em/cryo2structdata-3A/full/21872/6wqn.pdb,C,118,6922,/mnt/main0/projects/hypernetworks-for-cryo-em/cryo2structdata-3A/full/6922/5zet.pdb,R,129,0.504
homolog,13131,/mnt/main0/projects/hypernetworks-for-cryo-em/cryo2structdata-3A/full/13131/7ozp.pdb,H,150,4984,/mnt/main0/projects/hypernetworks-for-cryo-em/cryo2structdata-3A/full/4984/6rql.pdb,H,146,0.350
homolog,20190,/mnt/main0/projects/hypernetworks-for-cryo-em/cryo2structdata-3A/full/20190/6ot0.pdb,L,215,31033,/mnt/main0/projects/hypernetworks-for-cryo-em/cryo2structdata-3A/full/31033/7e9n.pdb,H,237,0.304
homolog,12227,/mnt/main0/projects/hypernetworks-for-cryo-em/cryo2structdata-3A/full/12227/7blx.pdb,F,165,30012,/mnt/main0/projects/hypernetworks-for-cryo-em/cryo2structdata-3A/full/30012/6ly5.pdb,f,162,0.593
homolog,34041,/mnt/main0/projects/hypernetworks-for-cryo-em/cryo2structdata-3A/full/34041/7yr0.pdb,C,126,4778,/mnt/main0/projects/hypernetworks-for-cryo-em/cryo2structdata-3A/full/4778/6rak.pdb,C,136,0.428
homolog,0855,/mnt/main0/projects/hypernetworks-for-cryo-em/cryo2structdata-3A/full/0855/6la4.pdb,A,285,12596,/mnt/main0/projects/hypernetworks-for-cryo-em/cryo2structdata-3A/full/12596/7nun.pdb,1,293,0.416
homolog,25982,/mnt/main0/projects/hypernetworks-for-cryo-em/cryo2structdata-3A/full/25982/7tl0.pdb,J,228,31060,/mnt/main0/projects/hypernetworks-for-cryo-em/cryo2structdata-3A/full/31060/7ecy.pdb,E,216,0.549
homolog,26202,/mnt/main0/projects/hypernetworks-for-cryo-em/cryo2structdata-3A/full/26202/7tz5.pdb,L,108,32983,/mnt/main0/projects/hypernetworks-for-cryo-em/cryo2structdata-3A/full/32983/7x3c.pdb,H,118,0.309
homolog,30393,/mnt/main0/projects/hypernetworks-for-cryo-em/cryo2structdata-3A/full/30393/7ckx.pdb,R,453,30410,/mnt/main0/projects/hypernetworks-for-cryo-em/cryo2structdata-3A/full/30410/7cmu.pdb,R,545,0.314
homolog,25776,/mnt/main0/projects/hypernetworks-for-cryo-em/cryo2structdata-3A/full/25776/7taj.pdb,C,247,32250,/mnt/main0/projects/hypernetworks-for-cryo-em/cryo2structdata-3A/full/32250/7w14.pdb,C,238,0.457
homolog,15543,/mnt/main0/projects/hypernetworks-for-cryo-em/cryo2structdata-3A/full/15543/8anw.pdb,A,300,34119,/mnt/main0/projects/hypernetworks-for-cryo-em/cryo2structdata-3A/full/34119/7yv7.pdb,A,297,0.391
homolog,21848,/mnt/main0/projects/hypernetworks-for-cryo-em/cryo2structdata-3A/full/21848/6wm3.pdb,H,226,25998,/mnt/main0/projects/hypernetworks-for-cryo-em/cryo2structdata-3A/full/25998/7tmp.pdb,G,233,0.334
homolog,26163,/mnt/main0/projects/hypernetworks-for-cryo-em/cryo2structdata-3A/full/26163/7ty0.pdb,N,218,31380,/mnt/main0/projects/hypernetworks-for-cryo-em/cryo2structdata-3A/full/31380/7eya.pdb,L,213,0.567
homolog,32398,/mnt/main0/projects/hypernetworks-for-cryo-em/cryo2structdata-3A/full/32398/7wbh.pdb,O,118,32666,/mnt/main0/projects/hypernetworks-for-cryo-em/cryo2structdata-3A/full/32666/7wp1.pdb,H,131,0.530
homolog,22839,/mnt/main0/projects/hypernetworks-for-cryo-em/cryo2structdata-3A/full/22839/7kej.pdb,J,231,26720,/mnt/main0/projects/hypernetworks-for-cryo-em/cryo2structdata-3A/full/26720/7urx.pdb,H,252,0.364
homolog,24318,/mnt/main0/projects/hypernetworks-for-cryo-em/cryo2structdata-3A/full/24318/7r8m.pdb,E,218,3953,/mnt/main0/projects/hypernetworks-for-cryo-em/cryo2structdata-3A/full/3953/6eti.pdb,C,214,0.429
homolog,11720,/mnt/main0/projects/hypernetworks-for-cryo-em/cryo2structdata-3A/full/11720/7ad3.pdb,F,423,31347,/mnt/main0/projects/hypernetworks-for-cryo-em/cryo2structdata-3A/full/31347/7ew4.pdb,B,356,0.365
homolog,27965,/mnt/main0/projects/hypernetworks-for-cryo-em/cryo2structdata-3A/full/27965/8e9i.pdb,D,442,4345,/mnt/main0/projects/hypernetworks-for-cryo-em/cryo2structdata-3A/full/4345/6g2j.pdb,D,463,0.417
homolog,10463,/mnt/main0/projects/hypernetworks-for-cryo-em/cryo2structdata-3A/full/10463/6td5.pdb,K,206,4738,/mnt/main0/projects/hypernetworks-for-cryo-em/cryo2structdata-3A/full/4738/6r70.pdb,J,196,0.398
homolog,10463,/mnt/main0/projects/hypernetworks-for-cryo-em/cryo2structdata-3A/full/10463/6td5.pdb,B,231,4877,/mnt/main0/projects/hypernetworks-for-cryo-em/cryo2structdata-3A/full/4877/6rgq.pdb,D,248,0.430
homolog,0855,/mnt/main0/projects/hypernetworks-for-cryo-em/cryo2structdata-3A/full/0855/6la4.pdb,A,285,20458,/mnt/main0/projects/hypernetworks-for-cryo-em/cryo2structdata-3A/full/20458/6psf.pdb,A,279,0.377
homolog,25730,/mnt/main0/projects/hypernetworks-for-cryo-em/cryo2structdata-3A/full/25730/7t6x.pdb,D,229,32435,/mnt/main0/projects/hypernetworks-for-cryo-em/cryo2structdata-3A/full/32435/7wd9.pdb,E,217,0.476
homolog,13202,/mnt/main0/projects/hypernetworks-for-cryo-em/cryo2structdata-3A/full/13202/7p5v.pdb,G,144,22491,/mnt/main0/projects/hypernetworks-for-cryo-em/cryo2structdata-3A/full/22491/7jv2.pdb,L,110,0.323
homolog,20795,/mnt/main0/projects/hypernetworks-for-cryo-em/cryo2structdata-3A/full/20795/6ujb.pdb,F,219,31391,/mnt/main0/projects/hypernetworks-for-cryo-em/cryo2structdata-3A/full/31391/7ezv.pdb,N,234,0.586
homolog,31448,/mnt/main0/projects/hypernetworks-for-cryo-em/cryo2structdata-3A/full/31448/7f4d.pdb,N,160,33019,/mnt/main0/projects/hypernetworks-for-cryo-em/cryo2structdata-3A/full/33019/7x6a.pdb,G,119,0.472
homolog,24504,/mnt/main0/projects/hypernetworks-for-cryo-em/cryo2structdata-3A/full/24504/7rkv.pdb,F,217,4246,/mnt/main0/projects/hypernetworks-for-cryo-em/cryo2structdata-3A/full/4246/6feq.pdb,D,221,0.320
homolog,11250,/mnt/main0/projects/hypernetworks-for-cryo-em/cryo2structdata-3A/full/11250/6zki.pdb,1,464,13238,/mnt/main0/projects/hypernetworks-for-cryo-em/cryo2structdata-3A/full/13238/7p7k.pdb,F,439,0.443
homolog,25570,/mnt/main0/projects/hypernetworks-for-cryo-em/cryo2structdata-3A/full/25570/7szj.pdb,E,91,33516,/mnt/main0/projects/hypernetworks-for-cryo-em/cryo2structdata-3A/full/33516/7xyb.pdb,E,88,0.546
homolog,30566,/mnt/main0/projects/hypernetworks-for-cryo-em/cryo2structdata-3A/full/30566/7d3s.pdb,A,380,31918,/mnt/main0/projects/hypernetworks-for-cryo-em/cryo2structdata-3A/full/31918/7vdh.pdb,A,354,0.384
homolog,15161,/mnt/main0/projects/hypernetworks-for-cryo-em/cryo2structdata-3A/full/15161/8a57.pdb,K,178,15558,/mnt/main0/projects/hypernetworks-for-cryo-em/cryo2structdata-3A/full/15558/8ap4.pdb,g,177,0.462
homolog,31350,/mnt/main0/projects/hypernetworks-for-cryo-em/cryo2structdata-3A/full/31350/7ewk.pdb,3,222,9955,/mnt/main0/projects/hypernetworks-for-cryo-em/cryo2structdata-3A/full/9955/6kac.pdb,S,289,0.387
homolog,20100,/mnt/main0/projects/hypernetworks-for-cryo-em/cryo2structdata-3A/full/20100/6okp.pdb,N,212,31014,/mnt/main0/projects/hypernetworks-for-cryo-em/cryo2structdata-3A/full/31014/7e8c.pdb,D,221,0.307
homolog,14143,/mnt/main0/projects/hypernetworks-for-cryo-em/cryo2structdata-3A/full/14143/7qtk.pdb,B,228,30702,/mnt/main0/projects/hypernetworks-for-cryo-em/cryo2structdata-3A/full/30702/7dk4.pdb,a,214,0.529
homolog,30287,/mnt/main0/projects/hypernetworks-for-cryo-em/cryo2structdata-3A/full/30287/7c4t.pdb,C,240,7638,/mnt/main0/projects/hypernetworks-for-cryo-em/cryo2structdata-3A/full/7638/6cvb.pdb,B,247,0.497
homolog,25177,/mnt/main0/projects/hypernetworks-for-cryo-em/cryo2structdata-3A/full/25177/7sk9.pdb,E,215,30303,/mnt/main0/projects/hypernetworks-for-cryo-em/cryo2structdata-3A/full/30303/7c80.pdb,L,221,0.554
homolog,13389,/mnt/main0/projects/hypernetworks-for-cryo-em/cryo2structdata-3A/full/13389/7pg9.pdb,D,248,31727,/mnt/main0/projects/hypernetworks-for-cryo-em/cryo2structdata-3A/full/31727/7v5m.pdb,C,261,0.346
homolog,21257,/mnt/main0/projects/hypernetworks-for-cryo-em/cryo2structdata-3A/full/21257/6vo1.pdb,G,118,31556,/mnt/main0/projects/hypernetworks-for-cryo-em/cryo2structdata-3A/full/31556/7fej.pdb,H,126,0.554
homolog,30192,/mnt/main0/projects/hypernetworks-for-cryo-em/cryo2structdata-3A/full/30192/7bu8.pdb,G,132,4779,/mnt/main0/projects/hypernetworks-for-cryo-em/cryo2structdata-3A/full/4779/6ral.pdb,C,136,0.416
homolog,13130,/mnt/main0/projects/hypernetworks-for-cryo-em/cryo2structdata-3A/full/13130/7ozo.pdb,E,210,3958,/mnt/main0/projects/hypernetworks-for-cryo-em/cryo2structdata-3A/full/3958/6eu3.pdb,E,215,0.445
homolog,0894,/mnt/main0/projects/hypernetworks-for-cryo-em/cryo2structdata-3A/full/0894/6lhp.pdb,A,297,10222,/mnt/main0/projects/hypernetworks-for-cryo-em/cryo2structdata-3A/full/10222/6sk7.pdb,A,298,0.396
homolog,13017,/mnt/main0/projects/hypernetworks-for-cryo-em/cryo2structdata-3A/full/13017/7ope.pdb,F,209,30215,/mnt/main0/projects/hypernetworks-for-cryo-em/cryo2structdata-3A/full/30215/7bv8.pdb,D,209,0.507
homolog,23127,/mnt/main0/projects/hypernetworks-for-cryo-em/cryo2structdata-3A/full/23127/7l2f.pdb,G,236,30519,/mnt/main0/projects/hypernetworks-for-cryo-em/cryo2structdata-3A/full/30519/7czw.pdb,L,217,0.336
homolog,22493,/mnt/main0/projects/hypernetworks-for-cryo-em/cryo2structdata-3A/full/22493/7jv5.pdb,N,135,32517,/mnt/main0/projects/hypernetworks-for-cryo-em/cryo2structdata-3A/full/32517/7wi0.pdb,D,107,0.315
homolog,0894,/mnt/main0/projects/hypernetworks-for-cryo-em/cryo2structdata-3A/full/0894/6lhp.pdb,C,242,30321,/mnt/main0/projects/hypernetworks-for-cryo-em/cryo2structdata-3A/full/30321/7c9y.pdb,C,238,0.470
homolog,22509,/mnt/main0/projects/hypernetworks-for-cryo-em/cryo2structdata-3A/full/22509/7jvp.pdb,N,135,31679,/mnt/main0/projects/hypernetworks-for-cryo-em/cryo2structdata-3A/full/31679/7v3h.pdb,G,127,0.464
homolog,11241,/mnt/main0/projects/hypernetworks-for-cryo-em/cryo2structdata-3A/full/11241/6zk9.pdb,e,99,11614,/mnt/main0/projects/hypernetworks-for-cryo-em/cryo2structdata-3A/full/11614/7a23.pdb,Q,97,0.535
homolog,12218,/mnt/main0/projects/hypernetworks-for-cryo-em/cryo2structdata-3A/full/12218/7bl5.pdb,R,103,24950,/mnt/main0/projects/hypernetworks-for-cryo-em/cryo2structdata-3A/full/24950/7sae.pdb,R,102,0.456
homolog,12595,/mnt/main0/projects/hypernetworks-for-cryo-em/cryo2structdata-3A/full/12595/7num.pdb,3,232,32970,/mnt/main0/projects/hypernetworks-for-cryo-em/cryo2structdata-3A/full/32970/7x2t.pdb,C,238,0.510
homolog,11878,/mnt/main0/projects/hypernetworks-for-cryo-em/cryo2structdata-3A/full/11878/7arb.pdb,Q,154,32303,/mnt/main0/projects/hypernetworks-for-cryo-em/cryo2structdata-3A/full/32303/7w4f.pdb,L,125,0.463
homolog,14885,/mnt/main0/projects/hypernetworks-for-cryo-em/cryo2structdata-3A/full/14885/7zr7.pdb,E,109,22699,/mnt/main0/projects/hypernetworks-for-cryo-em/cryo2structdata-3A/full/22699/7k7h.pdb,L,114,0.416
homolog,23836,/mnt/main0/projects/hypernetworks-for-cryo-em/cryo2structdata-3A/full/23836/7mhy.pdb,N,207,30994,/mnt/main0/projects/hypernetworks-for-cryo-em/cryo2structdata-3A/full/30994/7e5s.pdb,D,210,0.595
homolog,25847,/mnt/main0/projects/hypernetworks-for-cryo-em/cryo2structdata-3A/full/25847/7tej.pdb,E,260,8662,/mnt/main0/projects/hypernetworks-for-cryo-em/cryo2structdata-3A/full/8662/5vfo.pdb,H,232,0.328
homolog,11261,/mnt/main0/projects/hypernetworks-for-cryo-em/cryo2structdata-3A/full/11261/6zkt.pdb,e,99,12742,/mnt/main0/projects/hypernetworks-for-cryo-em/cryo2structdata-3A/full/12742/7o71.pdb,f,87,0.349
homolog,23364,/mnt/main0/projects/hypernetworks-for-cryo-em/cryo2structdata-3A/full/23364/7li9.pdb,C,110,32445,/mnt/main0/projects/hypernetworks-for-cryo-em/cryo2structdata-3A/full/32445/7web.pdb,I,107,0.590
homolog,12171,/mnt/main0/projects/hypernetworks-for-cryo-em/cryo2structdata-3A/full/12171/7bg6.pdb,3,236,3747,/mnt/main0/projects/hypernetworks-for-cryo-em/cryo2structdata-3A/full/3747/5o5b.pdb,3,238,0.437
homolog,24504,/mnt/main0/projects/hypernetworks-for-cryo-em/cryo2structdata-3A/full/24504/7rkv.pdb,F,217,26195,/mnt/main0/projects/hypernetworks-for-cryo-em/cryo2structdata-3A/full/26195/7tyv.pdb,E,233,0.418
homolog,14190,/mnt/main0/projects/hypernetworks-for-cryo-em/cryo2structdata-3A/full/14190/7qwp.pdb,A,329,4230,/mnt/main0/projects/hypernetworks-for-cryo-em/cryo2structdata-3A/full/4230/6fbv.pdb,A,347,0.436
homolog,0645,/mnt/main0/projects/hypernetworks-for-cryo-em/cryo2structdata-3A/full/0645/6o7u.pdb,c,213,21348,/mnt/main0/projects/hypernetworks-for-cryo-em/cryo2structdata-3A/full/21348/6vqc.pdb,b,205,0.548
homolog,11811,/mnt/main0/projects/hypernetworks-for-cryo-em/cryo2structdata-3A/full/11811/7ak6.pdb,N,345,14140,/mnt/main0/projects/hypernetworks-for-cryo-em/cryo2structdata-3A/full/14140/7qso.pdb,N,347,0.571
homolog,20466,/mnt/main0/projects/hypernetworks-for-cryo-em/cryo2structdata-3A/full/20466/6psw.pdb,G,329,32063,/mnt/main0/projects/hypernetworks-for-cryo-em/cryo2structdata-3A/full/32063/7vpd.pdb,A,340,0.432
homolog,23093,/mnt/main0/projects/hypernetworks-for-cryo-em/cryo2structdata-3A/full/23093/7kzz.pdb,D,238,25403,/mnt/main0/projects/hypernetworks-for-cryo-em/cryo2structdata-3A/full/25403/7srs.pdb,P,209,0.314
homolog,11321,/mnt/main0/projects/hypernetworks-for-cryo-em/cryo2structdata-3A/full/11321/6zok.pdb,X,143,14581,/mnt/main0/projects/hypernetworks-for-cryo-em/cryo2structdata-3A/full/14581/7zai.pdb,N,147,0.578
homolog,10258,/mnt/main0/projects/hypernetworks-for-cryo-em/cryo2structdata-3A/full/10258/6sni.pdb,L,217,21383,/mnt/main0/projects/hypernetworks-for-cryo-em/cryo2structdata-3A/full/21383/6vtt.pdb,L,217,0.412
homolog,22993,/mnt/main0/projects/hypernetworks-for-cryo-em/cryo2structdata-3A/full/22993/7kqb.pdb,J,214,27024,/mnt/main0/projects/hypernetworks-for-cryo-em/cryo2structdata-3A/full/27024/8cw9.pdb,B,216,0.471
homolog,23816,/mnt/main0/projects/hypernetworks-for-cryo-em/cryo2structdata-3A/full/23816/7mfg.pdb,E,120,33481,/mnt/main0/projects/hypernetworks-for-cryo-em/cryo2structdata-3A/full/33481/8hj2.pdb,N,149,0.468
homolog,20100,/mnt/main0/projects/hypernetworks-for-cryo-em/cryo2structdata-3A/full/20100/6okp.pdb,L,214,23875,/mnt/main0/projects/hypernetworks-for-cryo-em/cryo2structdata-3A/full/23875/7mjj.pdb,E,214,0.410
homolog,32553,/mnt/main0/projects/hypernetworks-for-cryo-em/cryo2structdata-3A/full/32553/7wjz.pdb,C,214,9827,/mnt/main0/projects/hypernetworks-for-cryo-em/cryo2structdata-3A/full/9827/6jhq.pdb,D,221,0.310
homolog,23899,/mnt/main0/projects/hypernetworks-for-cryo-em/cryo2structdata-3A/full/23899/7mkm.pdb,H,113,30895,/mnt/main0/projects/hypernetworks-for-cryo-em/cryo2structdata-3A/full/30895/7dx4.pdb,H,124,0.411
homolog,22032,/mnt/main0/projects/hypernetworks-for-cryo-em/cryo2structdata-3A/full/22032/6x3t.pdb,I,213,23694,/mnt/main0/projects/hypernetworks-for-cryo-em/cryo2structdata-3A/full/23694/7m6f.pdb,D,217,0.474
homolog,25417,/mnt/main0/projects/hypernetworks-for-cryo-em/cryo2structdata-3A/full/25417/7ssz.pdb,E,126,30487,/mnt/main0/projects/hypernetworks-for-cryo-em/cryo2structdata-3A/full/30487/7cwt.pdb,L,120,0.421
homolog,10322,/mnt/main0/projects/hypernetworks-for-cryo-em/cryo2structdata-3A/full/10322/6swc.pdb,L,102,25537,/mnt/main0/projects/hypernetworks-for-cryo-em/cryo2structdata-3A/full/25537/7syq.pdb,V,119,0.420
homolog,22737,/mnt/main0/projects/hypernetworks-for-cryo-em/cryo2structdata-3A/full/22737/7k90.pdb,L,216,23914,/mnt/main0/projects/hypernetworks-for-cryo-em/cryo2structdata-3A/full/23914/7mlz.pdb,L,215,0.437
homolog,22659,/mnt/main0/projects/hypernetworks-for-cryo-em/cryo2structdata-3A/full/22659/7k43.pdb,C,125,26490,/mnt/main0/projects/hypernetworks-for-cryo-em/cryo2structdata-3A/full/26490/7ugn.pdb,J,106,0.324
homolog,11876,/mnt/main0/projects/hypernetworks-for-cryo-em/cryo2structdata-3A/full/11876/7ar8.pdb,Q,154,32205,/mnt/main0/projects/hypernetworks-for-cryo-em/cryo2structdata-3A/full/32205/7vyh.pdb,L,125,0.463
homolog,10543,/mnt/main0/projects/hypernetworks-for-cryo-em/cryo2structdata-3A/full/10543/6tpq.pdb,n,103,15533,/mnt/main0/projects/hypernetworks-for-cryo-em/cryo2structdata-3A/full/15533/8ana.pdb,t,104,0.460
homolog,27440,/mnt/main0/projects/hypernetworks-for-cryo-em/cryo2structdata-3A/full/27440/8dim.pdb,C,240,9294,/mnt/main0/projects/hypernetworks-for-cryo-em/cryo2structdata-3A/full/9294/6myy.pdb,D,233,0.304
homolog,0917,/mnt/main0/projects/hypernetworks-for-cryo-em/cryo2structdata-3A/full/0917/6lmk.pdb,N,138,24697,/mnt/main0/projects/hypernetworks-for-cryo-em/cryo2structdata-3A/full/24697/7ru5.pdb,D,125,0.473
homolog,23792,/mnt/main0/projects/hypernetworks-for-cryo-em/cryo2structdata-3A/full/23792/7mem.pdb,J,107,32516,/mnt/main0/projects/hypernetworks-for-cryo-em/cryo2structdata-3A/full/32516/7whz.pdb,L,110,0.523
homolog,25621,/mnt/main0/projects/hypernetworks-for-cryo-em/cryo2structdata-3A/full/25621/7t2p.pdb,L,232,31014,/mnt/main0/projects/hypernetworks-for-cryo-em/cryo2structdata-3A/full/31014/7e8c.pdb,D,221,0.316
unrelated,32211,/mnt/main0/projects/hypernetworks-for-cryo-em/cryo2structdata-3A/full/32211/7vyq.pdb,A,280,4837,/mnt/main0/projects/hypernetworks-for-cryo-em/cryo2structdata-3A/full/4837/6re0.pdb,4,294,0.000
unrelated,13078,/mnt/main0/projects/hypernetworks-for-cryo-em/cryo2structdata-3A/full/13078/7oui.pdb,c,459,32512,/mnt/main0/projects/hypernetworks-for-cryo-em/cryo2structdata-3A/full/32512/7whv.pdb,B,414,0.000
unrelated,12450,/mnt/main0/projects/hypernetworks-for-cryo-em/cryo2structdata-3A/full/12450/7nky.pdb,I,122,24950,/mnt/main0/projects/hypernetworks-for-cryo-em/cryo2structdata-3A/full/24950/7sae.pdb,Q,119,0.000
unrelated,11765,/mnt/main0/projects/hypernetworks-for-cryo-em/cryo2structdata-3A/full/11765/7afh.pdb,M,118,4638,/mnt/main0/projects/hypernetworks-for-cryo-em/cryo2structdata-3A/full/4638/6qul.pdb,Q,115,0.000
unrelated,4352,/mnt/main0/projects/hypernetworks-for-cryo-em/cryo2structdata-3A/full/4352/6g5h.pdb,Z,125,7774,/mnt/main0/projects/hypernetworks-for-cryo-em/cryo2structdata-3A/full/7774/6cxc.pdb,G,118,0.000
unrelated,12251,/mnt/main0/projects/hypernetworks-for-cryo-em/cryo2structdata-3A/full/12251/7nax.pdb,N,101,6929,/mnt/main0/projects/hypernetworks-for-cryo-em/cryo2structdata-3A/full/6929/5zgb.pdb,E,94,0.000
unrelated,31226,/mnt/main0/projects/hypernetworks-for-cryo-em/cryo2structdata-3A/full/31226/7eo4.pdb,E,247,4877,/mnt/main0/projects/hypernetworks-for-cryo-em/cryo2structdata-3A/full/4877/6rgq.pdb,L,204,0.000
unrelated,30488,/mnt/main0/projects/hypernetworks-for-cryo-em/cryo2structdata-3A/full/30488/7cwu.pdb,J,120,32806,/mnt/main0/projects/hypernetworks-for-cryo-em/cryo2structdata-3A/full/32806/7wtz.pdb,W,130,0.000
unrelated,31040,/mnt/main0/projects/hypernetworks-for-cryo-em/cryo2structdata-3A/full/31040/7ea8.pdb,L,245,32129,/mnt/main0/projects/hypernetworks-for-cryo-em/cryo2structdata-3A/full/32129/7vui.pdb,A,261,0.000
unrelated,22898,/mnt/main0/projects/hypernetworks-for-cryo-em/cryo2structdata-3A/full/22898/7kjr.pdb,C,210,23836,/mnt/main0/projects/hypernetworks-for-cryo-em/cryo2structdata-3A/full/23836/7mhy.pdb,N,207,0.000
unrelated,9934,/mnt/main0/projects/hypernetworks-for-cryo-em/cryo2structdata-3A/full/9934/6k7i.pdb,C,361,9998,/mnt/main0/projects/hypernetworks-for-cryo-em/cryo2structdata-3A/full/9998/6kiu.pdb,R,334,0.000
unrelated,31076,/mnt/main0/projects/hypernetworks-for-cryo-em/cryo2structdata-3A/full/31076/7eeb.pdb,I,216,9670,/mnt/main0/projects/hypernetworks-for-cryo-em/cryo2structdata-3A/full/9670/6igz.pdb,0,245,0.000
unrelated,30783,/mnt/main0/projects/hypernetworks-for-cryo-em/cryo2structdata-3A/full/30783/7dnh.pdb,L,214,33148,/mnt/main0/projects/hypernetworks-for-cryo-em/cryo2structdata-3A/full/33148/7xdi.pdb,E,210,0.000
unrelated,12857,/mnt/main0/projects/hypernetworks-for-cryo-em/cryo2structdata-3A/full/12857/7oe1.pdb,H,129,32801,/mnt/main0/projects/hypernetworks-for-cryo-em/cryo2structdata-3A/full/32801/7wtu.pdb,M,132,0.000
unrelated,0243,/mnt/main0/projects/hypernetworks-for-cryo-em/cryo2structdata-3A/full/0243/6hma.pdb,M,119,23244,/mnt/main0/projects/hypernetworks-for-cryo-em/cryo2structdata-3A/full/23244/7l9p.pdb,X,99,0.000
unrelated,23508,/mnt/main0/projects/hypernetworks-for-cryo-em/cryo2structdata-3A/full/23508/7lsx.pdb,F,234,32265,/mnt/main0/projects/hypernetworks-for-cryo-em/cryo2structdata-3A/full/32265/7w2r.pdb,P,208,0.000
unrelated,23906,/mnt/main0/projects/hypernetworks-for-cryo-em/cryo2structdata-3A/full/23906/7ml2.pdb,O,240,4872,/mnt/main0/projects/hypernetworks-for-cryo-em/cryo2structdata-3A/full/4872/6rfq.pdb,I,229,0.000
unrelated,14781,/mnt/main0/projects/hypernetworks-for-cryo-em/cryo2structdata-3A/full/14781/7zli.pdb,H,236,9358,/mnt/main0/projects/hypernetworks-for-cryo-em/cryo2structdata-3A/full/9358/6neq.pdb,K,197,0.000
unrelated,32187,/mnt/main0/projects/hypernetworks-for-cryo-em/cryo2structdata-3A/full/32187/7vxs.pdb,W,113,32303,/mnt/main0/projects/hypernetworks-for-cryo-em/cryo2structdata-3A/full/32303/7w4f.pdb,H,112,0.000
unrelated,30672,/mnt/main0/projects/hypernetworks-for-cryo-em/cryo2structdata-3A/full/30672/7dge.pdb,C,123,6974,/mnt/main0/projects/hypernetworks-for-cryo-em/cryo2structdata-3A/full/6974/5zwo.pdb,M,126,0.000
unrelated,30833,/mnt/main0/projects/hypernetworks-for-cryo-em/cryo2structdata-3A/full/30833/7dsh.pdb,B,414,7319,/mnt/main0/projects/hypernetworks-for-cryo-em/cryo2structdata-3A/full/7319/6bzo.pdb,A,347,0.000
unrelated,33479,/mnt/main0/projects/hypernetworks-for-cryo-em/cryo2structdata-3A/full/33479/7xv3.pdb,A,361,6805,/mnt/main0/projects/hypernetworks-for-cryo-em/cryo2structdata-3A/full/6805/5y4o.pdb,A,349,0.000
unrelated,11810,/mnt/main0/projects/hypernetworks-for-cryo-em/cryo2structdata-3A/full/11810/7ak5.pdb,B,224,13777,/mnt/main0/projects/hypernetworks-for-cryo-em/cryo2structdata-3A/full/13777/7q21.pdb,E,205,0.000
unrelated,0146,/mnt/main0/projects/hypernetworks-for-cryo-em/cryo2structdata-3A/full/0146/6h67.pdb,N,233,10586,/mnt/main0/projects/hypernetworks-for-cryo-em/cryo2structdata-3A/full/10586/6tu3.pdb,D,254,0.000
unrelated,3947,/mnt/main0/projects/hypernetworks-for-cryo-em/cryo2structdata-3A/full/3947/6esf.pdb,D,122,7109,/mnt/main0/projects/hypernetworks-for-cryo-em/cryo2structdata-3A/full/7109/6bk8.pdb,a,110,0.000
unrelated,24989,/mnt/main0/projects/hypernetworks-for-cryo-em/cryo2structdata-3A/full/24989/7sbv.pdb,H,116,33047,/mnt/main0/projects/hypernetworks-for-cryo-em/cryo2structdata-3A/full/33047/7x7t.pdb,L,111,0.000
unrelated,26966,/mnt/main0/projects/hypernetworks-for-cryo-em/cryo2structdata-3A/full/26966/8csp.pdb,S,190,30852,/mnt/main0/projects/hypernetworks-for-cryo-em/cryo2structdata-3A/full/30852/7dte.pdb,B,200,0.000
unrelated,14140,/mnt/main0/projects/hypernetworks-for-cryo-em/cryo2structdata-3A/full/14140/7qso.pdb,C,266,33416,/mnt/main0/projects/hypernetworks-for-cryo-em/cryo2structdata-3A/full/33416/7xrp.pdb,A,283,0.000
unrelated,21644,/mnt/main0/projects/hypernetworks-for-cryo-em/cryo2structdata-3A/full/21644/6wdr.pdb,W,129,32264,/mnt/main0/projects/hypernetworks-for-cryo-em/cryo2structdata-3A/full/32264/7w2l.pdb,v,131,0.000
unrelated,31561,/mnt/main0/projects/hypernetworks-for-cryo-em/cryo2structdata-3A/full/31561/7fer.pdb,A,202,32372,/mnt/main0/projects/hypernetworks-for-cryo-em/cryo2structdata-3A/full/32372/7w9t.pdb,B,218,0.000
unrelated,27526,/mnt/main0/projects/hypernetworks-for-cryo-em/cryo2structdata-3A/full/27526/8dm4.pdb,L,238,9647,/mnt/main0/projects/hypernetworks-for-cryo-em/cryo2structdata-3A/full/9647/6id1.pdb,P,229,0.000
unrelated,24735,/mnt/main0/projects/hypernetworks-for-cryo-em/cryo2structdata-3A/full/24735/7rye.pdb,F,343,31387,/mnt/main0/projects/hypernetworks-for-cryo-em/cryo2structdata-3A/full/31387/7ezh.pdb,A,354,0.000
unrelated,4738,/mnt/main0/projects/hypernetworks-for-cryo-em/cryo2structdata-3A/full/4738/6r70.pdb,L,213,7348,/mnt/main0/projects/hypernetworks-for-cryo-em/cryo2structdata-3A/full/7348/6c6l.pdb,C,213,0.000
unrelated,32804,/mnt/main0/projects/hypernetworks-for-cryo-em/cryo2structdata-3A/full/32804/7wtx.pdb,X,143,9362,/mnt/main0/projects/hypernetworks-for-cryo-em/cryo2structdata-3A/full/9362/6nf8.pdb,R,143,0.000
unrelated,34308,/mnt/main0/projects/hypernetworks-for-cryo-em/cryo2structdata-3A/full/34308/8gwb.pdb,G,117,4813,/mnt/main0/projects/hypernetworks-for-cryo-em/cryo2structdata-3A/full/4813/6rdc.pdb,5,123,0.000
unrelated,32660,/mnt/main0/projects/hypernetworks-for-cryo-em/cryo2structdata-3A/full/32660/7wov.pdb,D,247,4981,/mnt/main0/projects/hypernetworks-for-cryo-em/cryo2structdata-3A/full/4981/6rqf.pdb,A,215,0.000
unrelated,4837,/mnt/main0/projects/hypernetworks-for-cryo-em/cryo2structdata-3A/full/4837/6re0.pdb,5,123,7774,/mnt/main0/projects/hypernetworks-for-cryo-em/cryo2structdata-3A/full/7774/6cxc.pdb,J,122,0.000
unrelated,22122,/mnt/main0/projects/hypernetworks-for-cryo-em/cryo2structdata-3A/full/22122/6xby.pdb,M,118,9990,/mnt/main0/projects/hypernetworks-for-cryo-em/cryo2structdata-3A/full/9990/6khj.pdb,S,110,0.000
unrelated,22782,/mnt/main0/projects/hypernetworks-for-cryo-em/cryo2structdata-3A/full/22782/7kas.pdb,E,206,25175,/mnt/main0/projects/hypernetworks-for-cryo-em/cryo2structdata-3A/full/25175/7sk7.pdb,C,215,0.000
unrelated,4850,/mnt/main0/projects/hypernetworks-for-cryo-em/cryo2structdata-3A/full/4850/6red.pdb,R,199,9853,/mnt/main0/projects/hypernetworks-for-cryo-em/cryo2structdata-3A/full/9853/6jo5.pdb,2,221,0.000
unrelated,11519,/mnt/main0/projects/hypernetworks-for-cryo-em/cryo2structdata-3A/full/11519/6zxf.pdb,X,143,4984,/mnt/main0/projects/hypernetworks-for-cryo-em/cryo2structdata-3A/full/4984/6rql.pdb,D,137,0.000
unrelated,27972,/mnt/main0/projects/hypernetworks-for-cryo-em/cryo2structdata-3A/full/27972/8ea4.pdb,1,141,33310,/mnt/main0/projects/hypernetworks-for-cryo-em/cryo2structdata-3A/full/33310/7xn4.pdb,D,149,0.000
unrelated,13140,/mnt/main0/projects/hypernetworks-for-cryo-em/cryo2structdata-3A/full/13140/7p00.pdb,A,246,32736,/mnt/main0/projects/hypernetworks-for-cryo-em/cryo2structdata-3A/full/32736/7wrv.pdb,U,237,0.000
unrelated,21927,/mnt/main0/projects/hypernetworks-for-cryo-em/cryo2structdata-3A/full/21927/6ww2.pdb,K,123,27251,/mnt/main0/projects/hypernetworks-for-cryo-em/cryo2structdata-3A/full/27251/8d8l.pdb,F,131,0.000
unrelated,10119,/mnt/main0/projects/hypernetworks-for-cryo-em/cryo2structdata-3A/full/10119/6s8e.pdb,H,313,14302,/mnt/main0/projects/hypernetworks-for-cryo-em/cryo2structdata-3A/full/14302/7r4f.pdb,O,343,0.000
unrelated,11457,/mnt/main0/projects/hypernetworks-for-cryo-em/cryo2structdata-3A/full/11457/6zvi.pdb,k,217,23575,/mnt/main0/projects/hypernetworks-for-cryo-em/cryo2structdata-3A/full/23575/7lxu.pdb,H,252,0.000
unrelated,27514,/mnt/main0/projects/hypernetworks-for-cryo-em/cryo2structdata-3A/full/27514/8dls.pdb,L,238,32312,/mnt/main0/projects/hypernetworks-for-cryo-em/cryo2structdata-3A/full/32312/7w4q.pdb,O,217,0.000
unrelated,26967,/mnt/main0/projects/hypernetworks-for-cryo-em/cryo2structdata-3A/full/26967/8csq.pdb,F,242,4180,/mnt/main0/projects/hypernetworks-for-cryo-em/cryo2structdata-3A/full/4180/6f40.pdb,U,240,0.000
unrelated,13965,/mnt/main0/projects/hypernetworks-for-cryo-em/cryo2structdata-3A/full/13965/7qh6.pdb,6,380,32314,/mnt/main0/projects/hypernetworks-for-cryo-em/cryo2structdata-3A/full/32314/7w55.pdb,A,361,0.000
unrelated,7546,/mnt/main0/projects/hypernetworks-for-cryo-em/cryo2structdata-3A/full/7546/6cp3.pdb,X,249,8662,/mnt/main0/projects/hypernetworks-for-cryo-em/cryo2structdata-3A/full/8662/5vfo.pdb,M,245,0.000
unrelated,12765,/mnt/main0/projects/hypernetworks-for-cryo-em/cryo2structdata-3A/full/12765/7o9w.pdb,C,225,24313,/mnt/main0/projects/hypernetworks-for-cryo-em/cryo2structdata-3A/full/24313/7r8a.pdb,D,234,0.000
unrelated,12655,/mnt/main0/projects/hypernetworks-for-cryo-em/cryo2structdata-3A/full/12655/7nyv.pdb,B,220,4860,/mnt/main0/projects/hypernetworks-for-cryo-em/cryo2structdata-3A/full/4860/6rey.pdb,M,213,0.000
unrelated,20443,/mnt/main0/projects/hypernetworks-for-cryo-em/cryo2structdata-3A/full/20443/6ppo.pdb,C,265,32892,/mnt/main0/projects/hypernetworks-for-cryo-em/cryo2structdata-3A/full/32892/7wyi.pdb,3,298,0.000
unrelated,23254,/mnt/main0/projects/hypernetworks-for-cryo-em/cryo2structdata-3A/full/23254/7lbg.pdb,E,237,30527,/mnt/main0/projects/hypernetworks-for-cryo-em/cryo2structdata-3A/full/30527/7d09.pdb,G,226,0.000
unrelated,30370,/mnt/main0/projects/hypernetworks-for-cryo-em/cryo2structdata-3A/full/30370/7ch7.pdb,C,269,31171,/mnt/main0/projects/hypernetworks-for-cryo-em/cryo2structdata-3A/full/31171/7eko.pdb,B,238,0.000
unrelated,33248,/mnt/main0/projects/hypernetworks-for-cryo-em/cryo2structdata-3A/full/33248/7xkd.pdb,N,128,4810,/mnt/main0/projects/hypernetworks-for-cryo-em/cryo2structdata-3A/full/4810/6rd9.pdb,5,123,0.000
unrelated,14071,/mnt/main0/projects/hypernetworks-for-cryo-em/cryo2structdata-3A/full/14071/7qn9.pdb,L,121,27251,/mnt/main0/projects/hypernetworks-for-cryo-em/cryo2structdata-3A/full/27251/8d8l.pdb,R,138,0.000
unrelated,15971,/mnt/main0/projects/hypernetworks-for-cryo-em/cryo2structdata-3A/full/15971/8bcz.pdb,E,121,32823,/mnt/main0/projects/hypernetworks-for-cryo-em/cryo2structdata-3A/full/32823/7wu7.pdb,6,129,0.000
unrelated,3145,/mnt/main0/projects/hypernetworks-for-cryo-em/cryo2structdata-3A/full/3145/5an9.pdb,D,166,7109,/mnt/main0/projects/hypernetworks-for-cryo-em/cryo2structdata-3A/full/7109/6bk8.pdb,H,175,0.000
unrelated,10322,/mnt/main0/projects/hypernetworks-for-cryo-em/cryo2structdata-3A/full/10322/6swc.pdb,M,137,12921,/mnt/main0/projects/hypernetworks-for-cryo-em/cryo2structdata-3A/full/12921/7oi8.pdb,i,128,0.000
unrelated,25177,/mnt/main0/projects/hypernetworks-for-cryo-em/cryo2structdata-3A/full/25177/7sk9.pdb,E,215,27461,/mnt/main0/projects/hypernetworks-for-cryo-em/cryo2structdata-3A/full/27461/8djm.pdb,H,232,0.000
unrelated,11753,/mnt/main0/projects/hypernetworks-for-cryo-em/cryo2structdata-3A/full/11753/7af5.pdb,C,233,9657,/mnt/main0/projects/hypernetworks-for-cryo-em/cryo2structdata-3A/full/9657/6ifu.pdb,D,220,0.000
unrelated,10798,/mnt/main0/projects/hypernetworks-for-cryo-em/cryo2structdata-3A/full/10798/6yez.pdb,4,198,13083,/mnt/main0/projects/hypernetworks-for-cryo-em/cryo2structdata-3A/full/13083/7ovb.pdb,C,208,0.000
unrelated,14266,/mnt/main0/projects/hypernetworks-for-cryo-em/cryo2structdata-3A/full/14266/7r44.pdb,m,129,4356,/mnt/main0/projects/hypernetworks-for-cryo-em/cryo2structdata-3A/full/4356/6g72.pdb,q,145,0.000
unrelated,14076,/mnt/main0/projects/hypernetworks-for-cryo-em/cryo2structdata-3A/full/14076/7qne.pdb,G,123,35208,/mnt/main0/projects/hypernetworks-for-cryo-em/cryo2structdata-3A/full/35208/8i6v.pdb,A,129,0.000
unrelated,27403,/mnt/main0/projects/hypernetworks-for-cryo-em/cryo2structdata-3A/full/27403/8dfa.pdb,B,290,30806,/mnt/main0/projects/hypernetworks-for-cryo-em/cryo2structdata-3A/full/30806/7dpg.pdb,2,263,0.000
unrelated,12923,/mnt/main0/projects/hypernetworks-for-cryo-em/cryo2structdata-3A/full/12923/7oia.pdb,V,216,24875,/mnt/main0/projects/hypernetworks-for-cryo-em/cryo2structdata-3A/full/24875/7s6d.pdb,F,236,0.000
unrelated,25811,/mnt/main0/projects/hypernetworks-for-cryo-em/cryo2structdata-3A/full/25811/7tcg.pdb,B,261,33000,/mnt/main0/projects/hypernetworks-for-cryo-em/cryo2structdata-3A/full/33000/7x46.pdb,C,238,0.000
unrelated,20966,/mnt/main0/projects/hypernetworks-for-cryo-em/cryo2structdata-3A/full/20966/6v00.pdb,C,355,32331,/mnt/main0/projects/hypernetworks-for-cryo-em/cryo2structdata-3A/full/32331/7w6p.pdb,B,349,0.000
unrelated,31391,/mnt/main0/projects/hypernetworks-for-cryo-em/cryo2structdata-3A/full/31391/7ezv.pdb,M,253,4793,/mnt/main0/projects/hypernetworks-for-cryo-em/cryo2structdata-3A/full/4793/6rbe.pdb,D,240,0.000
unrelated,9939,/mnt/main0/projects/hypernetworks-for-cryo-em/cryo2structdata-3A/full/9939/6k7l.pdb,C,361,9955,/mnt/main0/projects/hypernetworks-for-cryo-em/cryo2structdata-3A/full/9955/6kac.pdb,D,352,0.000
unrelated,4807,/mnt/main0/projects/hypernetworks-for-cryo-em/cryo2structdata-3A/full/4807/6rd6.pdb,P,229,9259,/mnt/main0/projects/hypernetworks-for-cryo-em/cryo2structdata-3A/full/9259/6mux.pdb,B,235,0.000
unrelated,3539,/mnt/main0/projects/hypernetworks-for-cryo-em/cryo2structdata-3A/full/3539/5mps.pdb,K,379,9660,/mnt/main0/projects/hypernetworks-for-cryo-em/cryo2structdata-3A/full/9660/6ig0.pdb,H,357,0.000
unrelated,31434,/mnt/main0/projects/hypernetworks-for-cryo-em/cryo2structdata-3A/full/31434/7f3q.pdb,H,219,4792,/mnt/main0/projects/hypernetworks-for-cryo-em/cryo2structdata-3A/full/4792/6rbd.pdb,F,225,0.000
unrelated,4819,/mnt/main0/projects/hypernetworks-for-cryo-em/cryo2structdata-3A/full/4819/6rdi.pdb,5,123,6817,/mnt/main0/projects/hypernetworks-for-cryo-em/cryo2structdata-3A/full/6817/5y88.pdb,p,111,0.000
unrelated,21910,/mnt/main0/projects/hypernetworks-for-cryo-em/cryo2structdata-3A/full/21910/6wuc.pdb,K,242,34054,/mnt/main0/projects/hypernetworks-for-cryo-em/cryo2structdata-3A/full/34054/7yrf.pdb,E,214,0.000
unrelated,20806,/mnt/main0/projects/hypernetworks-for-cryo-em/cryo2structdata-3A/full/20806/6ukj.pdb,L,215,33048,/mnt/main0/projects/hypernetworks-for-cryo-em/cryo2structdata-3A/full/33048/7x7u.pdb,G,204,0.000
unrelated,30547,/mnt/main0/projects/hypernetworks-for-cryo-em/cryo2structdata-3A/full/30547/7d1t.pdb,C,451,31420,/mnt/main0/projects/hypernetworks-for-cryo-em/cryo2structdata-3A/full/31420/7f1m.pdb,A,395,0.000
unrelated,12742,/mnt/main0/projects/hypernetworks-for-cryo-em/cryo2structdata-3A/full/12742/7o71.pdb,F,144,32248,/mnt/main0/projects/hypernetworks-for-cryo-em/cryo2structdata-3A/full/32248/7w0r.pdb,a,138,0.000
unrelated,28539,/mnt/main0/projects/hypernetworks-for-cryo-em/cryo2structdata-3A/full/28539/8eqm.pdb,E,80,31659,/mnt/main0/projects/hypernetworks-for-cryo-em/cryo2structdata-3A/full/31659/7v2p.pdb,R,88,0.000
unrelated,31034,/mnt/main0/projects/hypernetworks-for-cryo-em/cryo2structdata-3A/full/31034/7e9o.pdb,H,237,31325,/mnt/main0/projects/hypernetworks-for-cryo-em/cryo2structdata-3A/full/31325/7ev9.pdb,B,247,0.000
unrelated,6922,/mnt/main0/projects/hypernetworks-for-cryo-em/cryo2structdata-3A/full/6922/5zet.pdb,E,215,7010,/mnt/main0/projects/hypernetworks-for-cryo-em/cryo2structdata-3A/full/7010/6avo.pdb,T,201,0.000
unrelated,30297,/mnt/main0/projects/hypernetworks-for-cryo-em/cryo2structdata-3A/full/30297/7c7a.pdb,L,201,31637,/mnt/main0/projects/hypernetworks-for-cryo-em/cryo2structdata-3A/full/31637/7v26.pdb,a,232,0.000
unrelated,0516,/mnt/main0/projects/hypernetworks-for-cryo-em/cryo2structdata-3A/full/0516/6nud.pdb,A,121,11246,/mnt/main0/projects/hypernetworks-for-cryo-em/cryo2structdata-3A/full/11246/6zke.pdb,b,124,0.000
unrelated,30527,/mnt/main0/projects/hypernetworks-for-cryo-em/cryo2structdata-3A/full/30527/7d09.pdb,B,273,9257,/mnt/main0/projects/hypernetworks-for-cryo-em/cryo2structdata-3A/full/9257/6muv.pdb,c,279,0.000
unrelated,13010,/mnt/main0/projects/hypernetworks-for-cryo-em/cryo2structdata-3A/full/13010/7oop.pdb,Z,531,7548,/mnt/main0/projects/hypernetworks-for-cryo-em/cryo2structdata-3A/full/7548/6cp6.pdb,A,510,0.000
unrelated,15775,/mnt/main0/projects/hypernetworks-for-cryo-em/cryo2structdata-3A/full/15775/8b01.pdb,C,510,26782,/mnt/main0/projects/hypernetworks-for-cryo-em/cryo2structdata-3A/full/26782/7utn.pdb,D,495,0.000
unrelated,27967,/mnt/main0/projects/hypernetworks-for-cryo-em/cryo2structdata-3A/full/27967/8e9x.pdb,A,348,34371,/mnt/main0/projects/hypernetworks-for-cryo-em/cryo2structdata-3A/full/34371/8gy7.pdb,A,361,0.000
unrelated,4873,/mnt/main0/projects/hypernetworks-for-cryo-em/cryo2structdata-3A/full/4873/6rfr.pdb,4,486,7843,/mnt/main0/projects/hypernetworks-for-cryo-em/cryo2structdata-3A/full/7843/6dbi.pdb,B,533,0.000
unrelated,24485,/mnt/main0/projects/hypernetworks-for-cryo-em/cryo2structdata-3A/full/24485/7rjd.pdb,A,439,30462,/mnt/main0/projects/hypernetworks-for-cryo-em/cryo2structdata-3A/full/30462/7cte.pdb,D,436,0.000
unrelated,9647,/mnt/main0/projects/hypernetworks-for-cryo-em/cryo2structdata-3A/full/9647/6id1.pdb,K,225,9713,/mnt/main0/projects/hypernetworks-for-cryo-em/cryo2structdata-3A/full/9713/6ir9.pdb,E,214,0.000
unrelated,11875,/mnt/main0/projects/hypernetworks-for-cryo-em/cryo2structdata-3A/full/11875/7ar7.pdb,Q,119,12826,/mnt/main0/projects/hypernetworks-for-cryo-em/cryo2structdata-3A/full/12826/7ode.pdb,Z,103,0.000
unrelated,4352,/mnt/main0/projects/hypernetworks-for-cryo-em/cryo2structdata-3A/full/4352/6g5h.pdb,f,156,9646,/mnt/main0/projects/hypernetworks-for-cryo-em/cryo2structdata-3A/full/9646/6id0.pdb,N,144,0.000
unrelated,13486,/mnt/main0/projects/hypernetworks-for-cryo-em/cryo2structdata-3A/full/13486/7pla.pdb,B,256,4782,/mnt/main0/projects/hypernetworks-for-cryo-em/cryo2structdata-3A/full/4782/6rao.pdb,G,229,0.000
unrelated,12450,/mnt/main0/projects/hypernetworks-for-cryo-em/cryo2structdata-3A/full/12450/7nky.pdb,Y,102,33048,/mnt/main0/projects/hypernetworks-for-cryo-em/cryo2structdata-3A/full/33048/7x7u.pdb,L,111,0.000
unrelated,14302,/mnt/main0/projects/hypernetworks-for-cryo-em/cryo2structdata-3A/full/14302/7r4f.pdb,E,249,30210,/mnt/main0/projects/hypernetworks-for-cryo-em/cryo2structdata-3A/full/30210/7bv2.pdb,B,207,0.000
unrelated,25997,/mnt/main0/projects/hypernetworks-for-cryo-em/cryo2structdata-3A/full/25997/7tmo.pdb,G,233,27939,/mnt/main0/projects/hypernetworks-for-cryo-em/cryo2structdata-3A/full/27939/8e7m.pdb,H,227,0.000
unrelated,26738,/mnt/main0/projects/hypernetworks-for-cryo-em/cryo2structdata-3A/full/26738/7usl.pdb,H,228,32308,/mnt/main0/projects/hypernetworks-for-cryo-em/cryo2structdata-3A/full/32308/7w4m.pdb,O,217,0.000
unrelated,4337,/mnt/main0/projects/hypernetworks-for-cryo-em/cryo2structdata-3A/full/4337/6g18.pdb,G,249,9680,/mnt/main0/projects/hypernetworks-for-cryo-em/cryo2structdata-3A/full/9680/6ijo.pdb,D,247,0.000
unrelated,13237,/mnt/main0/projects/hypernetworks-for-cryo-em/cryo2structdata-3A/full/13237/7p7j.pdb,A,147,32978,/mnt/main0/projects/hypernetworks-for-cryo-em/cryo2structdata-3A/full/32978/7x34.pdb,3,130,0.000
unrelated,11320,/mnt/main0/projects/hypernetworks-for-cryo-em/cryo2structdata-3A/full/11320/6zoj.pdb,W,130,32242,/mnt/main0/projects/hypernetworks-for-cryo-em/cryo2structdata-3A/full/32242/7w0h.pdb,j,113,0.000
unrelated,11326,/mnt/main0/projects/hypernetworks-for-cryo-em/cryo2structdata-3A/full/11326/6zoo.pdb,3,221,12186,/mnt/main0/projects/hypernetworks-for-cryo-em/cryo2structdata-3A/full/12186/7bh2.pdb,C,208,0.000
unrelated,16347,/mnt/main0/projects/hypernetworks-for-cryo-em/cryo2structdata-3A/full/16347/8c00.pdb,E,142,30551,/mnt/main0/projects/hypernetworks-for-cryo-em/cryo2structdata-3A/full/30551/7d1z.pdb,I,145,0.000
unrelated,23098,/mnt/main0/projects/hypernetworks-for-cryo-em/cryo2structdata-3A/full/23098/7l0l.pdb,B,222,23933,/mnt/main0/projects/hypernetworks-for-cryo-em/cryo2structdata-3A/full/23933/7mpg.pdb,D,244,0.000
unrelated,31059,/mnt/main0/projects/hypernetworks-for-cryo-em/cryo2structdata-3A/full/31059/7ecw.pdb,C,342,4356,/mnt/main0/projects/hypernetworks-for-cryo-em/cryo2structdata-3A/full/4356/6g72.pdb,N,345,0.000
unrelated,15313,/mnt/main0/projects/hypernetworks-for-cryo-em/cryo2structdata-3A/full/15313/8ab7.pdb,C,385,32265,/mnt/main0/projects/hypernetworks-for-cryo-em/cryo2structdata-3A/full/32265/7w2r.pdb,J,342,0.000
unrelated,23714,/mnt/main0/projects/hypernetworks-for-cryo-em/cryo2structdata-3A/full/23714/7m7i.pdb,D,236,28054,/mnt/main0/projects/hypernetworks-for-cryo-em/cryo2structdata-3A/full/28054/8eep.pdb,A,231,0.000
unrelated,3145,/mnt/main0/projects/hypernetworks-for-cryo-em/cryo2structdata-3A/full/3145/5an9.pdb,F,217,8662,/mnt/main0/projects/hypernetworks-for-cryo-em/cryo2structdata-3A/full/8662/5vfo.pdb,M,245,0.000
unrelated,32269,/mnt/main0/projects/hypernetworks-for-cryo-em/cryo2structdata-3A/full/32269/7w31.pdb,H,112,9616,/mnt/main0/projects/hypernetworks-for-cryo-em/cryo2structdata-3A/full/9616/6agb.pdb,H,133,0.000
unrelated,25128,/mnt/main0/projects/hypernetworks-for-cryo-em/cryo2structdata-3A/full/25128/7shl.pdb,B,119,32197,/mnt/main0/projects/hypernetworks-for-cryo-em/cryo2structdata-3A/full/32197/7vy9.pdb,v,125,0.000
unrelated,0870,/mnt/main0/projects/hypernetworks-for-cryo-em/cryo2structdata-3A/full/0870/6lbo.pdb,A,226,11247,/mnt/main0/projects/hypernetworks-for-cryo-em/cryo2structdata-3A/full/11247/6zkf.pdb,2,246,0.000
unrelated,23382,/mnt/main0/projects/hypernetworks-for-cryo-em/cryo2structdata-3A/full/23382/7lil.pdb,A,265,33390,/mnt/main0/projects/hypernetworks-for-cryo-em/cryo2structdata-3A/full/33390/7xq8.pdb,A,257,0.000
unrelated,31306,/mnt/main0/projects/hypernetworks-for-cryo-em/cryo2structdata-3A/full/31306/7eu1.pdb,E,205,9828,/mnt/main0/projects/hypernetworks-for-cryo-em/cryo2structdata-3A/full/9828/6jhr.pdb,D,213,0.000
unrelated,25997,/mnt/main0/projects/hypernetworks-for-cryo-em/cryo2structdata-3A/full/25997/7tmo.pdb,H,114,30875,/mnt/main0/projects/hypernetworks-for-cryo-em/cryo2structdata-3A/full/30875/7dvq.pdb,6,110,0.000
unrelated,24073,/mnt/main0/projects/hypernetworks-for-cryo-em/cryo2structdata-3A/full/24073/7mxl.pdb,A,221,4821,/mnt/main0/projects/hypernetworks-for-cryo-em/cryo2structdata-3A/full/4821/6rdk.pdb,P,229,0.000
unrelated,14581,/mnt/main0/projects/hypernetworks-for-cryo-em/cryo2structdata-3A/full/14581/7zai.pdb,J,127,26925,/mnt/main0/projects/hypernetworks-for-cryo-em/cryo2structdata-3A/full/26925/7v01.pdb,I,128,0.000
unrelated,11253,/mnt/main0/projects/hypernetworks-for-cryo-em/cryo2structdata-3A/full/11253/6zkl.pdb,b,124,32202,/mnt/main0/projects/hypernetworks-for-cryo-em/cryo2structdata-3A/full/32202/7vye.pdb,o,128,0.000
unrelated,22150,/mnt/main0/projects/hypernetworks-for-cryo-em/cryo2structdata-3A/full/22150/6xeu.pdb,A,340,9376,/mnt/main0/projects/hypernetworks-for-cryo-em/cryo2structdata-3A/full/9376/6ni3.pdb,B,350,0.000
unrelated,10519,/mnt/main0/projects/hypernetworks-for-cryo-em/cryo2structdata-3A/full/10519/6tmf.pdb,K,126,32619,/mnt/main0/projects/hypernetworks-for-cryo-em/cryo2structdata-3A/full/32619/7wn1.pdb,C,122,0.000
unrelated,15315,/mnt/main0/projects/hypernetworks-for-cryo-em/cryo2structdata-3A/full/15315/8ab9.pdb,G,128,21872,/mnt/main0/projects/hypernetworks-for-cryo-em/cryo2structdata-3A/full/21872/6wqn.pdb,A,116,0.000
unrelated,23224,/mnt/main0/projects/hypernetworks-for-cryo-em/cryo2structdata-3A/full/23224/7l87.pdb,A,498,30924,/mnt/main0/projects/hypernetworks-for-cryo-em/cryo2structdata-3A/full/30924/7dys.pdb,A,518,0.000
unrelated,31622,/mnt/main0/projects/hypernetworks-for-cryo-em/cryo2structdata-3A/full/31622/7fjj.pdb,F,127,9670,/mnt/main0/projects/hypernetworks-for-cryo-em/cryo2structdata-3A/full/9670/6igz.pdb,H,133,0.000
unrelated,23508,/mnt/main0/projects/hypernetworks-for-cryo-em/cryo2structdata-3A/full/23508/7lsx.pdb,A,252,30813,/mnt/main0/projects/hypernetworks-for-cryo-em/cryo2structdata-3A/full/30813/7dq1.pdb,3,238,0.000
unrelated,23710,/mnt/main0/projects/hypernetworks-for-cryo-em/cryo2structdata-3A/full/23710/7m7e.pdb,D,236,32449,/mnt/main0/projects/hypernetworks-for-cryo-em/cryo2structdata-3A/full/32449/7wef.pdb,E,201,0.000
unrelated,4383,/mnt/main0/projects/hypernetworks-for-cryo-em/cryo2structdata-3A/full/4383/6gc8.pdb,D,209,9686,/mnt/main0/projects/hypernetworks-for-cryo-em/cryo2structdata-3A/full/9686/6ill.pdb,B,252,0.000
unrelated,32319,/mnt/main0/projects/hypernetworks-for-cryo-em/cryo2structdata-3A/full/32319/7w5a.pdb,M,243,7024,/mnt/main0/projects/hypernetworks-for-cryo-em/cryo2structdata-3A/full/7024/6az1.pdb,K,220,0.000
unrelated,4840,/mnt/main0/projects/hypernetworks-for-cryo-em/cryo2structdata-3A/full/4840/6re3.pdb,A,127,9646,/mnt/main0/projects/hypernetworks-for-cryo-em/cryo2structdata-3A/full/9646/6id0.pdb,c,119,0.000
unrelated,26878,/mnt/main0/projects/hypernetworks-for-cryo-em/cryo2structdata-3A/full/26878/7uz4.pdb,H,233,32800,/mnt/main0/projects/hypernetworks-for-cryo-em/cryo2structdata-3A/full/32800/7wtt.pdb,F,204,0.000
unrelated,13985,/mnt/main0/projects/hypernetworks-for-cryo-em/cryo2structdata-3A/full/13985/7qia.pdb,C,119,15558,/mnt/main0/projects/hypernetworks-for-cryo-em/cryo2structdata-3A/full/15558/8ap4.pdb,o,115,0.000
unrelated,4833,/mnt/main0/projects/hypernetworks-for-cryo-em/cryo2structdata-3A/full/4833/6rdw.pdb,S,317,9632,/mnt/main0/projects/hypernetworks-for-cryo-em/cryo2structdata-3A/full/9632/6aj3.pdb,A,295,0.000
unrelated,0411,/mnt/main0/projects/hypernetworks-for-cryo-em/cryo2structdata-3A/full/0411/6nbh.pdb,B,345,32269,/mnt/main0/projects/hypernetworks-for-cryo-em/cryo2structdata-3A/full/32269/7w31.pdb,w,320,0.000
unrelated,14846,/mnt/main0/projects/hypernetworks-for-cryo-em/cryo2structdata-3A/full/14846/7zod.pdb,q,118,14865,/mnt/main0/projects/hypernetworks-for-cryo-em/cryo2structdata-3A/full/14865/7zq6.pdb,s,110,0.000
unrelated,10415,/mnt/main0/projects/hypernetworks-for-cryo-em/cryo2structdata-3A/full/10415/6t9l.pdb,A,135,25264,/mnt/main0/projects/hypernetworks-for-cryo-em/cryo2structdata-3A/full/25264/7soa.pdb,H,121,0.000
unrelated,7024,/mnt/main0/projects/hypernetworks-for-cryo-em/cryo2structdata-3A/full/7024/6az1.pdb,C,219,7772,/mnt/main0/projects/hypernetworks-for-cryo-em/cryo2structdata-3A/full/7772/6cx1.pdb,A,258,0.000
unrelated,4822,/mnt/main0/projects/hypernetworks-for-cryo-em/cryo2structdata-3A/full/4822/6rdl.pdb,M,327,9256,/mnt/main0/projects/hypernetworks-for-cryo-em/cryo2structdata-3A/full/9256/6muu.pdb,C,291,0.000
unrelated,15558,/mnt/main0/projects/hypernetworks-for-cryo-em/cryo2structdata-3A/full/15558/8ap4.pdb,j,123,30573,/mnt/main0/projects/hypernetworks-for-cryo-em/cryo2structdata-3A/full/30573/7d4g.pdb,N,122,0.000
unrelated,0401,/mnt/main0/projects/hypernetworks-for-cryo-em/cryo2structdata-3A/full/0401/6nb3.pdb,E,109,13034,/mnt/main0/projects/hypernetworks-for-cryo-em/cryo2structdata-3A/full/13034/7oqy.pdb,G,130,0.000
unrelated,32735,/mnt/main0/projects/hypernetworks-for-cryo-em/cryo2structdata-3A/full/32735/7wrq.pdb,B,264,33931,/mnt/main0/projects/hypernetworks-for-cryo-em/cryo2structdata-3A/full/33931/7yml.pdb,L,282,0.000
unrelated,23640,/mnt/main0/projects/hypernetworks-for-cryo-em/cryo2structdata-3A/full/23640/7m30.pdb,M,232,3531,/mnt/main0/projects/hypernetworks-for-cryo-em/cryo2structdata-3A/full/3531/5mmi.pdb,J,224,0.000
unrelated,31348,/mnt/main0/projects/hypernetworks-for-cryo-em/cryo2structdata-3A/full/31348/7ew6.pdb,K,131,31811,/mnt/main0/projects/hypernetworks-for-cryo-em/cryo2structdata-3A/full/31811/7v99.pdb,L,125,0.000
unrelated,20506,/mnt/main0/projects/hypernetworks-for-cryo-em/cryo2structdata-3A/full/20506/6pwe.pdb,B,103,32187,/mnt/main0/projects/hypernetworks-for-cryo-em/cryo2structdata-3A/full/32187/7vxs.pdb,g,121,0.000
unrelated,32740,/mnt/main0/projects/hypernetworks-for-cryo-em/cryo2structdata-3A/full/32740/7ws1.pdb,E,125,7867,/mnt/main0/projects/hypernetworks-for-cryo-em/cryo2structdata-3A/full/7867/6ddd.pdb,A,116,0.000
unrelated,23283,/mnt/main0/projects/hypernetworks-for-cryo-em/cryo2structdata-3A/full/23283/7ldd.pdb,K,262,27402,/mnt/main0/projects/hypernetworks-for-cryo-em/cryo2structdata-3A/full/27402/8dex.pdb,B,290,0.000
unrelated,33227,/mnt/main0/projects/hypernetworks-for-cryo-em/cryo2structdata-3A/full/33227/7xjh.pdb,R,395,9955,/mnt/main0/projects/hypernetworks-for-cryo-em/cryo2structdata-3A/full/9955/6kac.pdb,A,352,0.000
unrelated,11310,/mnt/main0/projects/hypernetworks-for-cryo-em/cryo2structdata-3A/full/11310/6zn5.pdb,Q,120,7470,/mnt/main0/projects/hypernetworks-for-cryo-em/cryo2structdata-3A/full/7470/6cg0.pdb,N,126,0.000
unrelated,25399,/mnt/main0/projects/hypernetworks-for-cryo-em/cryo2structdata-3A/full/25399/7sr8.pdb,A,238,30783,/mnt/main0/projects/hypernetworks-for-cryo-em/cryo2structdata-3A/full/30783/7dnh.pdb,L,214,0.000
unrelated,31039,/mnt/main0/projects/hypernetworks-for-cryo-em/cryo2structdata-3A/full/31039/7ea5.pdb,I,145,32242,/mnt/main0/projects/hypernetworks-for-cryo-em/cryo2structdata-3A/full/32242/7w0h.pdb,C,156,0.000
unrelated,8945,/mnt/main0/projects/hypernetworks-for-cryo-em/cryo2structdata-3A/full/8945/6e0c.pdb,B,103,9647,/mnt/main0/projects/hypernetworks-for-cryo-em/cryo2structdata-3A/full/9647/6id1.pdb,c,119,0.000
unrelated,26005,/mnt/main0/projects/hypernetworks-for-cryo-em/cryo2structdata-3A/full/26005/7tn9.pdb,H,215,7870,/mnt/main0/projects/hypernetworks-for-cryo-em/cryo2structdata-3A/full/7870/6ddg.pdb,H,217,0.000
unrelated,25542,/mnt/main0/projects/hypernetworks-for-cryo-em/cryo2structdata-3A/full/25542/7syv.pdb,b,101,32464,/mnt/main0/projects/hypernetworks-for-cryo-em/cryo2structdata-3A/full/32464/7wff.pdb,E,101,0.000
unrelated,20812,/mnt/main0/projects/hypernetworks-for-cryo-em/cryo2structdata-3A/full/20812/6ukt.pdb,D,134,4345,/mnt/main0/projects/hypernetworks-for-cryo-em/cryo2structdata-3A/full/4345/6g2j.pdb,m,129,0.000
unrelated,22109,/mnt/main0/projects/hypernetworks-for-cryo-em/cryo2structdata-3A/full/22109/6x9s.pdb,A,516,26120,/mnt/main0/projects/hypernetworks-for-cryo-em/cryo2structdata-3A/full/26120/7ttn.pdb,G,556,0.000
unrelated,27984,/mnt/main0/projects/hypernetworks-for-cryo-em/cryo2structdata-3A/full/27984/8eas.pdb,F,118,4792,/mnt/main0/projects/hypernetworks-for-cryo-em/cryo2structdata-3A/full/4792/6rbd.pdb,Z,108,0.000
unrelated,31472,/mnt/main0/projects/hypernetworks-for-cryo-em/cryo2structdata-3A/full/31472/7f64.pdb,K,261,32837,/mnt/main0/projects/hypernetworks-for-cryo-em/cryo2structdata-3A/full/32837/7wuj.pdb,S,250,0.000
unrelated,33227,/mnt/main0/projects/hypernetworks-for-cryo-em/cryo2structdata-3A/full/33227/7xjh.pdb,N,137,7324,/mnt/main0/projects/hypernetworks-for-cryo-em/cryo2structdata-3A/full/7324/6c0f.pdb,Y,127,0.000
unrelated,32373,/mnt/main0/projects/hypernetworks-for-cryo-em/cryo2structdata-3A/full/32373/7w9v.pdb,A,135,32800,/mnt/main0/projects/hypernetworks-for-cryo-em/cryo2structdata-3A/full/32800/7wtt.pdb,Y,133,0.000
unrelated,20349,/mnt/main0/projects/hypernetworks-for-cryo-em/cryo2structdata-3A/full/20349/6pif.pdb,I,358,20528,/mnt/main0/projects/hypernetworks-for-cryo-em/cryo2structdata-3A/full/20528/6pz9.pdb,D,390,0.000
unrelated,32639,/mnt/main0/projects/hypernetworks-for-cryo-em/cryo2structdata-3A/full/32639/7wo5.pdb,D,225,4590,/mnt/main0/projects/hypernetworks-for-cryo-em/cryo2structdata-3A/full/4590/6qm7.pdb,B,231,0.000
unrelated,33099,/mnt/main0/projects/hypernetworks-for-cryo-em/cryo2structdata-3A/full/33099/7xau.pdb,C,354,3944,/mnt/main0/projects/hypernetworks-for-cryo-em/cryo2structdata-3A/full/3944/6esb.pdb,7,350,0.000
unrelated,20883,/mnt/main0/projects/hypernetworks-for-cryo-em/cryo2structdata-3A/full/20883/6uun.pdb,R,490,7324,/mnt/main0/projects/hypernetworks-for-cryo-em/cryo2structdata-3A/full/7324/6c0f.pdb,8,434,0.000
unrelated,24898,/mnt/main0/projects/hypernetworks-for-cryo-em/cryo2structdata-3A/full/24898/7s8n.pdb,C,345,31088,/mnt/main0/projects/hypernetworks-for-cryo-em/cryo2structdata-3A/full/31088/7efo.pdb,G,360,0.000
unrelated,4813,/mnt/main0/projects/hypernetworks-for-cryo-em/cryo2structdata-3A/full/4813/6rdc.pdb,R,199,4853,/mnt/main0/projects/hypernetworks-for-cryo-em/cryo2structdata-3A/full/4853/6rep.pdb,P,229,0.000
unrelated,11520,/mnt/main0/projects/hypernetworks-for-cryo-em/cryo2structdata-3A/full/11520/6zxg.pdb,L,158,13777,/mnt/main0/projects/hypernetworks-for-cryo-em/cryo2structdata-3A/full/13777/7q21.pdb,F,143,0.000
unrelated,23667,/mnt/main0/projects/hypernetworks-for-cryo-em/cryo2structdata-3A/full/23667/7m4v.pdb,P,119,25758,/mnt/main0/projects/hypernetworks-for-cryo-em/cryo2structdata-3A/full/25758/7t9i.pdb,B,112,0.000
unrelated,9404,/mnt/main0/projects/hypernetworks-for-cryo-em/cryo2structdata-3A/full/9404/5bkg.pdb,A,364,9934,/mnt/main0/projects/hypernetworks-for-cryo-em/cryo2structdata-3A/full/9934/6k7i.pdb,C,361,0.000
unrelated,24270,/mnt/main0/projects/hypernetworks-for-cryo-em/cryo2structdata-3A/full/24270/7nad.pdb,Z,136,31106,/mnt/main0/projects/hypernetworks-for-cryo-em/cryo2structdata-3A/full/31106/7eg6.pdb,C,129,0.000
unrelated,14251,/mnt/main0/projects/hypernetworks-for-cryo-em/cryo2structdata-3A/full/14251/7r41.pdb,i,127,32309,/mnt/main0/projects/hypernetworks-for-cryo-em/cryo2structdata-3A/full/32309/7w4n.pdb,h,105,0.000
unrelated,15312,/mnt/main0/projects/hypernetworks-for-cryo-em/cryo2structdata-3A/full/15312/8ab6.pdb,F,137,32204,/mnt/main0/projects/hypernetworks-for-cryo-em/cryo2structdata-3A/full/32204/7vyg.pdb,v,125,0.000
unrelated,31054,/mnt/main0/projects/hypernetworks-for-cryo-em/cryo2structdata-3A/full/31054/7ebr.pdb,E,216,7010,/mnt/main0/projects/hypernetworks-for-cryo-em/cryo2structdata-3A/full/7010/6avo.pdb,I,248,0.000
unrelated,11310,/mnt/main0/projects/hypernetworks-for-cryo-em/cryo2structdata-3A/full/11310/6zn5.pdb,V,101,11890,/mnt/main0/projects/hypernetworks-for-cryo-em/cryo2structdata-3A/full/11890/7as9.pdb,Y,103,0.000
unrelated,30560,/mnt/main0/projects/hypernetworks-for-cryo-em/cryo2structdata-3A/full/30560/7d3m.pdb,L,123,34431,/mnt/main0/projects/hypernetworks-for-cryo-em/cryo2structdata-3A/full/34431/8h1t.pdb,C,130,0.000
unrelated,11978,/mnt/main0/projects/hypernetworks-for-cryo-em/cryo2structdata-3A/full/11978/7b14.pdb,D,129,32257,/mnt/main0/projects/hypernetworks-for-cryo-em/cryo2structdata-3A/full/32257/7w1v.pdb,v,124,0.000
unrelated,21644,/mnt/main0/projects/hypernetworks-for-cryo-em/cryo2structdata-3A/full/21644/6wdr.pdb,L,140,31660,/mnt/main0/projects/hypernetworks-for-cryo-em/cryo2structdata-3A/full/31660/7v2q.pdb,K,129,0.000
unrelated,30536,/mnt/main0/projects/hypernetworks-for-cryo-em/cryo2structdata-3A/full/30536/7d0j.pdb,2,201,4987,/mnt/main0/projects/hypernetworks-for-cryo-em/cryo2structdata-3A/full/4987/6rrd.pdb,E,215,0.000
unrelated,11243,/mnt/main0/projects/hypernetworks-for-cryo-em/cryo2structdata-3A/full/11243/6zkb.pdb,V,141,11247,/mnt/main0/projects/hypernetworks-for-cryo-em/cryo2structdata-3A/full/11247/6zkf.pdb,i,145,0.000
unrelated,26846,/mnt/main0/projects/hypernetworks-for-cryo-em/cryo2structdata-3A/full/26846/7ux2.pdb,P,476,27104,/mnt/main0/projects/hypernetworks-for-cryo-em/cryo2structdata-3A/full/27104/8d0b.pdb,G,456,0.000
unrelated,23906,/mnt/main0/projects/hypernetworks-for-cryo-em/cryo2structdata-3A/full/23906/7ml2.pdb,D,221,33682,/mnt/main0/projects/hypernetworks-for-cryo-em/cryo2structdata-3A/full/33682/7y89.pdb,S,248,0.000
unrelated,7324,/mnt/main0/projects/hypernetworks-for-cryo-em/cryo2structdata-3A/full/7324/6c0f.pdb,7,231,9868,/mnt/main0/projects/hypernetworks-for-cryo-em/cryo2structdata-3A/full/9868/6jpa.pdb,E,222,0.000
unrelated,30012,/mnt/main0/projects/hypernetworks-for-cryo-em/cryo2structdata-3A/full/30012/6ly5.pdb,H,203,4840,/mnt/main0/projects/hypernetworks-for-cryo-em/cryo2structdata-3A/full/4840/6re3.pdb,P,229,0.000
unrelated,0633,/mnt/main0/projects/hypernetworks-for-cryo-em/cryo2structdata-3A/full/0633/6o6c.pdb,D,215,26653,/mnt/main0/projects/hypernetworks-for-cryo-em/cryo2structdata-3A/full/26653/7uot.pdb,a,232,0.000
unrelated,14307,/mnt/main0/projects/hypernetworks-for-cryo-em/cryo2structdata-3A/full/14307/7r4g.pdb,B,216,14331,/mnt/main0/projects/hypernetworks-for-cryo-em/cryo2structdata-3A/full/14331/7r5m.pdb,A,235,0.000
unrelated,33391,/mnt/main0/projects/hypernetworks-for-cryo-em/cryo2structdata-3A/full/33391/7xq9.pdb,A,382,7340,/mnt/main0/projects/hypernetworks-for-cryo-em/cryo2structdata-3A/full/7340/6c4h.pdb,v,384,0.000
unrelated,24072,/mnt/main0/projects/hypernetworks-for-cryo-em/cryo2structdata-3A/full/24072/7mxe.pdb,A,244,32250,/mnt/main0/projects/hypernetworks-for-cryo-em/cryo2structdata-3A/full/32250/7w14.pdb,B,263,0.000
unrelated,12920,/mnt/main0/projects/hypernetworks-for-cryo-em/cryo2structdata-3A/full/12920/7oi7.pdb,i,128,9989,/mnt/main0/projects/hypernetworks-for-cryo-em/cryo2structdata-3A/full/9989/6khi.pdb,S,110,0.000
unrelated,34054,/mnt/main0/projects/hypernetworks-for-cryo-em/cryo2structdata-3A/full/34054/7yrf.pdb,A,225,9680,/mnt/main0/projects/hypernetworks-for-cryo-em/cryo2structdata-3A/full/9680/6ijo.pdb,2,227,0.000
unrelated,24501,/mnt/main0/projects/hypernetworks-for-cryo-em/cryo2structdata-3A/full/24501/7rkn.pdb,A,353,9358,/mnt/main0/projects/hypernetworks-for-cryo-em/cryo2structdata-3A/full/9358/6neq.pdb,a,359,0.000
unrelated,4616,/mnt/main0/projects/hypernetworks-for-cryo-em/cryo2structdata-3A/full/4616/6qpw.pdb,E,372,7971,/mnt/main0/projects/hypernetworks-for-cryo-em/cryo2structdata-3A/full/7971/6dnf.pdb,A,352,0.000
unrelated,33196,/mnt/main0/projects/hypernetworks-for-cryo-em/cryo2structdata-3A/full/33196/7xhn.pdb,Q,274,4814,/mnt/main0/projects/hypernetworks-for-cryo-em/cryo2structdata-3A/full/4814/6rdd.pdb,4,294,0.000
unrelated,22418,/mnt/main0/projects/hypernetworks-for-cryo-em/cryo2structdata-3A/full/22418/7jpp.pdb,A,392,6839,/mnt/main0/projects/hypernetworks-for-cryo-em/cryo2structdata-3A/full/6839/5ylz.pdb,V,382,0.000
unrelated,29653,/mnt/main0/projects/hypernetworks-for-cryo-em/cryo2structdata-3A/full/29653/8g0c.pdb,H,121,30909,/mnt/main0/projects/hypernetworks-for-cryo-em/cryo2structdata-3A/full/30909/7dxh.pdb,A,116,0.000
unrelated,10322,/mnt/main0/projects/hypernetworks-for-cryo-em/cryo2structdata-3A/full/10322/6swc.pdb,F,236,9830,/mnt/main0/projects/hypernetworks-for-cryo-em/cryo2structdata-3A/full/9830/6jht.pdb,B,222,0.000
unrelated,27402,/mnt/main0/projects/hypernetworks-for-cryo-em/cryo2structdata-3A/full/27402/8dex.pdb,A,227,4165,/mnt/main0/projects/hypernetworks-for-cryo-em/cryo2structdata-3A/full/4165/6f0k.pdb,A,211,0.000
unrelated,28641,/mnt/main0/projects/hypernetworks-for-cryo-em/cryo2structdata-3A/full/28641/8ew3.pdb,C,257,34119,/mnt/main0/projects/hypernetworks-for-cryo-em/cryo2structdata-3A/full/34119/7yv7.pdb,C,242,0.000
unrelated,22341,/mnt/main0/projects/hypernetworks-for-cryo-em/cryo2structdata-3A/full/22341/7ji0.pdb,A,284,31043,/mnt/main0/projects/hypernetworks-for-cryo-em/cryo2structdata-3A/full/31043/7eah.pdb,1,292,0.000
unrelated,25687,/mnt/main0/projects/hypernetworks-for-cryo-em/cryo2structdata-3A/full/25687/7t4s.pdb,E,129,32391,/mnt/main0/projects/hypernetworks-for-cryo-em/cryo2structdata-3A/full/32391/7wb0.pdb,D,122,0.000
unrelated,4352,/mnt/main0/projects/hypernetworks-for-cryo-em/cryo2structdata-3A/full/4352/6g5h.pdb,B,264,9689,/mnt/main0/projects/hypernetworks-for-cryo-em/cryo2structdata-3A/full/9689/6ilo.pdb,B,249,0.000
unrelated,7997,/mnt/main0/projects/hypernetworks-for-cryo-em/cryo2structdata-3A/full/7997/6drd.pdb,K,117,9646,/mnt/main0/projects/hypernetworks-for-cryo-em/cryo2structdata-3A/full/9646/6id0.pdb,a,126,0.000
unrelated,9646,/mnt/main0/projects/hypernetworks-for-cryo-em/cryo2structdata-3A/full/9646/6id0.pdb,P,229,9781,/mnt/main0/projects/hypernetworks-for-cryo-em/cryo2structdata-3A/full/9781/6j8g.pdb,B,218,0.000
unrelated,21564,/mnt/main0/projects/hypernetworks-for-cryo-em/cryo2structdata-3A/full/21564/6w6v.pdb,K,198,23498,/mnt/main0/projects/hypernetworks-for-cryo-em/cryo2structdata-3A/full/23498/7lrs.pdb,E,215,0.000
unrelated,10480,/mnt/main0/projects/hypernetworks-for-cryo-em/cryo2structdata-3A/full/10480/6ted.pdb,W,305,27403,/mnt/main0/projects/hypernetworks-for-cryo-em/cryo2structdata-3A/full/27403/8dfa.pdb,B,290,0.000
unrelated,31660,/mnt/main0/projects/hypernetworks-for-cryo-em/cryo2structdata-3A/full/31660/7v2q.pdb,Q,105,4379,/mnt/main0/projects/hypernetworks-for-cryo-em/cryo2structdata-3A/full/4379/6gc0.pdb,O,116,0.000
unrelated,11555,/mnt/main0/projects/hypernetworks-for-cryo-em/cryo2structdata-3A/full/11555/6zy9.pdb,E,260,23502,/mnt/main0/projects/hypernetworks-for-cryo-em/cryo2structdata-3A/full/23502/7ls5.pdb,B,250,0.000
unrelated,31956,/mnt/main0/projects/hypernetworks-for-cryo-em/cryo2structdata-3A/full/31956/7vfj.pdb,A,207,4830,/mnt/main0/projects/hypernetworks-for-cryo-em/cryo2structdata-3A/full/4830/6rdt.pdb,P,229,0.000
unrelated,30820,/mnt/main0/projects/hypernetworks-for-cryo-em/cryo2structdata-3A/full/30820/7dr0.pdb,F,186,31079,/mnt/main0/projects/hypernetworks-for-cryo-em/cryo2structdata-3A/full/31079/7eep.pdb,M,182,0.000
unrelated,10462,/mnt/main0/projects/hypernetworks-for-cryo-em/cryo2structdata-3A/full/10462/6tcz.pdb,N,220,30529,/mnt/main0/projects/hypernetworks-for-cryo-em/cryo2structdata-3A/full/30529/7d0b.pdb,L,220,0.000
unrelated,34098,/mnt/main0/projects/hypernetworks-for-cryo-em/cryo2structdata-3A/full/34098/7yu4.pdb,A,379,4230,/mnt/main0/projects/hypernetworks-for-cryo-em/cryo2structdata-3A/full/4230/6fbv.pdb,A,347,0.000
unrelated,32303,/mnt/main0/projects/hypernetworks-for-cryo-em/cryo2structdata-3A/full/32303/7w4f.pdb,b,126,4873,/mnt/main0/projects/hypernetworks-for-cryo-em/cryo2structdata-3A/full/4873/6rfr.pdb,3,128,0.000
unrelated,7997,/mnt/main0/projects/hypernetworks-for-cryo-em/cryo2structdata-3A/full/7997/6drd.pdb,H,150,9356,/mnt/main0/projects/hypernetworks-for-cryo-em/cryo2structdata-3A/full/9356/6ne3.pdb,C,130,0.000
unrelated,13965,/mnt/main0/projects/hypernetworks-for-cryo-em/cryo2structdata-3A/full/13965/7qh6.pdb,X,256,24570,/mnt/main0/projects/hypernetworks-for-cryo-em/cryo2structdata-3A/full/24570/7rmh.pdb,A,248,0.000
unrelated,14927,/mnt/main0/projects/hypernetworks-for-cryo-em/cryo2structdata-3A/full/14927/7zs9.pdb,D,221,24706,/mnt/main0/projects/hypernetworks-for-cryo-em/cryo2structdata-3A/full/24706/7rvb.pdb,A,230,0.000
unrelated,24270,/mnt/main0/projects/hypernetworks-for-cryo-em/cryo2structdata-3A/full/24270/7nad.pdb,5,235,30825,/mnt/main0/projects/hypernetworks-for-cryo-em/cryo2structdata-3A/full/30825/7dr7.pdb,B,241,0.000
unrelated,11256,/mnt/main0/projects/hypernetworks-for-cryo-em/cryo2structdata-3A/full/11256/6zko.pdb,N,347,32132,/mnt/main0/projects/hypernetworks-for-cryo-em/cryo2structdata-3A/full/32132/7vuz.pdb,A,354,0.000
unrelated,21460,/mnt/main0/projects/hypernetworks-for-cryo-em/cryo2structdata-3A/full/21460/6vyh.pdb,C,213,21644,/mnt/main0/projects/hypernetworks-for-cryo-em/cryo2structdata-3A/full/21644/6wdr.pdb,A,206,0.000
unrelated,13389,/mnt/main0/projects/hypernetworks-for-cryo-em/cryo2structdata-3A/full/13389/7pg9.pdb,M,213,27775,/mnt/main0/projects/hypernetworks-for-cryo-em/cryo2structdata-3A/full/27775/8dxs.pdb,I,212,0.000
unrelated,24950,/mnt/main0/projects/hypernetworks-for-cryo-em/cryo2structdata-3A/full/24950/7sae.pdb,E,207,25660,/mnt/main0/projects/hypernetworks-for-cryo-em/cryo2structdata-3A/full/25660/7t3j.pdb,J,228,0.000
unrelated,3434,/mnt/main0/projects/hypernetworks-for-cryo-em/cryo2structdata-3A/full/3434/5m3l.pdb,M,217,9642,/mnt/main0/projects/hypernetworks-for-cryo-em/cryo2structdata-3A/full/9642/6aks.pdb,C,240,0.000
unrelated,25762,/mnt/main0/projects/hypernetworks-for-cryo-em/cryo2structdata-3A/full/25762/7t9m.pdb,H,217,31171,/mnt/main0/projects/hypernetworks-for-cryo-em/cryo2structdata-3A/full/31171/7eko.pdb,H,208,0.000
unrelated,21345,/mnt/main0/projects/hypernetworks-for-cryo-em/cryo2structdata-3A/full/21345/6vq9.pdb,I,226,4345,/mnt/main0/projects/hypernetworks-for-cryo-em/cryo2structdata-3A/full/4345/6g2j.pdb,B,224,0.000
unrelated,12745,/mnt/main0/projects/hypernetworks-for-cryo-em/cryo2structdata-3A/full/12745/7o75.pdb,D,221,26599,/mnt/main0/projects/hypernetworks-for-cryo-em/cryo2structdata-3A/full/26599/7um7.pdb,B,225,0.000
unrelated,21906,/mnt/main0/projects/hypernetworks-for-cryo-em/cryo2structdata-3A/full/21906/6wu6.pdb,B,238,4903,/mnt/main0/projects/hypernetworks-for-cryo-em/cryo2structdata-3A/full/4903/6rjf.pdb,3,239,0.000
unrelated,11864,/mnt/main0/projects/hypernetworks-for-cryo-em/cryo2structdata-3A/full/11864/7aqd.pdb,N,120,15328,/mnt/main0/projects/hypernetworks-for-cryo-em/cryo2structdata-3A/full/15328/8abz.pdb,R,122,0.000
unrelated,11248,/mnt/main0/projects/hypernetworks-for-cryo-em/cryo2structdata-3A/full/11248/6zkg.pdb,f,116,11424,/mnt/main0/projects/hypernetworks-for-cryo-em/cryo2structdata-3A/full/11424/6ztq.pdb,W,131,0.000
unrelated,10695,/mnt/main0/projects/hypernetworks-for-cryo-em/cryo2structdata-3A/full/10695/6y5e.pdb,I,153,33010,/mnt/main0/projects/hypernetworks-for-cryo-em/cryo2structdata-3A/full/33010/7x57.pdb,A,139,0.000
unrelated,4872,/mnt/main0/projects/hypernetworks-for-cryo-em/cryo2structdata-3A/full/4872/6rfq.pdb,I,229,4877,/mnt/main0/projects/hypernetworks-for-cryo-em/cryo2structdata-3A/full/4877/6rgq.pdb,N,219,0.000
unrelated,3532,/mnt/main0/projects/hypernetworks-for-cryo-em/cryo2structdata-3A/full/3532/5mmj.pdb,q,165,3981,/mnt/main0/projects/hypernetworks-for-cryo-em/cryo2structdata-3A/full/3981/6exv.pdb,H,150,0.000
unrelated,11244,/mnt/main0/projects/hypernetworks-for-cryo-em/cryo2structdata-3A/full/11244/6zkc.pdb,s,137,25539,/mnt/main0/projects/hypernetworks-for-cryo-em/cryo2structdata-3A/full/25539/7sys.pdb,N,132,0.000
unrelated,10112,/mnt/main0/projects/hypernetworks-for-cryo-em/cryo2structdata-3A/full/10112/6s7t.pdb,I,292,4846,/mnt/main0/projects/hypernetworks-for-cryo-em/cryo2structdata-3A/full/4846/6re9.pdb,4,294,0.000
unrelated,23095,/mnt/main0/projects/hypernetworks-for-cryo-em/cryo2structdata-3A/full/23095/7l06.pdb,E,213,27013,/mnt/main0/projects/hypernetworks-for-cryo-em/cryo2structdata-3A/full/27013/8cvr.pdb,L,204,0.000
unrelated,12826,/mnt/main0/projects/hypernetworks-for-cryo-em/cryo2structdata-3A/full/12826/7ode.pdb,Y,118,31062,/mnt/main0/projects/hypernetworks-for-cryo-em/cryo2structdata-3A/full/31062/7eda.pdb,U,104,0.000
unrelated,32317,/mnt/main0/projects/hypernetworks-for-cryo-em/cryo2structdata-3A/full/32317/7w59.pdb,q,504,32823,/mnt/main0/projects/hypernetworks-for-cryo-em/cryo2structdata-3A/full/32823/7wu7.pdb,C,545,0.000
unrelated,30934,/mnt/main0/projects/hypernetworks-for-cryo-em/cryo2structdata-3A/full/30934/7e0j.pdb,X,249,32683,/mnt/main0/projects/hypernetworks-for-cryo-em/cryo2structdata-3A/full/32683/7wpd.pdb,X,237,0.000
unrelated,9212,/mnt/main0/projects/hypernetworks-for-cryo-em/cryo2structdata-3A/full/9212/6mrt.pdb,A,324,9644,/mnt/main0/projects/hypernetworks-for-cryo-em/cryo2structdata-3A/full/9644/6aku.pdb,A,298,0.000
unrelated,10095,/mnt/main0/projects/hypernetworks-for-cryo-em/cryo2structdata-3A/full/10095/6s3r.pdb,A,250,11889,/mnt/main0/projects/hypernetworks-for-cryo-em/cryo2structdata-3A/full/11889/7as8.pdb,F,209,0.000
unrelated,25163,/mnt/main0/projects/hypernetworks-for-cryo-em/cryo2structdata-3A/full/25163/7sjo.pdb,F,236,26969,/mnt/main0/projects/hypernetworks-for-cryo-em/cryo2structdata-3A/full/26969/8css.pdb,H,201,0.000
unrelated,11250,/mnt/main0/projects/hypernetworks-for-cryo-em/cryo2structdata-3A/full/11250/6zki.pdb,h,114,11876,/mnt/main0/projects/hypernetworks-for-cryo-em/cryo2structdata-3A/full/11876/7ar8.pdb,n,117,0.000
unrelated,26298,/mnt/main0/projects/hypernetworks-for-cryo-em/cryo2structdata-3A/full/26298/7u1a.pdb,F,264,30367,/mnt/main0/projects/hypernetworks-for-cryo-em/cryo2structdata-3A/full/30367/7ch0.pdb,A,260,0.000
unrelated,7324,/mnt/main0/projects/hypernetworks-for-cryo-em/cryo2structdata-3A/full/7324/6c0f.pdb,6,232,9678,/mnt/main0/projects/hypernetworks-for-cryo-em/cryo2structdata-3A/full/9678/6ijj.pdb,F,227,0.000
unrelated,7335,/mnt/main0/projects/hypernetworks-for-cryo-em/cryo2structdata-3A/full/7335/6c24.pdb,N,425,9204,/mnt/main0/projects/hypernetworks-for-cryo-em/cryo2structdata-3A/full/9204/6mrl.pdb,A,386,0.000
unrelated,32244,/mnt/main0/projects/hypernetworks-for-cryo-em/cryo2structdata-3A/full/32244/7w0m.pdb,R,477,32301,/mnt/main0/projects/hypernetworks-for-cryo-em/cryo2structdata-3A/full/32301/7w4d.pdb,r,459,0.000
unrelated,14791,/mnt/main0/projects/hypernetworks-for-cryo-em/cryo2structdata-3A/full/14791/7zm7.pdb,a,203,31191,/mnt/main0/projects/hypernetworks-for-cryo-em/cryo2structdata-3A/full/31191/7emf.pdb,T,212,0.000
unrelated,15561,/mnt/main0/projects/hypernetworks-for-cryo-em/cryo2structdata-3A/full/15561/8ap8.pdb,M,255,31556,/mnt/main0/projects/hypernetworks-for-cryo-em/cryo2structdata-3A/full/31556/7fej.pdb,2,218,0.000
unrelated,13141,/mnt/main0/projects/hypernetworks-for-cryo-em/cryo2structdata-3A/full/13141/7p02.pdb,H,298,32023,/mnt/main0/projects/hypernetworks-for-cryo-em/cryo2structdata-3A/full/32023/7vlk.pdb,A,307,0.000
unrelated,15025,/mnt/main0/projects/hypernetworks-for-cryo-em/cryo2structdata-3A/full/15025/7zyj.pdb,J,205,32464,/mnt/main0/projects/hypernetworks-for-cryo-em/cryo2structdata-3A/full/32464/7wff.pdb,f,238,0.000
unrelated,12923,/mnt/main0/projects/hypernetworks-for-cryo-em/cryo2structdata-3A/full/12923/7oia.pdb,i,128,15558,/mnt/main0/projects/hypernetworks-for-cryo-em/cryo2structdata-3A/full/15558/8ap4.pdb,o,115,0.000
unrelated,27177,/mnt/main0/projects/hypernetworks-for-cryo-em/cryo2structdata-3A/full/27177/8d48.pdb,L,220,31433,/mnt/main0/projects/hypernetworks-for-cryo-em/cryo2structdata-3A/full/31433/7f3f.pdb,E,216,0.000
unrelated,9989,/mnt/main0/projects/hypernetworks-for-cryo-em/cryo2structdata-3A/full/9989/6khi.pdb,C,132,9998,/mnt/main0/projects/hypernetworks-for-cryo-em/cryo2structdata-3A/full/9998/6kiu.pdb,J,145,0.000
unrelated,11255,/mnt/main0/projects/hypernetworks-for-cryo-em/cryo2structdata-3A/full/11255/6zkn.pdb,6,223,23888,/mnt/main0/projects/hypernetworks-for-cryo-em/cryo2structdata-3A/full/23888/7mka.pdb,d,221,0.000
unrelated,32513,/mnt/main0/projects/hypernetworks-for-cryo-em/cryo2structdata-3A/full/32513/7whw.pdb,B,414,4822,/mnt/main0/projects/hypernetworks-for-cryo-em/cryo2structdata-3A/full/4822/6rdl.pdb,2,441,0.000
unrelated,15326,/mnt/main0/projects/hypernetworks-for-cryo-em/cryo2structdata-3A/full/15326/8abm.pdb,H,93,8937,/mnt/main0/projects/hypernetworks-for-cryo-em/cryo2structdata-3A/full/8937/6dzp.pdb,g,82,0.000
unrelated,31429,/mnt/main0/projects/hypernetworks-for-cryo-em/cryo2structdata-3A/full/31429/7f2o.pdb,A,361,32191,/mnt/main0/projects/hypernetworks-for-cryo-em/cryo2structdata-3A/full/32191/7vy1.pdb,w,357,0.000
unrelated,11263,/mnt/main0/projects/hypernetworks-for-cryo-em/cryo2structdata-3A/full/11263/6zkv.pdb,W,189,32678,/mnt/main0/projects/hypernetworks-for-cryo-em/cryo2structdata-3A/full/32678/7wp8.pdb,F,183,0.000
unrelated,4537,/mnt/main0/projects/hypernetworks-for-cryo-em/cryo2structdata-3A/full/4537/6qel.pdb,G,245,9854,/mnt/main0/projects/hypernetworks-for-cryo-em/cryo2structdata-3A/full/9854/6jo6.pdb,6,232,0.000
unrelated,4851,/mnt/main0/projects/hypernetworks-for-cryo-em/cryo2structdata-3A/full/4851/6ree.pdb,R,199,7062,/mnt/main0/projects/hypernetworks-for-cryo-em/cryo2structdata-3A/full/7062/6b70.pdb,D,211,0.000
unrelated,11040,/mnt/main0/projects/hypernetworks-for-cryo-em/cryo2structdata-3A/full/11040/6z1u.pdb,b,214,15045,/mnt/main0/projects/hypernetworks-for-cryo-em/cryo2structdata-3A/full/15045/8a02.pdb,D,239,0.000
unrelated,20750,/mnt/main0/projects/hypernetworks-for-cryo-em/cryo2structdata-3A/full/20750/6ue8.pdb,A,245,9362,/mnt/main0/projects/hypernetworks-for-cryo-em/cryo2structdata-3A/full/9362/6nf8.pdb,p,258,0.000
unrelated,21572,/mnt/main0/projects/hypernetworks-for-cryo-em/cryo2structdata-3A/full/21572/6w7n.pdb,C,233,7351,/mnt/main0/projects/hypernetworks-for-cryo-em/cryo2structdata-3A/full/7351/6c6u.pdb,G,239,0.000
unrelated,11082,/mnt/main0/projects/hypernetworks-for-cryo-em/cryo2structdata-3A/full/11082/6z5u.pdb,K,276,33889,/mnt/main0/projects/hypernetworks-for-cryo-em/cryo2structdata-3A/full/33889/7yk7.pdb,S,248,0.000
unrelated,32517,/mnt/main0/projects/hypernetworks-for-cryo-em/cryo2structdata-3A/full/32517/7wi0.pdb,H,123,4345,/mnt/main0/projects/hypernetworks-for-cryo-em/cryo2structdata-3A/full/4345/6g2j.pdb,A,115,0.000
unrelated,11260,/mnt/main0/projects/hypernetworks-for-cryo-em/cryo2structdata-3A/full/11260/6zks.pdb,s,137,32303,/mnt/main0/projects/hypernetworks-for-cryo-em/cryo2structdata-3A/full/32303/7w4f.pdb,o,128,0.000
unrelated,24937,/mnt/main0/projects/hypernetworks-for-cryo-em/cryo2structdata-3A/full/24937/7s9u.pdb,E,207,31659,/mnt/main0/projects/hypernetworks-for-cryo-em/cryo2structdata-3A/full/31659/7v2p.pdb,D,209,0.000
unrelated,22432,/mnt/main0/projects/hypernetworks-for-cryo-em/cryo2structdata-3A/full/22432/7jqb.pdb,B,295,25772,/mnt/main0/projects/hypernetworks-for-cryo-em/cryo2structdata-3A/full/25772/7taf.pdb,A,296,0.000
unrelated,15326,/mnt/main0/projects/hypernetworks-for-cryo-em/cryo2structdata-3A/full/15326/8abm.pdb,E,225,4640,/mnt/main0/projects/hypernetworks-for-cryo-em/cryo2structdata-3A/full/4640/6qum.pdb,G,223,0.000
unrelated,13015,/mnt/main0/projects/hypernetworks-for-cryo-em/cryo2structdata-3A/full/13015/7opc.pdb,E,210,14731,/mnt/main0/projects/hypernetworks-for-cryo-em/cryo2structdata-3A/full/14731/7zhg.pdb,E,243,0.000
unrelated,12744,/mnt/main0/projects/hypernetworks-for-cryo-em/cryo2structdata-3A/full/12744/7o73.pdb,V,129,4822,/mnt/main0/projects/hypernetworks-for-cryo-em/cryo2structdata-3A/full/4822/6rdl.pdb,A,127,0.000
unrelated,25685,/mnt/main0/projects/hypernetworks-for-cryo-em/cryo2structdata-3A/full/25685/7t4q.pdb,D,254,34415,/mnt/main0/projects/hypernetworks-for-cryo-em/cryo2structdata-3A/full/34415/8h0v.pdb,u,219,0.000
unrelated,10762,/mnt/main0/projects/hypernetworks-for-cryo-em/cryo2structdata-3A/full/10762/6yan.pdb,U,142,27249,/mnt/main0/projects/hypernetworks-for-cryo-em/cryo2structdata-3A/full/27249/8d8j.pdb,R,138,0.000
unrelated,10468,/mnt/main0/projects/hypernetworks-for-cryo-em/cryo2structdata-3A/full/10468/6tdv.pdb,J,104,15937,/mnt/main0/projects/hypernetworks-for-cryo-em/cryo2structdata-3A/full/15937/8ba0.pdb,g,106,0.000
unrelated,32198,/mnt/main0/projects/hypernetworks-for-cryo-em/cryo2structdata-3A/full/32198/7vya.pdb,T,96,8624,/mnt/main0/projects/hypernetworks-for-cryo-em/cryo2structdata-3A/full/8624/5uz9.pdb,K,96,0.000
unrelated,9659,/mnt/main0/projects/hypernetworks-for-cryo-em/cryo2structdata-3A/full/9659/6ifz.pdb,E,220,9680,/mnt/main0/projects/hypernetworks-for-cryo-em/cryo2structdata-3A/full/9680/6ijo.pdb,F,227,0.000
unrelated,12251,/mnt/main0/projects/hypernetworks-for-cryo-em/cryo2structdata-3A/full/12251/7nax.pdb,H,130,7334,/mnt/main0/projects/hypernetworks-for-cryo-em/cryo2structdata-3A/full/7334/6c23.pdb,Z,135,0.000
unrelated,12898,/mnt/main0/projects/hypernetworks-for-cryo-em/cryo2structdata-3A/full/12898/7oha.pdb,M,122,13017,/mnt/main0/projects/hypernetworks-for-cryo-em/cryo2structdata-3A/full/13017/7ope.pdb,R,120,0.000
unrelated,21961,/mnt/main0/projects/hypernetworks-for-cryo-em/cryo2structdata-3A/full/21961/6wxl.pdb,E,221,32958,/mnt/main0/projects/hypernetworks-for-cryo-em/cryo2structdata-3A/full/32958/7x25.pdb,A,221,0.000
unrelated,14791,/mnt/main0/projects/hypernetworks-for-cryo-em/cryo2structdata-3A/full/14791/7zm7.pdb,6,224,25848,/mnt/main0/projects/hypernetworks-for-cryo-em/cryo2structdata-3A/full/25848/7teo.pdb,a,250,0.000
unrelated,14537,/mnt/main0/projects/hypernetworks-for-cryo-em/cryo2structdata-3A/full/14537/7z7t.pdb,K,100,30218,/mnt/main0/projects/hypernetworks-for-cryo-em/cryo2structdata-3A/full/30218/7bvf.pdb,P,99,0.000
unrelated,32676,/mnt/main0/projects/hypernetworks-for-cryo-em/cryo2structdata-3A/full/32676/7wp6.pdb,B,119,6817,/mnt/main0/projects/hypernetworks-for-cryo-em/cryo2structdata-3A/full/6817/5y88.pdb,g,110,0.000
unrelated,0891,/mnt/main0/projects/hypernetworks-for-cryo-em/cryo2structdata-3A/full/0891/6lhl.pdb,C,242,23462,/mnt/main0/projects/hypernetworks-for-cryo-em/cryo2structdata-3A/full/23462/7lo6.pdb,H,239,0.000
unrelated,15027,/mnt/main0/projects/hypernetworks-for-cryo-em/cryo2structdata-3A/full/15027/7zyv.pdb,D,230,30955,/mnt/main0/projects/hypernetworks-for-cryo-em/cryo2structdata-3A/full/30955/7e2d.pdb,E,219,0.000
unrelated,31713,/mnt/main0/projects/hypernetworks-for-cryo-em/cryo2structdata-3A/full/31713/7v4j.pdb,A,356,33069,/mnt/main0/projects/hypernetworks-for-cryo-em/cryo2structdata-3A/full/33069/7x9a.pdb,B,351,0.000
unrelated,11259,/mnt/main0/projects/hypernetworks-for-cryo-em/cryo2structdata-3A/full/11259/6zkr.pdb,6,223,14302,/mnt/main0/projects/hypernetworks-for-cryo-em/cryo2structdata-3A/full/14302/7r4f.pdb,I,212,0.000
unrelated,15333,/mnt/main0/projects/hypernetworks-for-cryo-em/cryo2structdata-3A/full/15333/8ac4.pdb,D,330,4822,/mnt/main0/projects/hypernetworks-for-cryo-em/cryo2structdata-3A/full/4822/6rdl.pdb,M,327,0.000
unrelated,9645,/mnt/main0/projects/hypernetworks-for-cryo-em/cryo2structdata-3A/full/9645/6icz.pdb,E,357,9911,/mnt/main0/projects/hypernetworks-for-cryo-em/cryo2structdata-3A/full/9911/6k41.pdb,H,307,0.000
unrelated,34119,/mnt/main0/projects/hypernetworks-for-cryo-em/cryo2structdata-3A/full/34119/7yv7.pdb,F,218,3863,/mnt/main0/projects/hypernetworks-for-cryo-em/cryo2structdata-3A/full/3863/5oyp.pdb,A,243,0.000
unrelated,27251,/mnt/main0/projects/hypernetworks-for-cryo-em/cryo2structdata-3A/full/27251/8d8l.pdb,H,155,33032,/mnt/main0/projects/hypernetworks-for-cryo-em/cryo2structdata-3A/full/33032/7x75.pdb,G,159,0.000
unrelated,13239,/mnt/main0/projects/hypernetworks-for-cryo-em/cryo2structdata-3A/full/13239/7p7l.pdb,B,220,31956,/mnt/main0/projects/hypernetworks-for-cryo-em/cryo2structdata-3A/full/31956/7vfj.pdb,B,220,0.000
unrelated,23248,/mnt/main0/projects/hypernetworks-for-cryo-em/cryo2structdata-3A/full/23248/7lab.pdb,L,199,30926,/mnt/main0/projects/hypernetworks-for-cryo-em/cryo2structdata-3A/full/30926/7dz8.pdb,D,196,0.000
unrelated,24937,/mnt/main0/projects/hypernetworks-for-cryo-em/cryo2structdata-3A/full/24937/7s9u.pdb,K,122,32214,/mnt/main0/projects/hypernetworks-for-cryo-em/cryo2structdata-3A/full/32214/7vys.pdb,v,124,0.000
unrelated,25676,/mnt/main0/projects/hypernetworks-for-cryo-em/cryo2structdata-3A/full/25676/7t4g.pdb,I,232,31874,/mnt/main0/projects/hypernetworks-for-cryo-em/cryo2structdata-3A/full/31874/7vb7.pdb,O,217,0.000
unrelated,0645,/mnt/main0/projects/hypernetworks-for-cryo-em/cryo2structdata-3A/full/0645/6o7u.pdb,c,213,12171,/mnt/main0/projects/hypernetworks-for-cryo-em/cryo2structdata-3A/full/12171/7bg6.pdb,3,236,0.000
unrelated,3531,/mnt/main0/projects/hypernetworks-for-cryo-em/cryo2structdata-3A/full/3531/5mmi.pdb,B,121,3981,/mnt/main0/projects/hypernetworks-for-cryo-em/cryo2structdata-3A/full/3981/6exv.pdb,I,125,0.000
unrelated,27393,/mnt/main0/projects/hypernetworks-for-cryo-em/cryo2structdata-3A/full/27393/8dej.pdb,A,227,4815,/mnt/main0/projects/hypernetworks-for-cryo-em/cryo2structdata-3A/full/4815/6rde.pdb,P,229,0.000
unrelated,10655,/mnt/main0/projects/hypernetworks-for-cryo-em/cryo2structdata-3A/full/10655/6xz7.pdb,N,125,4356,/mnt/main0/projects/hypernetworks-for-cryo-em/cryo2structdata-3A/full/4356/6g72.pdb,d,120,0.000
unrelated,32249,/mnt/main0/projects/hypernetworks-for-cryo-em/cryo2structdata-3A/full/32249/7w0y.pdb,I,112,32317,/mnt/main0/projects/hypernetworks-for-cryo-em/cryo2structdata-3A/full/32317/7w59.pdb,c,119,0.000
unrelated,0849,/mnt/main0/projects/hypernetworks-for-cryo-em/cryo2structdata-3A/full/0849/6l7o.pdb,G,200,20607,/mnt/main0/projects/hypernetworks-for-cryo-em/cryo2structdata-3A/full/20607/6u0m.pdb,B,198,0.000
unrelated,25655,/mnt/main0/projects/hypernetworks-for-cryo-em/cryo2structdata-3A/full/25655/7t3d.pdb,H,122,4255,/mnt/main0/projects/hypernetworks-for-cryo-em/cryo2structdata-3A/full/4255/6ff4.pdb,z,125,0.000
unrelated,4638,/mnt/main0/projects/hypernetworks-for-cryo-em/cryo2structdata-3A/full/4638/6qul.pdb,K,142,4982,/mnt/main0/projects/hypernetworks-for-cryo-em/cryo2structdata-3A/full/4982/6rqh.pdb,H,146,0.000
unrelated,32784,/mnt/main0/projects/hypernetworks-for-cryo-em/cryo2structdata-3A/full/32784/7wtf.pdb,J,104,33127,/mnt/main0/projects/hypernetworks-for-cryo-em/cryo2structdata-3A/full/33127/7xct.pdb,A,99,0.000
unrelated,13078,/mnt/main0/projects/hypernetworks-for-cryo-em/cryo2structdata-3A/full/13078/7oui.pdb,N,232,21460,/mnt/main0/projects/hypernetworks-for-cryo-em/cryo2structdata-3A/full/21460/6vyh.pdb,D,238,0.000
unrelated,10519,/mnt/main0/projects/hypernetworks-for-cryo-em/cryo2structdata-3A/full/10519/6tmf.pdb,H,125,22109,/mnt/main0/projects/hypernetworks-for-cryo-em/cryo2structdata-3A/full/22109/6x9s.pdb,H,125,0.000
unrelated,14436,/mnt/main0/projects/hypernetworks-for-cryo-em/cryo2structdata-3A/full/14436/7z10.pdb,f,104,9645,/mnt/main0/projects/hypernetworks-for-cryo-em/cryo2structdata-3A/full/9645/6icz.pdb,c,119,0.000
unrelated,27870,/mnt/main0/projects/hypernetworks-for-cryo-em/cryo2structdata-3A/full/27870/8e3q.pdb,C,245,32985,/mnt/main0/projects/hypernetworks-for-cryo-em/cryo2structdata-3A/full/32985/7x3e.pdb,C,238,0.000
