emd,chain,seq_idx,n_obs,n_heavy,seq_sha1,n_copies,split,in_alignment_set,key
0031,A,0,1439,11350,e93c21ebc12d,1,val,0,0031_A
0031,B,1,1132,9052,9b3161196ddf,1,val,0,0031_B
0031,C,2,263,2115,b838c61484aa,1,val,1,0031_C
0031,D,3,126,1004,928ba89aa6ab,1,val,1,0031_D
0031,E,4,209,1720,de37ac4481b5,1,val,1,0031_E
0031,F,5,82,657,78fbff3af748,1,val,0,0031_F
0031,G,6,171,1333,1da34b209f2e,1,val,0,0031_G
0031,H,7,148,1186,5ecc3d72561c,1,val,0,0031_H
0031,I,8,117,949,df538ac2908f,1,val,0,0031_I
0031,J,9,67,533,b83ce02a01f3,1,val,0,0031_J
0031,K,10,115,920,21a801b62f2d,1,val,0,0031_K
0031,L,11,46,388,7f9133b12265,1,val,0,0031_L
0031,M,12,994,4697,1432842d7bab,1,val,0,0031_M
0031,Q,13,584,2916,2cf2e6e510d6,1,val,0,0031_Q
0031,W,14,300,2333,d0df0feaa3e2,1,val,0,0031_W
0031,Y,15,116,911,71eb0f558121,1,val,0,0031_Y
0031,Z,16,486,3878,8a14a9bee5ff,1,val,0,0031_Z
0038,A,0,1407,11142,8f5927001ed6,1,train,0,0038_A
0038,B,1,1116,8928,133f6c999fe4,1,train,0,0038_B
0038,C,2,258,2072,ad1fc0b8aee9,1,train,0,0038_C
0038,D,3,128,997,f3973687061c,1,train,0,0038_D
0038,E,4,209,1721,de37ac4481b5,1,train,1,0038_E
0038,F,5,82,658,78fbff3af748,1,train,0,0038_F
0038,G,6,171,1305,1da34b209f2e,1,train,0,0038_G
0038,H,7,148,1186,5ecc3d72561c,1,train,0,0038_H
0038,I,8,117,950,df538ac2908f,1,train,1,0038_I
0038,J,9,67,533,b83ce02a01f3,1,train,0,0038_J
0038,K,10,115,920,21a801b62f2d,1,train,0,0038_K
0038,L,11,46,389,7f9133b12265,1,train,0,0038_L
0038,U,12,183,1410,8109caf889f3,1,train,0,0038_U
0038,V,13,445,1780,efce70eec019,1,train,0,0038_V
0038,W,14,497,3653,04ac9f0cae3f,1,train,0,0038_W
0038,Y,15,116,911,71eb0f558121,1,train,0,0038_Y
0038,Z,16,470,3770,d3afba5f152f,1,train,1,0038_Z
0180,A,0,86,697,5996743d1fb1,1,train,1,0180_A
0180,B,1,440,3432,c26580fd601c,2,train,0,0180_B
0180,C,1,440,3432,c26580fd601c,2,train,0,0180_C
0180,D,2,106,896,c3887cf07abf,2,train,0,0180_D
0180,E,2,106,896,c3887cf07abf,2,train,0,0180_E
0181,A,0,261,2071,48685b2647e7,1,test,1,0181_A
0181,B,1,247,1918,8a492be387b9,1,test,0,0181_B
0181,C,2,238,1807,075e4fc63679,1,test,0,0181_C
0181,D,3,38,296,44aa19ecc410,1,test,0,0181_D
0238,A,0,1458,11513,dbb9ddb4ab2e,1,train,0,0238_A
0238,B,1,1166,9270,7ef341da554d,1,train,0,0238_B
0238,C,2,304,2415,ce99d57b0147,1,train,0,0238_C
0238,D,3,59,467,6feeaf955f54,1,train,0,0238_D
0238,E,4,214,1751,680582145be4,1,train,1,0238_E
0238,F,5,100,823,650995763bb6,1,train,0,0238_F
0238,G,6,176,1386,8a886634015d,1,train,0,0238_G
0238,H,7,131,1052,60757235aaf2,1,train,0,0238_H
0238,I,8,66,486,138883a19b0e,1,train,0,0238_I
0238,J,9,69,569,f996cfba8e05,1,train,0,0238_J
0238,K,10,98,766,727fca038ad5,1,train,0,0238_K
0238,L,11,44,352,1f02c693892a,1,train,0,0238_L
0238,M,12,129,1011,c88f2f9906fd,1,train,0,0238_M
0238,N,13,140,1110,7514847bf874,1,train,0,0238_N
0243,1,0,47,390,9dfb0badae93,1,train,0,0243_1
0243,2,1,43,367,7aa6ed4cdd31,1,train,0,0243_2
0243,3,2,64,521,1603a3dcb83b,1,train,0,0243_3
0243,4,3,37,295,ff25cb651fe8,1,train,0,0243_4
0243,C,4,274,2094,1749e50ddc37,1,train,1,0243_C
0243,D,5,215,1627,2a243e83d1c8,1,train,0,0243_D
0243,E,6,206,1572,614e2817a042,1,train,0,0243_E
0243,F,7,158,778,258b7cc3a8a3,1,train,0,0243_F
0243,G,8,175,1263,b61646ede4e3,1,train,0,0243_G
0243,H,9,145,1143,686b50c16ee0,1,train,0,0243_H
0243,I,10,122,918,30deb0e3b8c7,1,train,0,0243_I
0243,J,11,146,1086,dba8a0729344,1,train,0,0243_J
0243,K,12,137,1071,63ee6a2a9970,1,train,0,0243_K
0243,L,13,120,932,2db13dc496a5,1,train,0,0243_L
0243,M,14,119,882,7b2116843ebb,1,train,0,0243_M
0243,N,15,114,889,71185b78f48a,1,train,1,0243_N
0243,O,16,116,942,25d890d39331,1,train,0,0243_O
0243,P,17,102,790,3d1f034c9a23,1,train,0,0243_P
0243,Q,18,112,854,90eaef3608ec,1,train,0,0243_Q
0243,R,19,89,715,869f36fec77f,1,train,0,0243_R
0243,S,20,103,770,e45e755290b4,1,train,0,0243_S
0243,T,21,94,722,a04baf2399d0,1,train,0,0243_T
0243,U,22,79,597,e4181655b6ad,1,train,0,0243_U
0243,V,23,49,379,c2ae08cdb63e,1,train,0,0243_V
0243,W,24,67,541,bafa0bf7a430,1,train,0,0243_W
0243,X,25,58,449,942668cc4e69,1,train,0,0243_X
0243,Z,26,48,360,cf663a1c8a51,1,train,0,0243_Z
0279,A,0,347,2809,34bf4a111d44,1,train,0,0279_A
0279,B,1,336,2758,f91d98dcdd1a,1,train,0,0279_B
0279,C,2,330,2720,7ba73e55f1cc,1,train,0,0279_C
0279,D,3,344,2787,e280b7b36fa4,1,train,0,0279_D
0279,E,4,334,2740,07c3e3cfa6bc,1,train,0,0279_E
0279,G,5,121,941,45dee95f7ece,1,train,1,0279_G
0280,A,0,347,2809,34bf4a111d44,1,train,1,0280_A
0280,B,1,336,2758,f91d98dcdd1a,1,train,0,0280_B
0280,C,2,330,2720,7ba73e55f1cc,1,train,0,0280_C
0280,D,3,347,2812,2376f50ca85f,1,train,0,0280_D
0280,E,4,334,2740,07c3e3cfa6bc,1,train,0,0280_E
0280,G,5,121,941,45dee95f7ece,1,train,0,0280_G
0322,0,0,56,444,20662074c6dc,1,val,0,0322_0
0322,1,1,50,409,025d457889a6,1,val,0,0322_1
0322,2,2,46,377,917fd91fa1d1,1,val,0,0322_2
0322,3,3,64,504,e262703728ed,1,val,0,0322_3
0322,4,4,38,302,43ab24acc3be,1,val,0,0322_4
0322,5,5,148,1117,80f84cfeeca3,1,val,0,0322_5
0322,6,6,30,227,14e724180c4c,1,val,0,0322_6
0322,8,7,94,753,f168559556cf,1,val,0,0322_8
0322,C,8,271,2082,dc0ca816fa2a,1,val,0,0322_C
0322,D,9,209,1565,3949dea42f5c,1,val,1,0322_D
0322,E,10,201,1552,59baeb04bdd4,1,val,0,0322_E
0322,F,11,177,1410,020a5720fed5,1,val,0,0322_F
0322,G,12,175,1313,e1a5d0966505,1,val,0,0322_G
0322,H,13,50,384,1d348e776988,1,val,0,0322_H
0322,I,14,141,1032,1bb66feabace,1,val,0,0322_I
0322,J,15,142,1129,cfbedf730201,1,val,0,0322_J
0322,K,16,122,938,217b4e1f5707,1,val,0,0322_K
0322,L,17,143,1045,2096168d2b86,1,val,0,0322_L
0322,M,18,136,1074,6334c138321d,1,val,0,0322_M
0322,N,19,120,960,3de31a0153bf,1,val,0,0322_N
0322,O,20,116,892,cbc8767a2cdc,1,val,0,0322_O
0322,P,21,114,917,f2f735ce1e57,1,val,0,0322_P
0322,Q,22,117,947,6b8dfeb549bf,1,val,1,0322_Q
0322,R,23,103,816,b3eb9333aa66,1,val,1,0322_R
0322,S,24,110,857,c4e9259c84c1,1,val,0,0322_S
0322,T,25,93,738,45296cc18fac,1,val,0,0322_T
0322,W,26,79,596,a86db873cfd4,1,val,0,0322_W
0322,X,27,77,625,29a1aee1fff6,1,val,0,0322_X
0322,Y,28,63,509,31a24983055e,1,val,0,0322_Y
0322,Z,29,58,449,f8d3ad4d81e1,1,val,0,0322_Z
0322,h,30,102,779,b52fee32a842,1,val,0,0322_h
0322,z,31,89,688,f93e3a6e2810,1,val,0,0322_z
0332,A,0,290,2255,a1da34682cab,1,test,1,0332_A
0332,B,1,245,1897,df17bc67af15,1,test,0,0332_B
0332,C,2,242,1867,820c7f61a484,1,test,0,0332_C
0332,D,3,58,449,7614a434b597,1,test,0,0332_D
0332,E,4,392,3175,ac54fb162dd6,1,test,0,0332_E
0336,A,0,391,2960,687982d4674e,1,train,0,0336_A
0336,B,1,32,229,2ed13b789037,1,train,0,0336_B
0336,C,2,55,435,d2cda3db8f0f,1,train,0,0336_C
0336,D,3,487,3779,5041466a5053,1,train,0,0336_D
0336,E,4,135,1095,f96128044e09,1,train,1,0336_E
0336,F,5,190,1433,86d88dfd42fc,1,train,0,0336_F
0339,A,0,218,1646,147b57f2c8db,1,train,0,0339_A
0339,B,1,338,2553,edee59cbca1d,1,train,0,0339_B
0339,C,2,57,435,e0141361967b,1,train,0,0339_C
0339,R,3,276,1988,a40a3b01a876,1,train,0,0339_R
0339,S,4,232,1746,b1b46e319a8c,1,train,1,0339_S
0341,A,0,261,2136,131ed2041555,2,train,0,0341_A
0341,B,1,262,2150,56c4bcfa91b4,2,train,0,0341_B
0341,C,0,261,2136,131ed2041555,2,train,0,0341_C
0341,D,1,262,2150,56c4bcfa91b4,2,train,0,0341_D
0341,E,2,30,262,af0fad669cbc,4,train,0,0341_E
0341,F,2,30,262,af0fad669cbc,4,train,0,0341_F
0341,G,2,30,262,af0fad669cbc,4,train,0,0341_G
0341,H,2,30,262,af0fad669cbc,4,train,0,0341_H
0341,I,3,215,1649,b71a5341ffe0,2,train,0,0341_I
0341,J,4,228,1720,e33dfd59451f,2,train,1,0341_J
0341,K,3,215,1649,b71a5341ffe0,2,train,0,0341_K
0341,L,4,228,1720,e33dfd59451f,2,train,0,0341_L
0402,A,0,1169,9032,1c06fdaa1539,1,train,0,0402_A
0402,B,1,958,7402,125af5e085e1,1,train,0,0402_B
0402,C,2,959,7404,2b84d8ab31ec,1,train,0,0402_C
0402,H,3,123,738,d4b9cf8b1aa1,1,train,1,0402_H
0402,L,4,106,607,a9d205739db0,1,train,0,0402_L
0410,A,0,227,1890,711600d27ab6,1,train,1,0410_A
0410,B,1,338,2601,edee59cbca1d,1,train,0,0410_B
0410,G,2,57,436,9b808b5d658e,1,train,0,0410_G
0410,N,3,126,961,90dc4e3d7b0c,1,train,0,0410_N
0410,P,4,32,271,0e4b8e530f26,1,train,0,0410_P
0410,R,5,368,3025,0e089b12bf65,1,train,0,0410_R
0425,A,0,335,2494,1828c7816476,1,train,1,0425_A
0425,B,1,483,3579,eab0384bd9a9,1,train,0,0425_B
0425,C,2,100,793,eda1c5e4dc05,1,train,0,0425_C
0425,D,3,504,3817,c79bd11382e9,1,train,0,0425_D
0425,E,4,101,772,ba43d3a88032,1,train,0,0425_E
0425,F,5,655,4902,518326161373,1,train,0,0425_F
0425,G,6,191,1373,21418f215f2f,1,train,0,0425_G
0425,H,7,392,3105,cf9065f18725,1,train,0,0425_H
0425,I,8,184,1444,797490cc0600,1,train,0,0425_I
0425,J,9,161,1295,a2b8ba7471d8,1,train,0,0425_J
0425,K,10,212,1615,f7b5b4b170bf,1,train,0,0425_K
0425,L,11,66,536,b5fbbd471eda,1,train,0,0425_L
0425,M,12,111,866,f44d5de4f52e,1,train,1,0425_M
0425,N,13,148,1158,77abe848924d,1,train,0,0425_N
0425,O,14,69,543,1833f1891ae9,1,train,0,0425_O
0425,P,15,42,318,0e9d8eb3190b,1,train,0,0425_P
0425,Q,16,43,327,ead90f96b279,1,train,0,0425_Q
0425,S,17,57,440,091b5bd0513c,1,train,0,0425_S
0452,A,0,635,5100,94447269fc30,1,train,1,0452_A
0452,B,1,733,5905,7126537b8626,1,train,0,0452_B
0452,C,2,239,1812,2b54a6f6a8ed,1,train,0,0452_C
0452,D,3,452,3589,10dd734f9e75,1,train,0,0452_D
0452,E,4,310,2430,64ba84539ec8,1,train,0,0452_E
0452,F,5,263,2065,2c7024615245,1,train,0,0452_F
0452,G,6,66,522,bdda6762a97b,1,train,0,0452_G
0452,H,7,210,1592,2d057ab47fd2,1,train,0,0452_H
0482,B,0,217,1696,dca6cd5c4712,1,train,0,0482_B
0482,C,1,206,1624,9d92ce33fb81,1,train,0,0482_C
0482,D,2,205,1643,a0946ea8f78f,1,train,0,0482_D
0482,E,3,149,1089,0639996f58ef,1,train,0,0482_E
0482,F,4,77,630,3116818e2d66,1,train,0,0482_F
0482,H,5,129,979,1885ae2d39ac,1,train,0,0482_H
0482,J,6,98,786,ecf80bed5a2e,1,train,0,0482_J
0482,L,7,123,955,11db71fd943d,1,train,0,0482_L
0482,N,8,96,774,30eb8b6980be,1,train,0,0482_N
0482,O,9,86,698,041346d90c77,1,train,1,0482_O
0482,P,10,79,629,6727db5e3900,1,train,0,0482_P
0482,Q,11,79,641,d02c26e609ab,1,train,0,0482_Q
0482,R,12,49,405,b4bf44b067f6,1,train,0,0482_R
0482,S,13,74,594,1bc0434da81b,1,train,0,0482_S
0482,T,14,85,659,5646e5432417,1,train,0,0482_T
0553,A,0,499,4012,69a98180700f,1,train,1,0553_A
0553,Z,1,95,728,09eb296c75c5,1,train,0,0553_Z
0554,A,0,81,622,2ea800ca2ec4,1,train,0,0554_A
0554,B,1,126,949,5c2dfe61ce55,1,train,1,0554_B
0554,C,2,121,939,36d42b73dd3d,1,train,0,0554_C
0554,D,3,90,684,61289e48ae78,1,train,0,0554_D
0554,E,4,91,666,a7884edcdff6,1,train,0,0554_E
0554,F,5,227,1830,23d2a2a7bdc5,1,train,1,0554_F
0554,G,6,299,2429,d559ba6b7fd5,1,train,0,0554_G
0554,H,7,387,2934,2228b6f7ff19,1,train,0,0554_H
0554,I,8,388,2520,cc5ce7fa82af,1,train,0,0554_I
0642,A,0,741,5935,50d7ec1adcf0,1,train,0,0642_A
0642,B,1,146,1065,66781be29f3c,1,train,1,0642_B
0642,C,2,275,2191,2e485b2cebef,1,train,0,0642_C
0642,D,3,272,2178,4b959ede4316,1,train,0,0642_D
0642,E,4,279,2207,51750d3603e4,1,train,0,0642_E
0642,F,5,268,2078,0475e8c035d6,1,train,0,0642_F
0642,J,6,121,907,867b444c9f13,1,train,0,0642_J
0642,K,7,275,2198,9189693f89e7,1,train,0,0642_K
0649,A,0,590,4055,00336148663e,2,test,0,0649_A
0649,B,0,590,4055,00336148663e,2,test,0,0649_B
0649,C,1,317,2462,113bdbf4b552,1,test,1,0649_C
0649,D,2,318,2472,9b0ffc5af88f,1,test,0,0649_D
0649,E,3,357,2775,e28837634b21,2,test,0,0649_E
0649,F,3,357,2776,e28837634b21,2,test,0,0649_F
0649,G,4,285,2051,f1872a030ea9,2,test,0,0649_G
0649,H,4,285,2051,f1872a030ea9,2,test,0,0649_H
0649,I,5,240,1634,af902ccdf589,2,test,0,0649_I
0649,J,5,240,1634,af902ccdf589,2,test,0,0649_J
0649,L,6,275,1651,406929de30d2,2,test,0,0649_L
0649,M,6,275,1651,406929de30d2,2,test,0,0649_M
0649,S,7,410,2113,2df766684e0b,2,test,1,0649_S
0649,T,7,410,2113,2df766684e0b,2,test,0,0649_T
0651,A,0,426,3172,3827da250027,1,train,1,0651_A
0651,B,1,590,3994,bcda3040719e,1,train,0,0651_B
0651,C,2,317,2415,113bdbf4b552,1,train,0,0651_C
0651,D,3,318,2425,9b0ffc5af88f,1,train,0,0651_D
0651,E,4,357,2712,e28837634b21,2,train,0,0651_E
0651,F,4,357,2713,e28837634b21,2,train,0,0651_F
0651,G,5,285,2025,f1872a030ea9,2,train,0,0651_G
0651,H,5,285,2025,f1872a030ea9,2,train,0,0651_H
0651,I,6,240,1609,af902ccdf589,2,train,0,0651_I
0651,J,6,240,1609,af902ccdf589,2,train,0,0651_J
0651,L,7,275,1651,406929de30d2,1,train,0,0651_L
0651,S,8,410,2096,aae0978e2a85,1,train,0,0651_S
0686,A,0,1913,15793,1debdd2caeaa,1,train,0,0686_A
0686,C,1,920,7348,7f3807c597b6,1,train,0,0686_C
0686,H,2,70,617,31ed8c5880f3,1,train,0,0686_H
0686,I,3,102,822,77c3c254b3e5,1,train,0,0686_I
0686,J,4,27,190,538c72dd008b,1,train,0,0686_J
0686,O,5,357,2810,a37847268431,1,train,0,0686_O
0686,P,6,205,1608,0589533eac66,1,train,0,0686_P
0686,Q,7,292,2301,6a25d04c0485,1,train,0,0686_Q
0686,R,8,261,2089,83d1d7c9d36b,1,train,0,0686_R
0686,S,9,70,567,ca9038752163,1,train,0,0686_S
0686,T,10,157,1291,0c89ab7fb8e0,1,train,1,0686_T
0686,Z,11,447,3651,d0c61867730b,1,train,0,0686_Z
0686,a,12,84,416,fabaf40bfff2,1,train,1,0686_a
0686,b,13,169,841,dfaaf5577922,1,train,0,0686_b
0686,c,14,436,2978,28c0259b24f4,1,train,0,0686_c
0686,d,15,566,3881,9389dc8bf9f0,1,train,0,0686_d
0686,e,16,101,785,7f2b292d92f4,2,train,0,0686_e
0686,g,16,101,785,7f2b292d92f4,2,train,0,0686_g
0686,h,17,68,518,5d006e8a4d2c,2,train,0,0686_h
0686,i,18,74,541,0508fac4a535,2,train,0,0686_i
0686,j,19,75,552,4c90c8f0ab2d,2,train,0,0686_j
0686,k,20,100,809,0c39f98ecb5a,1,train,0,0686_k
0686,l,21,83,641,f13818861563,1,train,0,0686_l
0686,m,22,119,917,3519e1dbb3c8,1,train,0,0686_m
0686,n,23,298,1884,340d8c898e3d,1,train,0,0686_n
0686,o,24,126,830,7d0778802890,1,train,0,0686_o
0686,p,25,128,843,ba9b4d919ddf,1,train,0,0686_p
0686,q,26,129,850,bbb8c30d4b94,1,train,0,0686_q
0686,r,27,125,823,65d625f16365,1,train,0,0686_r
0686,s,28,93,749,69aa8e2a25a9,1,train,0,0686_s
0686,t,29,156,926,150965f5387a,1,train,0,0686_t
0686,u,18,74,526,0508fac4a535,2,train,0,0686_u
0686,v,30,722,4625,a1b44483c875,1,train,0,0686_v
0686,w,17,68,518,5d006e8a4d2c,2,train,0,0686_w
0686,x,19,75,552,4c90c8f0ab2d,2,train,0,0686_x
0686,y,31,81,616,1d8cd965c47a,1,train,0,0686_y
0686,z,32,108,824,1d99f00e3b90,1,train,0,0686_z
0687,A,0,1913,15793,1debdd2caeaa,1,train,0,0687_A
0687,C,1,920,7348,7f3807c597b6,1,train,0,0687_C
0687,I,2,102,822,77c3c254b3e5,1,train,1,0687_I
0687,J,3,27,190,538c72dd008b,1,train,0,0687_J
0687,O,4,357,2810,a37847268431,1,train,0,0687_O
0687,P,5,205,1608,0589533eac66,1,train,0,0687_P
0687,Q,6,292,2301,6a25d04c0485,1,train,0,0687_Q
0687,R,7,261,2089,83d1d7c9d36b,1,train,0,0687_R
0687,S,8,70,567,ca9038752163,1,train,0,0687_S
0687,T,9,157,1291,0c89ab7fb8e0,1,train,0,0687_T
0687,Z,10,447,3651,d0c61867730b,1,train,0,0687_Z
0687,a,11,84,416,fabaf40bfff2,1,train,0,0687_a
0687,b,12,169,841,dfaaf5577922,1,train,0,0687_b
0687,c,13,436,2978,28c0259b24f4,1,train,0,0687_c
0687,d,14,566,3881,9389dc8bf9f0,1,train,0,0687_d
0687,e,15,101,785,7f2b292d92f4,2,train,0,0687_e
0687,g,15,101,785,7f2b292d92f4,2,train,0,0687_g
0687,h,16,68,518,5d006e8a4d2c,2,train,0,0687_h
0687,i,17,74,541,0508fac4a535,2,train,0,0687_i
0687,j,18,75,552,4c90c8f0ab2d,2,train,0,0687_j
0687,k,19,100,809,0c39f98ecb5a,1,train,0,0687_k
0687,l,20,83,641,f13818861563,1,train,1,0687_l
0687,m,21,119,917,3519e1dbb3c8,1,train,0,0687_m
0687,n,22,22,189,3b4d079d3174,1,train,0,0687_n
0687,o,23,126,830,7d0778802890,1,train,0,0687_o
0687,p,24,128,843,ba9b4d919ddf,1,train,0,0687_p
0687,q,25,129,850,bbb8c30d4b94,1,train,0,0687_q
0687,r,26,125,823,65d625f16365,1,train,0,0687_r
0687,s,27,93,749,69aa8e2a25a9,1,train,0,0687_s
0687,t,28,156,926,150965f5387a,1,train,0,0687_t
0687,u,17,74,526,0508fac4a535,2,train,0,0687_u
0687,v,29,722,4625,a1b44483c875,1,train,0,0687_v
0687,w,16,68,518,5d006e8a4d2c,2,train,0,0687_w
0687,x,18,75,552,4c90c8f0ab2d,2,train,0,0687_x
0687,y,30,81,616,1d8cd965c47a,1,train,0,0687_y
0687,z,31,108,824,1d99f00e3b90,1,train,0,0687_z
0688,A,0,195,1523,bc712e6c7712,1,train,0,0688_A
0688,B,1,327,2629,300f6c15c3c9,1,train,1,0688_B
0688,C,2,790,6330,69a0d9054533,5,train,0,0688_C
0688,F,2,790,6330,69a0d9054533,5,train,0,0688_F
0688,G,2,790,6330,69a0d9054533,5,train,0,0688_G
0688,L,2,790,6330,69a0d9054533,5,train,0,0688_L
0688,O,2,790,6330,69a0d9054533,5,train,0,0688_O
0690,A,0,119,887,82967fc75662,4,val,1,0690_A
0690,B,0,119,887,82967fc75662,4,val,0,0690_B
0690,C,0,119,887,82967fc75662,4,val,0,0690_C
0690,D,0,119,887,82967fc75662,4,val,0,0690_D
0691,A,0,1913,15793,1debdd2caeaa,1,test,0,0691_A
0691,C,1,920,7348,7f3807c597b6,1,test,0,0691_C
0691,H,2,71,629,82c98fac982a,1,test,0,0691_H
0691,I,3,102,822,77c3c254b3e5,1,test,0,0691_I
0691,J,4,27,190,538c72dd008b,1,test,0,0691_J
0691,O,5,357,2810,a37847268431,1,test,0,0691_O
0691,P,6,205,1608,0589533eac66,1,test,0,0691_P
0691,Q,7,292,2301,6a25d04c0485,1,test,0,0691_Q
0691,R,8,261,2089,83d1d7c9d36b,1,test,0,0691_R
0691,S,9,70,567,ca9038752163,1,test,0,0691_S
0691,T,10,157,1291,0c89ab7fb8e0,1,test,0,0691_T
0691,Z,11,447,3651,d0c61867730b,1,test,0,0691_Z
0691,a,12,84,416,fabaf40bfff2,1,test,0,0691_a
0691,b,13,169,841,dfaaf5577922,1,test,0,0691_b
0691,c,14,436,2978,28c0259b24f4,1,test,0,0691_c
0691,d,15,566,3881,9389dc8bf9f0,1,test,0,0691_d
0691,e,16,101,785,7f2b292d92f4,2,test,0,0691_e
0691,g,16,101,785,7f2b292d92f4,2,test,0,0691_g
0691,h,17,68,518,5d006e8a4d2c,2,test,0,0691_h
0691,i,18,74,541,0508fac4a535,2,test,0,0691_i
0691,j,19,75,552,4c90c8f0ab2d,2,test,0,0691_j
0691,k,20,100,809,0c39f98ecb5a,1,test,0,0691_k
0691,l,21,83,641,f13818861563,1,test,0,0691_l
0691,m,22,119,917,3519e1dbb3c8,1,test,0,0691_m
0691,n,23,298,1884,340d8c898e3d,1,test,0,0691_n
0691,o,24,126,830,7d0778802890,1,test,0,0691_o
0691,p,25,128,843,ba9b4d919ddf,1,test,0,0691_p
0691,q,26,129,850,bbb8c30d4b94,1,test,0,0691_q
0691,r,27,125,823,65d625f16365,1,test,0,0691_r
0691,s,28,93,749,69aa8e2a25a9,1,test,0,0691_s
0691,t,29,156,926,150965f5387a,1,test,0,0691_t
0691,u,18,74,526,0508fac4a535,2,test,0,0691_u
0691,v,30,722,4625,a1b44483c875,1,test,1,0691_v
0691,w,17,68,518,5d006e8a4d2c,2,test,0,0691_w
0691,x,19,75,552,4c90c8f0ab2d,2,test,0,0691_x
0691,y,31,81,616,1d8cd965c47a,1,test,0,0691_y
0691,z,32,108,824,1d99f00e3b90,1,test,0,0691_z
0692,A,0,1913,15793,1debdd2caeaa,1,train,0,0692_A
0692,C,1,920,7348,7f3807c597b6,1,train,0,0692_C
0692,F,2,161,1316,cac3de3d6a2e,1,train,0,0692_F
0692,H,3,95,810,ee3c37befb49,1,train,0,0692_H
0692,I,4,102,822,77c3c254b3e5,1,train,0,0692_I
0692,J,5,27,190,538c72dd008b,1,train,0,0692_J
0692,O,6,357,2810,a37847268431,1,train,0,0692_O
0692,P,7,205,1608,0589533eac66,1,train,0,0692_P
0692,Q,8,292,2301,6a25d04c0485,1,train,0,0692_Q
0692,R,9,261,2089,83d1d7c9d36b,1,train,0,0692_R
0692,S,10,70,567,ca9038752163,1,train,0,0692_S
0692,T,11,157,1291,0c89ab7fb8e0,1,train,0,0692_T
0692,Z,12,447,3651,d0c61867730b,1,train,0,0692_Z
0692,a,13,84,416,fabaf40bfff2,1,train,0,0692_a
0692,b,14,169,841,dfaaf5577922,1,train,0,0692_b
0692,c,15,436,2978,28c0259b24f4,1,train,0,0692_c
0692,d,16,566,3881,9389dc8bf9f0,1,train,0,0692_d
0692,e,17,101,785,7f2b292d92f4,2,train,0,0692_e
0692,g,17,101,785,7f2b292d92f4,2,train,0,0692_g
0692,h,18,68,518,5d006e8a4d2c,2,train,1,0692_h
0692,i,19,74,541,0508fac4a535,2,train,0,0692_i
0692,j,20,75,552,4c90c8f0ab2d,2,train,0,0692_j
0692,k,21,100,809,0c39f98ecb5a,1,train,0,0692_k
0692,l,22,83,641,f13818861563,1,train,0,0692_l
0692,m,23,119,917,3519e1dbb3c8,1,train,0,0692_m
0692,n,24,298,1884,340d8c898e3d,1,train,0,0692_n
0692,o,25,126,830,7d0778802890,1,train,0,0692_o
0692,p,26,128,843,ba9b4d919ddf,1,train,0,0692_p
0692,q,27,129,850,bbb8c30d4b94,1,train,0,0692_q
0692,r,28,125,823,65d625f16365,1,train,0,0692_r
0692,s,29,93,749,69aa8e2a25a9,1,train,0,0692_s
0692,t,30,156,926,150965f5387a,1,train,0,0692_t
0692,u,19,74,526,0508fac4a535,2,train,0,0692_u
0692,v,31,722,4625,a1b44483c875,1,train,0,0692_v
0692,w,18,68,518,5d006e8a4d2c,2,train,0,0692_w
0692,x,20,75,552,4c90c8f0ab2d,2,train,0,0692_x
0692,y,32,81,616,1d8cd965c47a,1,train,0,0692_y
0692,z,33,108,824,1d99f00e3b90,1,train,0,0692_z
0724,A,0,316,2403,0acb53a511ce,1,test,1,0724_A
0724,B,1,337,2568,508ea96ae7d4,2,test,0,0724_B
0724,C,1,337,2568,508ea96ae7d4,2,test,0,0724_C
0724,D,2,21,165,af36affddc7e,1,test,0,0724_D
0747,A,0,328,2580,7bc72a682c05,12,train,1,0747_A
0747,B,0,328,2580,7bc72a682c05,12,train,0,0747_B
0747,C,0,328,2580,7bc72a682c05,12,train,0,0747_C
0747,D,0,328,2580,7bc72a682c05,12,train,0,0747_D
0747,E,0,328,2580,7bc72a682c05,12,train,0,0747_E
0747,F,0,328,2580,7bc72a682c05,12,train,0,0747_F
0747,G,0,328,2580,7bc72a682c05,12,train,0,0747_G
0747,H,0,328,2580,7bc72a682c05,12,train,0,0747_H
0747,I,0,328,2580,7bc72a682c05,12,train,0,0747_I
0747,J,0,328,2580,7bc72a682c05,12,train,0,0747_J
0747,K,0,328,2580,7bc72a682c05,12,train,0,0747_K
0747,L,0,328,2580,7bc72a682c05,12,train,0,0747_L
0758,A,0,550,4158,bad8cb3ac9d5,1,train,0,0758_A
0758,B,1,518,3937,61aa102f49e2,2,train,1,0758_B
0758,D,2,523,3998,9226f7b1f9e4,1,train,0,0758_D
0758,E,3,536,4133,afcca819d244,1,train,1,0758_E
0758,G,4,520,4004,15f3d729583c,1,train,0,0758_G
0758,H,5,520,3980,7499f60ab3db,1,train,0,0758_H
0758,Q,6,548,4163,930ce9bb4ac1,1,train,0,0758_Q
0758,Z,7,538,4139,436211d7232f,2,train,0,0758_Z
0758,a,8,546,4129,7e9cd7a0d91b,1,train,0,0758_a
0758,b,1,518,3937,61aa102f49e2,2,train,0,0758_b
0758,d,9,524,4005,0b51ae0006c2,1,train,0,0758_d
0758,e,10,535,4124,992da91a4c64,1,train,0,0758_e
0758,g,11,520,4003,65bab757a1c3,1,train,0,0758_g
0758,h,12,527,4032,95816df45492,1,train,0,0758_h
0758,q,13,541,4115,88595ab45293,1,train,0,0758_q
0758,z,7,538,4139,436211d7232f,2,train,0,0758_z
0858,A,0,285,2269,4eb503b33470,1,test,1,0858_A
0858,B,1,251,1959,97c2f8080d21,1,test,0,0858_B
0858,C,2,238,1829,da11089f6114,1,test,0,0858_C
0858,D,3,59,458,bde054468517,1,test,0,0858_D
0858,E,4,263,2069,49f7219a6aae,1,test,0,0858_E
0858,F,5,99,829,3c7486ad1c1e,1,test,0,0858_F
0877,A,0,230,1805,1d2436d315b0,1,train,0,0877_A
0877,B,1,338,2579,edee59cbca1d,1,train,1,0877_B
0877,C,2,57,435,e0141361967b,1,train,0,0877_C
0877,D,3,71,582,25729c6247a9,1,train,0,0877_D
0877,E,4,67,551,39b734f6419a,1,train,0,0877_E
0877,R,5,307,2451,994e88649ab0,1,train,0,0877_R
0877,S,6,232,1750,b1b46e319a8c,1,train,0,0877_S
0889,A,0,209,1681,f50e1c6ac819,1,test,1,0889_A
0889,B,1,208,1612,7495efef1610,1,test,0,0889_B
0889,C,2,219,1679,8f85614b575c,1,test,0,0889_C
0904,A,0,623,5084,da6ef7459240,2,train,0,0904_A
0904,B,1,458,3538,734b0ed66a9b,2,train,1,0904_B
0904,C,0,623,5084,da6ef7459240,2,train,0,0904_C
0904,D,1,458,3538,734b0ed66a9b,2,train,0,0904_D
0923,A,0,240,1732,60cc4fb292a8,9,train,1,0923_A
0923,B,0,240,1732,60cc4fb292a8,9,train,0,0923_B
0923,C,0,240,1732,60cc4fb292a8,9,train,0,0923_C
0923,D,0,240,1732,60cc4fb292a8,9,train,0,0923_D
0923,E,0,240,1732,60cc4fb292a8,9,train,0,0923_E
0923,F,0,240,1732,60cc4fb292a8,9,train,0,0923_F
0923,G,0,240,1732,60cc4fb292a8,9,train,0,0923_G
0923,H,0,240,1732,60cc4fb292a8,9,train,0,0923_H
0923,I,0,240,1732,60cc4fb292a8,9,train,0,0923_I
0930,A,0,197,1611,081f580e4829,1,train,0,0930_A
0930,B,1,309,2500,d094c561ed72,1,train,0,0930_B
0930,C,2,337,2682,fc7db3a23a22,2,train,0,0930_C
0930,D,3,338,2697,5aba856beb02,1,train,0,0930_D
0930,E,2,337,2689,fc7db3a23a22,2,train,0,0930_E
0930,F,4,336,2688,473e80123095,1,train,0,0930_F
0930,G,5,337,2697,eb5634f7fdb5,1,train,0,0930_G
0930,H,6,504,3957,a4a917ec2440,1,train,1,0930_H
0930,I,7,376,3070,03b83c687479,2,train,0,0930_I
0930,J,7,376,3070,03b83c687479,2,train,0,0930_J
0940,A,0,223,1864,1bedb7d2361d,1,train,1,0940_A
0940,B,1,340,2616,b5d8829582c6,1,train,0,0940_B
0940,G,2,56,429,90b8fae971fe,1,train,0,0940_G
0940,N,3,128,973,a02c374db11e,1,train,0,0940_N
0940,P,4,28,225,87e6b5ef8eba,1,train,0,0940_P
0940,R,5,331,2710,5a7dd2bce707,1,train,0,0940_R
0959,A,0,430,3356,d75bad7c80b7,3,test,0,0959_A
0959,B,1,434,3386,ea8e2ac91ba7,4,test,0,0959_B
0959,C,2,432,3370,2b00bb28cb4a,1,test,0,0959_C
0959,D,1,434,3386,ea8e2ac91ba7,4,test,0,0959_D
0959,E,0,430,3356,d75bad7c80b7,3,test,0,0959_E
0959,F,1,434,3386,ea8e2ac91ba7,4,test,0,0959_F
0959,G,0,430,3356,d75bad7c80b7,3,test,0,0959_G
0959,H,1,434,3386,ea8e2ac91ba7,4,test,0,0959_H
0959,I,3,141,1151,b1989d6f3896,4,test,1,0959_I
0959,J,4,157,1284,64177718dd46,4,test,0,0959_J
0959,K,3,141,1151,b1989d6f3896,4,test,0,0959_K
0959,L,4,157,1284,64177718dd46,4,test,0,0959_L
0959,M,3,141,1151,b1989d6f3896,4,test,0,0959_M
0959,N,4,157,1284,64177718dd46,4,test,0,0959_N
0959,O,3,141,1151,b1989d6f3896,4,test,0,0959_O
0959,P,4,157,1284,64177718dd46,4,test,0,0959_P
0959,Q,5,106,877,ce0537cb520c,4,test,0,0959_Q
0959,R,6,105,869,84395b33ff47,4,test,0,0959_R
0959,T,5,106,877,ce0537cb520c,4,test,0,0959_T
0959,U,5,106,877,ce0537cb520c,4,test,0,0959_U
0959,V,6,105,869,84395b33ff47,4,test,0,0959_V
0959,W,6,105,869,84395b33ff47,4,test,0,0959_W
0959,X,5,106,877,ce0537cb520c,4,test,0,0959_X
0959,Y,6,105,869,84395b33ff47,4,test,0,0959_Y
0966,A,0,343,2693,2403434ef1da,2,train,1,0966_A
0966,B,1,386,3134,b30aa15376d3,2,train,0,0966_B
0966,C,2,385,3060,656fdb72039a,2,train,0,0966_C
0966,D,0,343,2693,2403434ef1da,2,train,0,0966_D
0966,E,1,386,3134,b30aa15376d3,2,train,0,0966_E
0966,F,2,385,3060,656fdb72039a,2,train,0,0966_F
0974,A,0,91,739,5049da8afc18,2,train,1,0974_A
0974,B,1,78,622,065c0bc5516d,1,train,0,0974_B
0974,C,2,95,726,4bc35bc9c470,1,train,0,0974_C
0974,D,3,88,682,ee7cdca6704d,1,train,0,0974_D
0974,E,0,91,739,5049da8afc18,2,train,0,0974_E
0974,F,4,77,614,eeecfde12c81,1,train,0,0974_F
0974,G,5,95,727,3799b905413d,1,train,0,0974_G
0974,H,6,90,700,9ce57500ad75,1,train,0,0974_H
0974,I,7,551,4606,f8460ee3ab9f,1,train,0,0974_I
0974,J,8,334,2612,7ddb61d175d1,1,train,0,0974_J
0974,K,9,317,2482,14064e02b660,1,train,0,0974_K
0974,L,10,466,3670,bdb383388658,1,train,0,0974_L
0974,M,11,283,2277,58d15f64b268,1,train,0,0974_M
0974,N,12,261,2120,723a29ecd503,1,train,0,0974_N
0974,O,13,325,2632,d68a1b41110f,1,train,0,0974_O
0974,P,14,239,2015,aafe383be15a,1,train,0,0974_P
0974,Q,15,105,860,35b2e9238fe2,1,train,0,0974_Q
0974,R,16,70,580,40cac9fe1998,1,train,0,0974_R
3145,A,0,398,3176,00ca63befec5,1,test,0,3145_A
3145,B,1,188,1491,04ec261c6c59,1,test,0,3145_B
3145,C,2,205,1571,eba7ea0674f6,1,test,1,3145_C
3145,D,3,166,1245,30bdf1c9cd24,1,test,0,3145_D
3145,E,4,136,1017,b5831cec3dda,1,test,0,3145_E
3145,F,5,217,1721,d5066a8827a1,1,test,0,3145_F
3145,G,6,69,586,1cc23ed88932,1,test,0,3145_G
3145,H,7,52,427,eda2a68f1b98,1,test,0,3145_H
3145,I,8,224,1686,77e64582e60c,1,test,0,3145_I
3145,J,9,250,2015,9ac555600a41,1,test,0,3145_J
3434,A,0,147,1163,b6c8fcccc193,3,train,0,3434_A
3434,B,1,145,1095,fc106f915027,2,train,0,3434_B
3434,C,2,149,1152,1432bcefbc1f,3,train,0,3434_C
3434,D,3,140,1088,63eb1325f256,3,train,0,3434_D
3434,E,0,147,1174,b6c8fcccc193,3,train,0,3434_E
3434,F,1,145,1076,fc106f915027,2,train,0,3434_F
3434,G,2,149,1151,1432bcefbc1f,3,train,0,3434_G
3434,H,3,140,1094,63eb1325f256,3,train,0,3434_H
3434,I,0,147,1168,b6c8fcccc193,3,train,0,3434_I
3434,J,4,144,1089,0a1657bb045f,1,train,0,3434_J
3434,K,2,149,1156,1432bcefbc1f,3,train,0,3434_K
3434,L,3,140,1094,63eb1325f256,3,train,0,3434_L
3434,M,5,217,1679,caf9fc6dffa3,1,train,0,3434_M
3434,N,6,220,1676,57b6cfdd1a0c,1,train,0,3434_N
3434,O,7,215,1636,80eecefd53ed,1,train,1,3434_O
3531,0,0,44,359,affec9e7b008,1,val,0,3531_0
3531,1,1,48,396,f406cde20030,1,val,0,3531_1
3531,2,2,60,489,ad93f17f1036,1,val,0,3531_2
3531,3,3,60,467,c8c300e187f6,1,val,0,3531_3
3531,4,4,72,588,e3ca79e9ef17,1,val,0,3531_4
3531,5,5,37,305,6b6523876e9e,1,val,0,3531_5
3531,6,6,49,422,d134343b5b96,1,val,0,3531_6
3531,7,7,46,368,157a780184b7,1,val,0,3531_7
3531,C,8,253,1952,dabdce719a2a,1,val,0,3531_C
3531,D,9,221,1686,b8904fdaf81f,1,val,0,3531_D
3531,E,10,212,1676,abede543c969,1,val,0,3531_E
3531,F,11,193,1454,167611f2a0e2,1,val,0,3531_F
3531,G,12,178,1391,f5fb6d0bdfa4,1,val,0,3531_G
3531,H,13,48,382,48e5684f1652,1,val,0,3531_H
3531,I,14,137,1106,e3f5268e3d24,1,val,1,3531_I
3531,J,15,133,977,6003fce95093,1,val,0,3531_J
3531,K,16,203,1648,7f4e7cebf8f2,1,val,0,3531_K
3531,L,17,121,942,011ed28befad,1,val,0,3531_L
3531,M,18,185,1410,a7718061759c,1,val,0,3531_M
3531,N,19,135,1075,acaccfe1bc2a,1,val,1,3531_N
3531,O,20,116,944,0a0252b79274,1,val,0,3531_O
3531,P,21,122,962,8fca91dfaafb,1,val,1,3531_P
3531,Q,22,118,953,23f3a6c24475,1,val,0,3531_Q
3531,R,23,119,1029,1b5f7783e2b1,1,val,0,3531_R
3531,S,24,170,1310,1efde91faf06,1,val,0,3531_S
3531,T,25,172,1395,2b60398721f4,1,val,0,3531_T
3531,U,26,96,776,fe68b2372d29,1,val,0,3531_U
3531,V,27,134,1078,819de3449009,1,val,0,3531_V
3531,X,28,109,888,3cb4b25f2c2c,1,val,0,3531_X
3531,Y,29,77,634,5923e4898366,1,val,0,3531_Y
3531,Z,30,101,846,8c0517b6463a,1,val,0,3531_Z
3881,A,0,229,1843,a334d6301121,1,train,0,3881_A
3881,B,1,199,1590,e5007e20d694,1,train,0,3881_B
3881,C,2,273,2166,f7d9272dc8e0,1,train,1,3881_C
3881,D,3,24,204,f7f9932cceaa,1,train,0,3881_D
3958,A,0,1402,10980,affaa5e4ce73,1,train,0,3958_A
3958,B,1,1114,8788,d0e1d4419b0e,1,train,0,3958_B
3958,C,2,335,2655,7ab7a967ac97,1,train,0,3958_C
3958,D,3,119,977,e67c8cd515a1,1,train,0,3958_D
3958,E,4,215,1759,8ff8c02767d7,1,train,0,3958_E
3958,F,5,83,671,35c9dcacb13b,1,train,0,3958_F
3958,G,6,191,1544,2917e0f0bb8f,1,train,0,3958_G
3958,H,7,140,1120,6d2872155b7d,1,train,0,3958_H
3958,I,8,42,321,cd746b19220c,1,train,0,3958_I
3958,J,9,68,558,07b40f8ead01,1,train,1,3958_J
3958,K,10,101,792,0aef903211e5,1,train,0,3958_K
3958,L,11,45,358,7aa8e59e119c,1,train,0,3958_L
3958,M,12,165,1347,d4db2aaac4a0,1,train,0,3958_M
3958,N,13,105,802,f79edf6bae4b,1,train,0,3958_N
3958,O,14,537,4316,d1ad4cf081e3,1,train,0,3958_O
3958,P,15,123,1024,565157a39158,1,train,0,3958_P
3958,Q,16,40,311,a1abd7b8b8d7,1,train,0,3958_Q
3979,A,0,1945,16046,94d339e8948d,1,train,0,3979_A
3979,C,1,880,6999,0d6344d86672,1,train,0,3979_C
3979,D,2,97,579,c9abd1d24cb2,1,train,0,3979_D
3979,H,3,411,2689,a043297f466f,1,train,0,3979_H
3979,J,4,342,2691,2e3a8e64ad7c,1,train,0,3979_J
3979,K,5,170,1355,035c018b59fe,1,train,0,3979_K
3979,L,6,156,1283,f938b65f0892,1,train,0,3979_L
3979,M,7,255,2048,4d6d2059e177,1,train,0,3979_M
3979,N,8,242,1917,e443f01e5358,1,train,0,3979_N
3979,O,9,320,2350,8a83e642f61d,1,train,0,3979_O
3979,P,10,73,600,0ae4c0aa6e08,1,train,0,3979_P
3979,R,11,73,423,710b6d823b34,1,train,0,3979_R
3979,S,12,472,3189,f4168e1f275e,1,train,0,3979_S
3979,T,13,594,2957,ba7cb9feea58,1,train,0,3979_T
3979,V,14,638,5059,eb0f149ef0b1,1,train,0,3979_V
3979,W,15,149,1211,48188bcf4997,1,train,0,3979_W
3979,Y,16,87,704,743236ffaf22,1,train,0,3979_Y
3979,a,17,171,1372,d76368300889,1,train,0,3979_a
3979,b,18,80,631,100d9b7ca15e,1,train,0,3979_b
3979,c,19,204,1709,34097a22f09d,1,train,0,3979_c
3979,d,20,82,625,05d97a443113,2,train,0,3979_d
3979,e,21,75,575,92a496675aba,1,train,0,3979_e
3979,f,22,72,573,87a6d1a21a65,1,train,0,3979_f
3979,g,23,69,529,6d09ebffc894,1,train,0,3979_g
3979,h,24,82,644,6b5389c355b5,1,train,1,3979_h
3979,j,25,94,741,c05ee2d81c38,1,train,0,3979_j
3979,k,26,70,563,39ce6aadadb3,1,train,0,3979_k
3979,l,27,87,679,b0aa80f65cb3,1,train,0,3979_l
3979,m,28,92,752,3014e2cf9a6e,1,train,0,3979_m
3979,n,20,82,632,05d97a443113,2,train,0,3979_n
3979,o,29,322,2599,22d1f62e9038,1,train,0,3979_o
3979,p,30,77,602,5b613d0de65f,1,train,0,3979_p
3979,q,31,73,585,21fbe6346585,1,train,0,3979_q
3979,r,32,75,577,4c90c8f0ab2d,1,train,0,3979_r
3979,s,33,110,548,7919d0a18c04,1,train,0,3979_s
3979,t,34,117,583,0bd25edd74b9,1,train,0,3979_t
3979,u,35,116,578,06ce41817f97,1,train,0,3979_u
3979,v,36,118,588,fa1e624e76c6,1,train,0,3979_v
3979,w,37,114,568,d36c5a3609f4,1,train,0,3979_w
3979,y,38,88,719,804b33b3145c,1,train,0,3979_y
4165,A,0,207,1670,5a7218e233b0,1,train,0,4165_A
4165,B,1,961,7532,3c290bfa609b,1,train,0,4165_B
4165,C,2,445,3617,d352e4cd4b4b,1,train,0,4165_C
4165,D,3,171,1343,8a6e53c41fac,1,train,0,4165_D
4165,E,4,182,1439,4fa3d7847820,1,train,0,4165_E
4165,F,5,382,3167,bebb83c61d3f,1,train,1,4165_F
4165,H,6,156,1234,d943f16af847,1,train,0,4165_H
4170,f,0,411,3363,b2fc1f435294,1,train,1,4170_f
4170,m,1,217,1801,6306325736b7,1,train,0,4170_m
4171,f,0,169,1369,183ed28f0685,1,train,0,4171_f
4171,j,1,303,2392,d9d64206b87f,1,train,1,4171_j
4180,A,0,1397,10964,28af4e516d24,1,val,0,4180_A
4180,B,1,1114,8788,d0e1d4419b0e,1,val,0,4180_B
4180,C,2,335,2655,7ab7a967ac97,1,val,0,4180_C
4180,D,3,119,977,e67c8cd515a1,1,val,0,4180_D
4180,E,4,214,1751,680582145be4,1,val,0,4180_E
4180,F,5,83,671,35c9dcacb13b,1,val,0,4180_F
4180,G,6,180,1448,29931250dcbb,1,val,0,4180_G
4180,H,7,140,1120,6d2872155b7d,1,val,0,4180_H
4180,I,8,34,255,26c5acb8d251,1,val,0,4180_I
4180,J,9,67,549,0787b96ec028,1,val,0,4180_J
4180,K,10,101,792,0aef903211e5,1,val,0,4180_K
4180,L,11,45,358,7aa8e59e119c,1,val,0,4180_L
4180,M,12,183,1484,c43154bcb42e,1,val,1,4180_M
4180,N,13,104,797,86ca63abcaad,1,val,0,4180_N
4180,O,14,534,4293,a211a7afea92,1,val,0,4180_O
4180,P,15,246,1990,0ab848249c47,1,val,0,4180_P
4180,Q,16,35,273,d846f63a359b,1,val,0,4180_Q
4180,U,17,180,1416,74f74e0badc5,1,val,0,4180_U
4180,V,18,337,2686,299779483183,1,val,0,4180_V
4180,W,19,218,1798,f7436cf83913,1,val,0,4180_W
4264,A,0,449,3432,8c8418c84a76,1,train,0,4264_A
4264,B,1,438,3352,07f988713e50,1,train,0,4264_B
4264,C,2,459,3511,c799b491f204,1,train,0,4264_C
4264,D,3,439,3383,59b4a0859465,1,train,0,4264_D
4264,E,4,441,3396,a2e895538ccb,1,train,0,4264_E
4264,F,5,437,3376,39d895abc4a9,1,train,0,4264_F
4264,G,6,267,2127,46439ababd44,1,train,0,4264_G
4264,H,7,36,263,ead7bc7d5422,1,train,0,4264_H
4264,I,8,103,829,2ea0436b858e,1,train,1,4264_I
4264,J,9,441,3521,c3c9858cac82,1,train,0,4264_J
4270,A,0,502,3858,dfac6fd12c7f,1,train,0,4270_A
4270,B,1,479,3627,6091af37c17d,1,train,0,4270_B
4270,C,2,499,3834,f2d3ea3755a3,1,train,0,4270_C
4270,D,3,478,3619,8eadfecad562,1,train,0,4270_D
4270,E,4,497,3819,5fef0a604859,1,train,0,4270_E
4270,F,5,480,3636,1cd1efd220a9,1,train,0,4270_F
4270,G,6,79,544,96a5e6207b71,14,train,0,4270_G
4270,H,6,79,544,96a5e6207b71,14,train,0,4270_H
4270,I,6,79,544,96a5e6207b71,14,train,0,4270_I
4270,J,6,79,544,96a5e6207b71,14,train,0,4270_J
4270,K,6,79,544,96a5e6207b71,14,train,0,4270_K
4270,L,6,79,544,96a5e6207b71,14,train,0,4270_L
4270,M,6,79,544,96a5e6207b71,14,train,0,4270_M
4270,N,6,79,544,96a5e6207b71,14,train,0,4270_N
4270,O,6,79,544,96a5e6207b71,14,train,0,4270_O
4270,P,6,79,544,96a5e6207b71,14,train,0,4270_P
4270,Q,6,79,544,96a5e6207b71,14,train,0,4270_Q
4270,R,6,79,544,96a5e6207b71,14,train,0,4270_R
4270,S,6,79,544,96a5e6207b71,14,train,0,4270_S
4270,T,6,79,544,96a5e6207b71,14,train,0,4270_T
4270,a,7,223,1741,bdf8da956fa2,1,train,0,4270_a
4270,b,8,160,1288,4b4ae1dc0dd5,1,train,0,4270_b
4270,d,9,179,1383,dc17dde38eb9,1,train,1,4270_d
4270,e,10,131,1010,17e3aab7c020,1,train,0,4270_e
4270,g,11,321,2497,ad1f0a1b71e7,1,train,1,4270_g
4270,p,12,143,1124,ff031b397765,1,train,0,4270_p
4337,A,0,216,1705,c7740f253a2e,1,val,0,4337_A
4337,B,1,213,1729,aa2b4e72a48a,1,val,0,4337_B
4337,C,2,218,1690,c36dceaeb865,1,val,0,4337_C
4337,E,3,262,2076,7a6daa02623c,1,val,0,4337_E
4337,F,4,189,1495,1c183b697401,1,val,0,4337_F
4337,G,5,230,1862,fb47701beb5a,1,val,0,4337_G
4337,H,6,186,1501,1238a305d357,1,val,0,4337_H
4337,I,7,205,1682,fbea195b77ee,1,val,0,4337_I
4337,J,8,180,1499,bdc506180619,1,val,0,4337_J
4337,L,9,151,1229,72f9e0f1c438,1,val,1,4337_L
4337,M,10,123,953,7821060708d5,1,val,0,4337_M
4337,N,11,149,1202,df3b35a908be,1,val,0,4337_N
4337,O,12,135,1009,95fc0a388941,1,val,0,4337_O
4337,P,13,120,984,d367c3aea27b,1,val,0,4337_P
4337,Q,14,122,969,788855e39a86,1,val,0,4337_Q
4337,R,15,122,990,6735a32f70da,1,val,0,4337_R
4337,S,16,130,1083,89194393165a,1,val,0,4337_S
4337,T,17,144,1122,d751c3719cde,1,val,0,4337_T
4337,V,18,82,625,e5356a0a5838,1,val,1,4337_V
4337,W,19,129,1034,41a8986a004d,1,val,0,4337_W
4337,X,20,141,1098,eacbd46b2869,1,val,0,4337_X
4337,Y,21,124,1014,c345558b90bc,1,val,0,4337_Y
4337,Z,22,72,574,48af581d5572,1,val,0,4337_Z
4337,b,23,82,640,cea9b78434d6,1,val,0,4337_b
4337,c,24,61,471,1e46b6bbb991,1,val,0,4337_c
4337,e,25,55,438,9d1e1f5d08ef,1,val,0,4337_e
4337,f,26,73,596,1b0736484146,1,val,0,4337_f
4337,g,27,313,2433,31cd9e4fa0b0,1,val,0,4337_g
4337,t,28,127,1066,d6e66274012c,1,val,0,4337_t
4337,u,29,629,5062,95b148e5b50f,1,val,0,4337_u
4337,v,30,325,2593,ff828a0f9a6e,1,val,0,4337_v
4337,w,31,249,2027,f27e9f81b56c,1,val,0,4337_w
4337,x,32,178,1391,5e4ce1f10e47,1,val,1,4337_x
4337,y,33,325,2568,6510949648e8,1,val,0,4337_y
4345,A,0,114,923,59f60e923908,1,test,0,4345_A
4345,B,1,155,1241,e9b57fe47677,1,test,0,4345_B
4345,C,2,206,1712,1fb150045743,1,test,0,4345_C
4345,D,3,429,3439,8619922dfb05,1,test,0,4345_D
4345,E,4,212,1648,cc90603a9410,1,test,0,4345_E
4345,F,5,428,3301,aec3dacc0925,1,test,0,4345_F
4345,G,6,688,5296,18e4d1b87fae,1,test,0,4345_G
4345,H,7,317,2530,54465567fb5d,1,test,0,4345_H
4345,I,8,178,1408,c498cd0791a1,1,test,0,4345_I
4345,J,9,170,1290,9d94731542af,1,test,0,4345_J
4345,K,10,97,727,354431f78a87,1,test,0,4345_K
4345,L,11,605,4790,dd6a1cefa0ac,1,test,0,4345_L
4345,M,12,458,3622,b158da039ed0,1,test,0,4345_M
4345,N,13,343,2686,20db9311a06e,1,test,0,4345_N
4345,O,14,320,2607,a397ff849e8b,1,test,0,4345_O
4345,P,15,342,2748,f6518a6e4321,1,test,0,4345_P
4345,Q,16,125,1015,855bd932a7b3,1,test,0,4345_Q
4345,R,17,95,748,2e17bbc68a9a,1,test,0,4345_R
4345,S,18,83,667,dfa73139940a,1,test,0,4345_S
4345,T,19,75,604,96d298ae73c1,1,test,0,4345_T
4345,U,20,88,706,e73a416a387c,1,test,0,4345_U
4345,V,21,112,915,0d90b24aaf99,1,test,1,4345_V
4345,W,22,114,970,e0e9b93ecd0b,1,test,0,4345_W
4345,X,23,171,1396,53d2693f9490,1,test,0,4345_X
4345,Y,24,140,1037,068d7975de53,1,test,0,4345_Y
4345,Z,25,139,1152,1c401ac46263,1,test,0,4345_Z
4345,a,26,67,548,54fe17154979,1,test,1,4345_a
4345,b,27,82,643,b8cd3b182ce7,1,test,0,4345_b
4345,c,28,47,389,8aa1f101287c,1,test,0,4345_c
4345,d,29,119,985,79709416e74b,1,test,0,4345_d
4345,e,30,104,870,de7e1996c919,1,test,0,4345_e
4345,f,31,51,433,3da3884364fa,1,test,0,4345_f
4345,g,32,101,850,524d47a6c7ac,1,test,0,4345_g
4345,h,33,137,1154,f055cbdffa50,1,test,0,4345_h
4345,i,34,100,811,4b7971546ee4,1,test,0,4345_i
4345,j,35,60,525,8354b97c1a6e,1,test,0,4345_j
4345,k,36,72,582,29d9d45fdc02,1,test,0,4345_k
4345,l,37,152,1274,506888df4585,1,test,0,4345_l
4345,m,38,124,1035,596b20c71ccb,1,test,0,4345_m
4345,n,39,176,1527,da0e177fb1dd,1,test,0,4345_n
4345,o,40,105,898,e5bd18206081,1,test,0,4345_o
4345,p,41,170,1438,b294d1c00007,1,test,0,4345_p
4345,q,42,143,1192,b8e461764ee0,1,test,0,4345_q
4345,r,43,98,788,bcbe72508c1b,1,test,1,4345_r
4345,s,44,40,336,24b2fb5ce57b,1,test,0,4345_s
4356,A,0,93,743,8eeb5a5d22a7,1,train,0,4356_A
4356,B,1,155,1241,e9b57fe47677,1,train,0,4356_B
4356,C,2,206,1712,1fb150045743,1,train,0,4356_C
4356,D,3,420,3378,aff1e2e4f31c,1,train,0,4356_D
4356,E,4,212,1648,cc90603a9410,1,train,0,4356_E
4356,F,5,428,3301,aec3dacc0925,1,train,1,4356_F
4356,G,6,688,5296,18e4d1b87fae,1,train,0,4356_G
4356,H,7,305,2434,9f6b26328c08,1,train,0,4356_H
4356,I,8,178,1408,c498cd0791a1,1,train,0,4356_I
4356,J,9,170,1185,9d94731542af,1,train,0,4356_J
4356,K,10,97,727,354431f78a87,1,train,0,4356_K
4356,L,11,605,4790,dd6a1cefa0ac,1,train,0,4356_L
4356,M,12,458,3622,b158da039ed0,1,train,0,4356_M
4356,N,13,343,2686,20db9311a06e,1,train,0,4356_N
4356,O,14,320,2607,a397ff849e8b,1,train,0,4356_O
4356,P,15,291,2306,930ca2b4ff67,1,train,0,4356_P
4356,Q,16,125,1015,855bd932a7b3,1,train,0,4356_Q
4356,R,17,95,748,2e17bbc68a9a,1,train,0,4356_R
4356,S,18,83,667,dfa73139940a,1,train,0,4356_S
4356,T,19,75,604,96d298ae73c1,1,train,0,4356_T
4356,U,20,88,706,e73a416a387c,1,train,0,4356_U
4356,V,21,112,915,0d90b24aaf99,1,train,0,4356_V
4356,W,22,114,970,e0e9b93ecd0b,1,train,0,4356_W
4356,X,23,171,1396,53d2693f9490,1,train,0,4356_X
4356,Y,24,140,1037,068d7975de53,1,train,0,4356_Y
4356,Z,25,139,1152,1c401ac46263,1,train,0,4356_Z
4356,a,26,67,548,54fe17154979,1,train,0,4356_a
4356,b,27,82,643,b8cd3b182ce7,1,train,0,4356_b
4356,c,28,47,389,8aa1f101287c,1,train,0,4356_c
4356,d,29,119,985,79709416e74b,1,train,0,4356_d
4356,e,30,104,870,de7e1996c919,1,train,1,4356_e
4356,f,31,51,433,3da3884364fa,1,train,0,4356_f
4356,g,32,101,850,524d47a6c7ac,1,train,0,4356_g
4356,h,33,137,1154,f055cbdffa50,1,train,0,4356_h
4356,i,34,100,811,4b7971546ee4,1,train,0,4356_i
4356,j,35,60,525,8354b97c1a6e,1,train,0,4356_j
4356,k,36,72,582,29d9d45fdc02,1,train,0,4356_k
4356,l,37,152,1274,506888df4585,1,train,0,4356_l
4356,m,38,124,1035,596b20c71ccb,1,train,0,4356_m
4356,n,39,176,1527,da0e177fb1dd,1,train,0,4356_n
4356,o,40,105,898,e5bd18206081,1,train,0,4356_o
4356,p,41,170,1438,b294d1c00007,1,train,0,4356_p
4356,q,42,144,1200,fa7ba9acce94,1,train,0,4356_q
4356,r,43,98,788,bcbe72508c1b,1,train,0,4356_r
4356,s,44,40,336,24b2fb5ce57b,1,train,0,4356_s
4378,0,0,56,444,20662074c6dc,1,val,0,4378_0
4378,1,1,50,410,025d457889a6,1,val,0,4378_1
4378,2,2,46,377,917fd91fa1d1,1,val,0,4378_2
4378,3,3,64,504,e262703728ed,1,val,0,4378_3
4378,C,4,271,2083,dc0ca816fa2a,1,val,0,4378_C
4378,D,5,209,1565,3949dea42f5c,1,val,0,4378_D
4378,E,6,201,1552,59baeb04bdd4,1,val,0,4378_E
4378,F,7,177,1411,020a5720fed5,1,val,0,4378_F
4378,G,8,176,1323,77e24bd37b87,1,val,0,4378_G
4378,H,9,50,384,1d348e776988,1,val,0,4378_H
4378,J,10,142,1129,cfbedf730201,1,val,0,4378_J
4378,K,11,122,939,217b4e1f5707,1,val,0,4378_K
4378,L,12,143,1045,2096168d2b86,1,val,0,4378_L
4378,M,13,124,984,28098c90183b,1,val,0,4378_M
4378,N,14,120,961,3de31a0153bf,1,val,0,4378_N
4378,O,15,116,892,cbc8767a2cdc,1,val,0,4378_O
4378,P,16,114,917,f2f735ce1e57,1,val,0,4378_P
4378,Q,17,117,947,6b8dfeb549bf,1,val,1,4378_Q
4378,R,18,103,816,b3eb9333aa66,1,val,0,4378_R
4378,S,19,110,857,c4e9259c84c1,1,val,0,4378_S
4378,T,20,93,739,45296cc18fac,1,val,0,4378_T
4378,U,21,102,780,b52fee32a842,1,val,0,4378_U
4378,V,22,94,753,f168559556cf,1,val,1,4378_V
4378,W,23,76,575,b9fa0cd958ea,1,val,0,4378_W
4378,X,24,77,625,29a1aee1fff6,1,val,0,4378_X
4378,Y,25,63,509,31a24983055e,1,val,1,4378_Y
4378,Z,26,58,449,f8d3ad4d81e1,1,val,0,4378_Z
4383,0,0,56,444,20662074c6dc,1,val,0,4383_0
4383,1,1,50,410,025d457889a6,1,val,0,4383_1
4383,2,2,46,377,917fd91fa1d1,1,val,0,4383_2
4383,3,3,64,504,e262703728ed,1,val,0,4383_3
4383,C,4,271,2083,dc0ca816fa2a,1,val,0,4383_C
4383,D,5,209,1565,3949dea42f5c,1,val,1,4383_D
4383,E,6,201,1552,59baeb04bdd4,1,val,0,4383_E
4383,F,7,177,1411,020a5720fed5,1,val,0,4383_F
4383,G,8,176,1323,77e24bd37b87,1,val,0,4383_G
4383,H,9,54,417,bee9ceafecfa,1,val,0,4383_H
4383,J,10,142,1129,cfbedf730201,1,val,0,4383_J
4383,K,11,122,939,217b4e1f5707,1,val,0,4383_K
4383,L,12,143,1045,2096168d2b86,1,val,0,4383_L
4383,M,13,136,1074,6334c138321d,1,val,0,4383_M
4383,N,14,120,961,3de31a0153bf,1,val,0,4383_N
4383,O,15,116,892,cbc8767a2cdc,1,val,0,4383_O
4383,P,16,114,917,f2f735ce1e57,1,val,0,4383_P
4383,Q,17,117,947,6b8dfeb549bf,1,val,0,4383_Q
4383,R,18,103,816,b3eb9333aa66,1,val,0,4383_R
4383,S,19,110,857,c4e9259c84c1,1,val,0,4383_S
4383,T,20,93,739,45296cc18fac,1,val,0,4383_T
4383,U,21,102,780,b52fee32a842,1,val,0,4383_U
4383,V,22,94,753,f168559556cf,1,val,0,4383_V
4383,W,23,76,575,b9fa0cd958ea,1,val,0,4383_W
4383,X,24,77,625,29a1aee1fff6,1,val,0,4383_X
4383,Y,25,63,509,31a24983055e,1,val,0,4383_Y
4383,Z,26,58,449,f8d3ad4d81e1,1,val,0,4383_Z
4395,A,0,97,796,9d56065e0a1b,2,train,0,4395_A
4395,B,0,97,796,9d56065e0a1b,2,train,0,4395_B
4395,C,1,82,651,7174554a2c38,1,train,0,4395_C
4395,D,2,80,638,f5dbbabaf9b9,1,train,0,4395_D
4395,E,3,103,795,b0ce640731bb,1,train,0,4395_E
4395,F,4,101,779,175c4a98abcc,1,train,0,4395_F
4395,G,5,96,746,f030d6e89c7d,1,train,1,4395_G
4395,H,6,91,712,36413fd82730,1,train,0,4395_H
4395,M,7,688,5398,9a5dee80f455,1,train,0,4395_M
4395,R,8,411,3335,a98aa5348d2b,1,train,0,4395_R
4395,S,9,208,1695,894069a3f553,1,train,1,4395_S
4395,T,10,443,3391,0b914db720ea,1,train,0,4395_T
4395,U,11,430,3299,9bf37566242c,1,train,0,4395_U
4395,V,12,434,3336,6c7364779b13,1,train,0,4395_V
4395,W,13,433,3325,fccd919cf80d,1,train,0,4395_W
4395,X,14,442,3397,79c9f1ca9c44,1,train,0,4395_X
4395,Y,15,447,3410,075d9b950a20,1,train,0,4395_Y
4396,A,0,97,796,9d56065e0a1b,2,train,0,4396_A
4396,B,0,97,796,9d56065e0a1b,2,train,0,4396_B
4396,C,1,82,651,7174554a2c38,1,train,0,4396_C
4396,D,2,80,638,f5dbbabaf9b9,1,train,0,4396_D
4396,E,3,103,795,b0ce640731bb,1,train,0,4396_E
4396,F,4,101,779,175c4a98abcc,1,train,0,4396_F
4396,G,5,96,746,f030d6e89c7d,1,train,0,4396_G
4396,H,6,91,712,36413fd82730,1,train,0,4396_H
4396,M,7,688,5398,9a5dee80f455,1,train,0,4396_M
4396,R,8,411,3335,a98aa5348d2b,1,train,0,4396_R
4396,S,9,208,1695,894069a3f553,1,train,0,4396_S
4396,T,10,443,3391,0b914db720ea,1,train,0,4396_T
4396,U,11,430,3299,9bf37566242c,1,train,1,4396_U
4396,V,12,434,3336,6c7364779b13,1,train,0,4396_V
4396,W,13,433,3325,fccd919cf80d,1,train,0,4396_W
4396,X,14,442,3397,79c9f1ca9c44,1,train,0,4396_X
4396,Y,15,447,3410,075d9b950a20,1,train,0,4396_Y
4397,A,0,233,1763,ce09534e313b,1,val,1,4397_A
4397,B,1,235,1735,ce30c77dcc9f,1,val,0,4397_B
4397,C,2,1341,9998,a5a20ec2fe45,1,val,0,4397_C
4397,D,3,1345,9722,f0e3cda80020,1,val,0,4397_D
4397,E,4,74,546,e27cd1cd7165,1,val,0,4397_E
4397,M,5,317,1858,8b6cf03900e5,1,val,0,4397_M
4404,A,0,305,2393,366f80868a7d,2,val,0,4404_A
4404,B,0,305,2393,366f80868a7d,2,val,0,4404_B
4404,C,1,342,2677,141367771b37,2,val,1,4404_C
4404,D,1,342,2677,141367771b37,2,val,0,4404_D
4404,E,2,354,2797,9bed717c1660,2,val,0,4404_E
4404,F,2,354,2797,9bed717c1660,2,val,0,4404_F
4404,G,3,410,3265,10b1596fea3e,2,val,0,4404_G
4404,H,3,410,3265,10b1596fea3e,2,val,0,4404_H
4404,I,4,268,2187,83b7d571388a,2,val,0,4404_I
4404,J,4,268,2187,83b7d571388a,2,val,0,4404_J
4404,K,5,248,2000,15077cf762d1,2,val,1,4404_K
4404,L,5,248,2000,15077cf762d1,2,val,0,4404_L
4404,O,6,396,3034,6e4c6aa8ddba,2,val,0,4404_O
4404,P,6,396,3034,6e4c6aa8ddba,2,val,0,4404_P
4411,A,0,349,2823,97ea99fe4bb0,1,train,0,4411_A
4411,B,1,338,2770,98b5790bf666,1,train,0,4411_B
4411,C,2,328,2701,da8c8b45f654,1,train,0,4411_C
4411,D,3,347,2805,9fc48bc0aa13,1,train,0,4411_D
4411,E,4,336,2754,5e4185fd77c0,1,train,0,4411_E
4411,G,5,123,949,b61f142eca3c,1,train,1,4411_G
4465,A,0,1553,12152,7d6cea3ad728,1,train,0,4465_A
4465,C,1,84,657,c46f7d32d4eb,1,train,0,4465_C
4465,D,2,56,462,a67cf02542b6,1,train,0,4465_D
4465,G,3,27,226,176aea0a261d,1,train,0,4465_G
4465,H,4,57,459,31cc8de44845,1,train,0,4465_H
4465,I,5,729,5752,cbd288c5390e,1,train,0,4465_I
4465,J,6,496,3964,68bac73c21b7,1,train,0,4465_J
4465,K,7,518,4187,391405ce7a6a,1,train,0,4465_K
4465,L,8,179,1446,96c3c3f15cff,1,train,0,4465_L
4465,M,9,61,499,c9d642fe184a,1,train,1,4465_M
4465,N,10,656,5260,e308977b4c10,1,train,0,4465_N
4465,O,11,703,5532,e881cc3866a3,1,train,0,4465_O
4465,P,12,484,3883,fdef5a4e3b20,1,train,0,4465_P
4465,Q,13,504,4059,731c889f076f,1,train,0,4465_Q
4465,R,14,382,2943,bc5d47c47e34,1,train,0,4465_R
4465,S,15,31,216,9aa79def8dd4,1,train,0,4465_S
4465,U,16,515,4160,5d439e1cc8ec,1,train,0,4465_U
4465,V,17,530,4311,155804bdc609,1,train,0,4465_V
4465,W,18,26,225,e724f0d165b4,1,train,0,4465_W
4465,Y,19,499,3903,68ea5ed69798,1,train,0,4465_Y
4465,Z,20,486,3799,1d07e578c925,1,train,0,4465_Z
4466,A,0,1551,12131,f6810d3340f2,1,val,0,4466_A
4466,C,1,84,657,c46f7d32d4eb,1,val,0,4466_C
4466,D,2,56,462,a67cf02542b6,1,val,0,4466_D
4466,G,3,27,226,176aea0a261d,1,val,0,4466_G
4466,H,4,57,459,31cc8de44845,1,val,0,4466_H
4466,I,5,729,5752,cbd288c5390e,1,val,1,4466_I
4466,J,6,496,3964,68bac73c21b7,1,val,0,4466_J
4466,K,7,518,4187,391405ce7a6a,1,val,0,4466_K
4466,L,8,179,1446,96c3c3f15cff,1,val,0,4466_L
4466,M,9,61,499,c9d642fe184a,1,val,0,4466_M
4466,N,10,653,5238,910f785c3e29,1,val,0,4466_N
4466,O,11,703,5532,e881cc3866a3,1,val,0,4466_O
4466,P,12,484,3883,fdef5a4e3b20,1,val,0,4466_P
4466,Q,13,504,4055,731c889f076f,1,val,0,4466_Q
4466,R,14,375,2883,85068f79c117,1,val,0,4466_R
4466,U,15,515,4160,5d439e1cc8ec,1,val,0,4466_U
4466,V,16,530,4311,155804bdc609,1,val,0,4466_V
4466,W,17,26,225,e724f0d165b4,1,val,0,4466_W
4466,Y,18,499,3903,68ea5ed69798,1,val,1,4466_Y
4466,Z,19,486,3799,1d07e578c925,1,val,0,4466_Z
4489,A,0,494,3742,4c57fc21aeab,1,train,0,4489_A
4489,B,1,492,3698,491a62b5be24,1,train,1,4489_B
4489,D,2,487,3655,942bfd2414b2,1,train,0,4489_D
4489,E,3,503,3863,403e330fed91,1,train,0,4489_E
4489,G,4,485,3741,1cc61eb85a4c,1,train,0,4489_G
4489,H,5,499,3825,4b52c6fba62d,1,train,0,4489_H
4489,Q,6,483,3692,503b54e1554d,2,train,0,4489_Q
4489,Z,7,497,3813,0274e217a016,1,train,0,4489_Z
4489,a,8,490,3709,a642603d36ca,1,train,0,4489_a
4489,b,9,478,3590,0df7450c782b,1,train,0,4489_b
4489,d,10,489,3673,23069b647428,1,train,0,4489_d
4489,e,11,505,3882,db585d01b287,1,train,0,4489_e
4489,g,12,477,3678,df6a746ae21a,1,train,0,4489_g
4489,h,13,500,3834,7471627a79ee,1,train,0,4489_h
4489,q,6,483,3692,503b54e1554d,2,train,0,4489_q
4489,z,14,508,3894,d0aefcb01a6b,1,train,0,4489_z
4511,A,0,715,5740,baf465826900,1,train,0,4511_A
4511,B,1,750,5881,b5510021c03f,1,train,1,4511_B
4511,C,2,742,5901,b0e36402d4a5,1,train,0,4511_C
4531,0,0,77,625,29a1aee1fff6,1,train,0,4531_0
4531,1,1,61,495,83f5ed01a64c,1,train,1,4531_1
4531,2,2,57,439,694b7a1fc791,1,train,0,4531_2
4531,3,3,55,434,68061776dea7,1,train,0,4531_3
4531,4,4,50,409,025d457889a6,1,train,0,4531_4
4531,6,5,46,377,917fd91fa1d1,1,train,0,4531_6
4531,7,6,64,504,e262703728ed,1,train,0,4531_7
4531,8,7,38,302,43ab24acc3be,1,train,0,4531_8
4531,c,8,271,2082,dc0ca816fa2a,1,train,0,4531_c
4531,d,9,209,1565,3949dea42f5c,1,train,0,4531_d
4531,e,10,201,1552,59baeb04bdd4,1,train,0,4531_e
4531,f,11,177,1410,020a5720fed5,1,train,0,4531_f
4531,g,12,176,1323,77e24bd37b87,1,train,0,4531_g
4531,h,13,39,287,a5efe226925d,1,train,0,4531_h
4531,j,14,142,1129,cfbedf730201,1,train,0,4531_j
4531,k,15,122,938,217b4e1f5707,1,train,1,4531_k
4531,l,16,143,1042,2a7c098bc13e,1,train,0,4531_l
4531,m,17,136,1074,6334c138321d,1,train,0,4531_m
4531,n,18,120,960,3de31a0153bf,1,train,0,4531_n
4531,o,19,116,892,cbc8767a2cdc,1,train,0,4531_o
4531,p,20,113,908,bfcc44e5fcc9,1,train,0,4531_p
4531,q,21,117,947,6b8dfeb549bf,1,train,0,4531_q
4531,r,22,99,791,2376a05f7ae2,1,train,0,4531_r
4531,s,23,109,845,b72dd5b450b3,1,train,0,4531_s
4531,t,24,93,738,45296cc18fac,1,train,0,4531_t
4531,u,25,102,779,b52fee32a842,1,train,0,4531_u
4531,w,26,94,753,f168559556cf,1,train,0,4531_w
4531,y,27,74,559,2f85d5801e23,1,train,0,4531_y
4531,z,28,26,206,0c10b39727bc,1,train,0,4531_z
4580,H,0,126,952,e1ca5a96013e,1,train,0,4580_H
4580,I,1,341,2579,d6fd46ff0295,1,train,0,4580_I
4580,K,2,106,774,b63843785640,1,train,1,4580_K
4580,L,3,241,1941,87691e8f1a42,1,train,0,4580_L
4580,N,4,371,2922,ed382ec9e211,1,train,0,4580_N
4580,O,5,205,1658,3e689b4d91a7,1,train,0,4580_O
4580,P,6,242,1865,e5d07ab9673c,1,train,0,4580_P
4580,Q,7,209,1509,d7556ae122a9,1,train,0,4580_Q
4580,U,8,146,1101,b94bf60cf7de,1,train,0,4580_U
4580,Y,9,223,1541,7954bbf58b5c,1,train,0,4580_Y
4580,Z,10,140,995,65835e9fc994,1,train,0,4580_Z
4638,C,0,271,2082,dc0ca816fa2a,1,val,0,4638_C
4638,D,1,209,1564,3949dea42f5c,1,val,0,4638_D
4638,E,2,201,1551,59baeb04bdd4,1,val,0,4638_E
4638,F,3,177,1410,020a5720fed5,1,val,0,4638_F
4638,G,4,176,1322,77e24bd37b87,1,val,0,4638_G
4638,H,5,50,384,1d348e776988,1,val,0,4638_H
4638,K,6,142,1128,cfbedf730201,1,val,0,4638_K
4638,L,7,123,946,3eb0333c4afa,1,val,0,4638_L
4638,M,8,144,1052,00ba63904ba0,1,val,0,4638_M
4638,N,9,136,1073,6334c138321d,1,val,0,4638_N
4638,O,10,125,993,7cac24f04dc2,1,val,0,4638_O
4638,P,11,117,899,2e38524a23d7,1,val,0,4638_P
4638,Q,12,114,916,f2f735ce1e57,1,val,0,4638_Q
4638,R,13,117,946,6b8dfeb549bf,1,val,0,4638_R
4638,S,14,103,815,b3eb9333aa66,1,val,0,4638_S
4638,T,15,110,856,c4e9259c84c1,1,val,0,4638_T
4638,U,16,95,756,a80be2f30d95,1,val,0,4638_U
4638,V,17,102,779,b52fee32a842,1,val,1,4638_V
4638,W,18,94,752,f168559556cf,1,val,0,4638_W
4638,X,19,76,579,b9fa0cd958ea,1,val,0,4638_X
4638,Y,20,77,624,29a1aee1fff6,1,val,0,4638_Y
4638,Z,21,62,500,4c6c48e026d9,1,val,0,4638_Z
4638,a,22,58,448,f8d3ad4d81e1,1,val,0,4638_a
4638,b,23,56,443,20662074c6dc,1,val,0,4638_b
4638,c,24,51,414,4db3d65547bc,1,val,0,4638_c
4638,d,25,46,376,917fd91fa1d1,1,val,0,4638_d
4638,e,26,64,503,e262703728ed,1,val,0,4638_e
4638,f,27,38,301,43ab24acc3be,1,val,0,4638_f
4700,A,0,577,4472,c95968b29414,3,train,0,4700_A
4700,B,0,577,4472,c95968b29414,3,train,0,4700_B
4700,C,0,577,4472,c95968b29414,3,train,0,4700_C
4700,D,1,461,3609,02a6c27dcd61,1,train,0,4700_D
4700,E,2,462,3618,8f705733b579,1,train,0,4700_E
4700,F,3,461,3608,8b13986c63c6,1,train,0,4700_F
4700,G,4,206,1619,484d90e7e08a,1,train,0,4700_G
4700,H,5,104,792,ca517beb2ec6,1,train,0,4700_H
4700,I,6,103,808,afa4df2e3b9f,1,train,0,4700_I
4700,J,7,186,1437,dd23223b387a,1,train,0,4700_J
4700,K,8,99,788,77d293f0383c,1,train,0,4700_K
4700,L,9,187,1441,91a634d75252,1,train,0,4700_L
4700,M,10,320,1575,861f45da34b5,1,train,1,4700_M
4700,N,11,649,3190,715fe1458a27,1,train,0,4700_N
4700,O,12,73,351,bb387d7ea204,10,train,0,4700_O
4700,P,12,73,351,bb387d7ea204,10,train,0,4700_P
4700,Q,13,74,356,ad803d03f519,1,train,0,4700_Q
4700,R,12,73,351,bb387d7ea204,10,train,0,4700_R
4700,S,12,73,351,bb387d7ea204,10,train,0,4700_S
4700,T,12,73,351,bb387d7ea204,10,train,0,4700_T
4700,U,12,73,351,bb387d7ea204,10,train,0,4700_U
4700,V,12,73,351,bb387d7ea204,10,train,0,4700_V
4700,W,12,73,351,bb387d7ea204,10,train,0,4700_W
4700,X,14,72,347,9ae02fc246c9,1,train,0,4700_X
4700,Y,12,73,351,bb387d7ea204,10,train,0,4700_Y
4700,Z,12,73,351,bb387d7ea204,10,train,0,4700_Z
4702,A,0,577,4472,c95968b29414,2,test,0,4702_A
4702,B,1,578,4477,669e1a76776e,1,test,0,4702_B
4702,C,0,577,4472,c95968b29414,2,test,0,4702_C
4702,D,2,460,3600,7de45fe88ff2,1,test,0,4702_D
4702,E,3,462,3616,55b0029f5c2c,1,test,0,4702_E
4702,F,4,461,3608,8b13986c63c6,1,test,0,4702_F
4702,G,5,210,1647,cc4818b6df13,1,test,0,4702_G
4702,H,6,104,792,ca517beb2ec6,1,test,0,4702_H
4702,I,7,103,809,afa4df2e3b9f,1,test,0,4702_I
4702,J,8,186,1437,dd23223b387a,2,test,0,4702_J
4702,K,9,99,789,77d293f0383c,1,test,0,4702_K
4702,L,8,186,1437,dd23223b387a,2,test,0,4702_L
4702,M,10,320,1575,861f45da34b5,1,test,0,4702_M
4702,N,11,648,3185,235c809ed124,1,test,0,4702_N
4702,O,12,73,351,bb387d7ea204,10,test,1,4702_O
4702,P,12,73,351,bb387d7ea204,10,test,0,4702_P
4702,Q,13,74,356,ad803d03f519,1,test,0,4702_Q
4702,R,12,73,351,bb387d7ea204,10,test,0,4702_R
4702,S,12,73,351,bb387d7ea204,10,test,0,4702_S
4702,T,12,73,351,bb387d7ea204,10,test,0,4702_T
4702,U,12,73,351,bb387d7ea204,10,test,0,4702_U
4702,V,12,73,351,bb387d7ea204,10,test,0,4702_V
4702,W,12,73,351,bb387d7ea204,10,test,0,4702_W
4702,X,14,72,347,9ae02fc246c9,1,test,0,4702_X
4702,Y,12,73,351,bb387d7ea204,10,test,0,4702_Y
4702,Z,12,73,351,bb387d7ea204,10,test,0,4702_Z
4733,A,0,203,1575,d3523a95b730,5,train,1,4733_A
4733,B,0,203,1575,d3523a95b730,5,train,0,4733_B
4733,C,0,203,1575,d3523a95b730,5,train,0,4733_C
4733,D,0,203,1575,d3523a95b730,5,train,0,4733_D
4733,E,0,203,1575,d3523a95b730,5,train,0,4733_E
4733,F,1,258,1986,c376c5c22445,1,train,0,4733_F
4733,G,2,89,670,eb09a087f769,4,train,0,4733_G
4733,H,2,89,670,eb09a087f769,4,train,0,4733_H
4733,I,2,89,670,eb09a087f769,4,train,0,4733_I
4733,J,2,89,670,eb09a087f769,4,train,0,4733_J
4763,A,0,101,832,8e0d11c57f0b,2,train,0,4763_A
4763,B,1,86,694,6b7be9b926ea,1,train,0,4763_B
4763,C,2,117,909,bb0554cb1151,2,train,0,4763_C
4763,D,3,97,766,6e7154f7cacb,2,train,0,4763_D
4763,E,0,101,832,8e0d11c57f0b,2,train,0,4763_E
4763,F,4,82,653,e0251bd5a2e2,1,train,0,4763_F
4763,G,2,117,909,bb0554cb1151,2,train,0,4763_G
4763,H,3,97,766,6e7154f7cacb,2,train,0,4763_H
4763,K,5,825,6478,72b77acfd1df,1,train,0,4763_K
4763,L,6,361,2859,bec78640c5a7,1,train,1,4763_L
4779,A,0,583,4662,d01abc50de74,1,train,1,4779_A
4779,B,1,571,4508,963279c016cb,1,train,0,4779_B
4779,C,2,121,897,dc877dc0cd92,1,train,0,4779_C
4782,A,0,148,1148,951f4ee04656,2,train,0,4782_A
4782,B,0,148,1148,951f4ee04656,2,train,0,4782_B
4782,C,1,351,2718,fc24283e5b2d,1,train,0,4782_C
4782,D,2,358,2747,2b2c1a1c808e,1,train,0,4782_D
4782,E,3,386,3005,08c5b2dbcb46,1,train,0,4782_E
4782,F,4,149,1196,06ae9370a9db,1,train,0,4782_F
4782,G,5,224,1737,f109d0e06291,1,train,0,4782_G
4782,H,6,125,994,b666199342ea,1,train,0,4782_H
4782,I,7,443,3441,425b57a5a418,1,train,1,4782_I
4782,J,8,548,4275,59f77e841568,1,train,0,4782_J
4784,A,0,149,1156,7f8466addd53,1,test,1,4784_A
4784,B,1,148,1148,951f4ee04656,1,test,0,4784_B
4784,C,2,349,2704,c525b9ae59bd,1,test,0,4784_C
4784,D,3,358,2747,2b2c1a1c808e,1,test,0,4784_D
4784,E,4,275,2124,e93874a74e32,1,test,0,4784_E
4792,A,0,206,1611,9df748c985e8,1,train,0,4792_A
4792,B,1,214,1709,d198237cc924,1,train,0,4792_B
4792,C,2,217,1635,f8ec9412d21c,1,train,0,4792_C
4792,D,3,185,1442,2c528372b75f,1,train,0,4792_D
4792,E,4,260,2068,7f84d0a4a4a5,1,train,0,4792_E
4792,F,5,206,1609,ba99ccb30d77,1,train,0,4792_F
4792,G,6,232,1873,b7daa3607821,1,train,0,4792_G
4792,H,7,184,1481,a36264762a3e,1,train,0,4792_H
4792,I,8,188,1489,2fd203edc916,1,train,0,4792_I
4792,J,9,185,1494,bab9a1b32709,1,train,0,4792_J
4792,L,10,140,1129,d567101b64ee,1,train,0,4792_L
4792,M,11,125,941,df460cbc05c5,1,train,0,4792_M
4792,N,12,150,1192,808b959b19bb,1,train,0,4792_N
4792,O,13,127,926,f468ddcbbce5,1,train,0,4792_O
4792,P,14,114,902,4a53f8a56c6f,1,train,0,4792_P
4792,Q,15,127,993,09eb004e78b8,1,train,0,4792_Q
4792,R,16,125,1000,48c18e0e1a06,1,train,0,4792_R
4792,S,17,104,840,889e09da99ed,1,train,0,4792_S
4792,T,18,143,1112,8e8903f81fcb,1,train,0,4792_T
4792,U,19,82,674,13aac706564b,1,train,0,4792_U
4792,V,20,87,684,d6efe2703a83,1,train,0,4792_V
4792,W,21,129,1021,514365257b36,1,train,0,4792_W
4792,X,22,144,1121,287699eabfa5,1,train,0,4792_X
4792,Y,23,134,1073,ccf91c80107f,1,train,0,4792_Y
4792,Z,24,63,512,c3cb97953b98,1,train,0,4792_Z
4792,b,25,81,610,7ff9df22447f,1,train,0,4792_b
4792,c,26,63,497,6ad42826fb10,1,train,0,4792_c
4792,d,27,37,302,f984fba58cf8,1,train,0,4792_d
4792,e,28,48,384,69e09859b091,1,train,0,4792_e
4792,h,29,181,1436,b04dcf2081ef,1,train,0,4792_h
4792,i,30,139,1116,fe368f780320,1,train,0,4792_i
4792,k,31,605,4860,fdcb7b9dc270,1,train,0,4792_k
4792,l,32,271,2199,61cb09d0a630,1,train,1,4792_l
4792,y,33,154,1245,edb85f244ea7,1,train,0,4792_y
4800,A,0,223,1728,e781ca0d306e,1,test,0,4800_A
4800,B,1,224,1737,f109d0e06291,1,test,0,4800_B
4800,C,2,504,3913,988020d07eab,1,test,1,4800_C
4809,0,0,81,605,6b670f3bae1d,1,train,0,4809_0
4809,1,1,595,4661,dbebe55fdf8d,1,train,0,4809_1
4809,3,2,245,1874,e4797ed94d65,1,train,0,4809_3
4809,5,3,123,986,89e09c5c602a,1,train,1,4809_5
4809,6,4,124,926,d806cf75fb24,1,train,0,4809_6
4809,8,5,88,692,8d325d2a6ffa,1,train,0,4809_8
4809,9,6,96,768,bdacae59fa34,1,train,0,4809_9
4809,A,7,74,515,36bd1d16f933,10,train,0,4809_A
4809,B,7,74,514,36bd1d16f933,10,train,0,4809_B
4809,C,7,74,514,36bd1d16f933,10,train,0,4809_C
4809,D,7,74,514,36bd1d16f933,10,train,0,4809_D
4809,E,7,74,514,36bd1d16f933,10,train,0,4809_E
4809,F,7,74,514,36bd1d16f933,10,train,0,4809_F
4809,G,7,74,514,36bd1d16f933,10,train,0,4809_G
4809,H,7,74,514,36bd1d16f933,10,train,0,4809_H
4809,I,7,74,514,36bd1d16f933,10,train,0,4809_I
4809,J,7,74,514,36bd1d16f933,10,train,0,4809_J
4809,M,8,217,1640,8a0ac1ded98a,1,train,0,4809_M
4810,0,0,81,607,91733f769d6b,1,train,0,4810_0
4810,1,1,595,4661,dbebe55fdf8d,1,train,0,4810_1
4810,2,2,441,3163,400aeddf4687,1,train,0,4810_2
4810,3,3,245,1874,e4797ed94d65,1,train,0,4810_3
4810,4,4,290,2177,e4de559a4a93,1,train,0,4810_4
4810,5,5,123,986,89e09c5c602a,1,train,0,4810_5
4810,6,6,124,926,d806cf75fb24,1,train,0,4810_6
4810,7,7,176,1347,fbc199ef12f2,1,train,0,4810_7
4810,8,8,88,692,8d325d2a6ffa,1,train,0,4810_8
4810,9,9,97,776,18420639e5ff,1,train,0,4810_9
4810,A,10,74,514,36bd1d16f933,10,train,1,4810_A
4810,B,10,74,514,36bd1d16f933,10,train,0,4810_B
4810,C,10,74,514,36bd1d16f933,10,train,0,4810_C
4810,D,10,74,514,36bd1d16f933,10,train,0,4810_D
4810,E,10,74,514,36bd1d16f933,10,train,0,4810_E
4810,F,10,74,514,36bd1d16f933,10,train,0,4810_F
4810,G,10,74,514,36bd1d16f933,10,train,0,4810_G
4810,H,10,74,514,36bd1d16f933,10,train,0,4810_H
4810,I,10,74,514,36bd1d16f933,10,train,0,4810_I
4810,J,10,74,514,36bd1d16f933,10,train,0,4810_J
4810,M,11,217,1640,8a0ac1ded98a,1,train,0,4810_M
4810,P,12,193,1532,74e1c0a9feaf,1,train,0,4810_P
4810,Q,13,72,561,4c59d1648ebb,1,train,0,4810_Q
4810,R,14,177,1303,854b5b363fcd,1,train,0,4810_R
4810,S,15,277,2130,fd28a8cf9d39,1,train,0,4810_S
4810,T,16,523,3979,d676b4462f5c,2,train,0,4810_T
4810,U,16,523,3980,d676b4462f5c,2,train,0,4810_U
4810,V,17,520,3962,c06dce348522,1,train,0,4810_V
4810,X,18,542,4115,867102e5b063,1,train,0,4810_X
4810,Y,19,521,3957,7f6786e0899a,1,train,0,4810_Y
4810,Z,20,538,4087,444b7cd04504,1,train,0,4810_Z
4812,A,0,74,514,36bd1d16f933,10,train,1,4812_A
4812,B,0,74,514,36bd1d16f933,10,train,0,4812_B
4812,C,0,74,514,36bd1d16f933,10,train,0,4812_C
4812,D,0,74,514,36bd1d16f933,10,train,0,4812_D
4812,E,0,74,514,36bd1d16f933,10,train,0,4812_E
4812,F,0,74,514,36bd1d16f933,10,train,0,4812_F
4812,G,0,74,514,36bd1d16f933,10,train,0,4812_G
4812,H,0,74,514,36bd1d16f933,10,train,0,4812_H
4812,I,0,74,514,36bd1d16f933,10,train,0,4812_I
4812,J,0,74,514,36bd1d16f933,10,train,0,4812_J
4812,P,1,113,886,e5350df88373,1,train,0,4812_P
4812,Q,2,72,561,4c59d1648ebb,1,train,0,4812_Q
4812,R,3,177,1303,854b5b363fcd,1,train,0,4812_R
4812,S,4,277,2130,fd28a8cf9d39,1,train,0,4812_S
4812,T,5,483,3649,2bb5861ad531,1,train,0,4812_T
4812,U,6,523,3980,d676b4462f5c,1,train,0,4812_U
4812,V,7,520,3961,c06dce348522,1,train,0,4812_V
4812,X,8,542,4115,867102e5b063,1,train,0,4812_X
4812,Y,9,521,3957,7f6786e0899a,1,train,0,4812_Y
4812,Z,10,538,4087,444b7cd04504,1,train,0,4812_Z
4813,0,0,81,607,91733f769d6b,1,train,0,4813_0
4813,1,1,595,4661,dbebe55fdf8d,1,train,0,4813_1
4813,2,2,441,3163,400aeddf4687,1,train,0,4813_2
4813,3,3,245,1874,e4797ed94d65,1,train,0,4813_3
4813,4,4,290,2177,e4de559a4a93,1,train,0,4813_4
4813,5,5,123,986,89e09c5c602a,1,train,0,4813_5
4813,6,6,124,926,d806cf75fb24,1,train,0,4813_6
4813,7,7,176,1347,fbc199ef12f2,1,train,0,4813_7
4813,8,8,88,692,8d325d2a6ffa,1,train,0,4813_8
4813,9,9,97,776,18420639e5ff,1,train,0,4813_9
4813,A,10,74,514,36bd1d16f933,10,train,0,4813_A
4813,B,10,74,514,36bd1d16f933,10,train,0,4813_B
4813,C,10,74,514,36bd1d16f933,10,train,0,4813_C
4813,D,10,74,514,36bd1d16f933,10,train,0,4813_D
4813,E,10,74,514,36bd1d16f933,10,train,0,4813_E
4813,F,10,74,514,36bd1d16f933,10,train,0,4813_F
4813,G,10,74,514,36bd1d16f933,10,train,0,4813_G
4813,H,10,74,514,36bd1d16f933,10,train,0,4813_H
4813,I,10,74,514,36bd1d16f933,10,train,0,4813_I
4813,J,10,74,514,36bd1d16f933,10,train,0,4813_J
4813,M,11,217,1640,8a0ac1ded98a,1,train,1,4813_M
4813,P,12,193,1532,74e1c0a9feaf,1,train,0,4813_P
4813,Q,13,72,561,4c59d1648ebb,1,train,0,4813_Q
4813,R,14,177,1303,854b5b363fcd,1,train,0,4813_R
4813,S,15,277,2130,fd28a8cf9d39,1,train,0,4813_S
4813,T,16,523,3979,d676b4462f5c,2,train,0,4813_T
4813,U,16,523,3980,d676b4462f5c,2,train,0,4813_U
4813,V,17,520,3962,c06dce348522,1,train,0,4813_V
4813,X,18,538,4087,444b7cd04504,1,train,0,4813_X
4813,Y,19,524,3977,402bd66b46ce,1,train,0,4813_Y
4813,Z,20,539,4095,13ddb363a724,1,train,0,4813_Z
4814,0,0,81,607,91733f769d6b,1,test,1,4814_0
4814,1,1,595,4661,dbebe55fdf8d,1,test,0,4814_1
4814,2,2,441,3163,400aeddf4687,1,test,0,4814_2
4814,3,3,245,1874,e4797ed94d65,1,test,0,4814_3
4814,4,4,290,2177,e4de559a4a93,1,test,0,4814_4
4814,5,5,123,986,89e09c5c602a,1,test,0,4814_5
4814,6,6,124,926,d806cf75fb24,1,test,0,4814_6
4814,7,7,176,1347,fbc199ef12f2,1,test,1,4814_7
4814,8,8,88,692,8d325d2a6ffa,1,test,0,4814_8
4814,9,9,97,776,18420639e5ff,1,test,0,4814_9
4814,M,10,217,1640,8a0ac1ded98a,1,test,0,4814_M
4814,P,11,80,646,4dbbb63c2304,1,test,0,4814_P
4814,T,12,40,330,412a926dfe22,1,test,0,4814_T
4815,A,0,74,514,36bd1d16f933,10,test,0,4815_A
4815,B,0,74,514,36bd1d16f933,10,test,0,4815_B
4815,C,0,74,514,36bd1d16f933,10,test,0,4815_C
4815,D,0,74,514,36bd1d16f933,10,test,0,4815_D
4815,E,0,74,514,36bd1d16f933,10,test,0,4815_E
4815,F,0,74,514,36bd1d16f933,10,test,0,4815_F
4815,G,0,74,514,36bd1d16f933,10,test,0,4815_G
4815,H,0,74,514,36bd1d16f933,10,test,0,4815_H
4815,I,0,74,514,36bd1d16f933,10,test,0,4815_I
4815,J,0,74,514,36bd1d16f933,10,test,0,4815_J
4815,P,1,113,886,e5350df88373,1,test,0,4815_P
4815,Q,2,72,561,4c59d1648ebb,1,test,1,4815_Q
4815,R,3,177,1303,854b5b363fcd,1,test,0,4815_R
4815,S,4,277,2130,fd28a8cf9d39,1,test,0,4815_S
4815,T,5,483,3649,2bb5861ad531,1,test,0,4815_T
4815,U,6,522,3974,7270dd4ae150,1,test,0,4815_U
4815,V,7,520,3961,c06dce348522,1,test,0,4815_V
4815,X,8,538,4087,444b7cd04504,1,test,0,4815_X
4815,Y,9,520,3952,e9a73ad0d2a5,1,test,0,4815_Y
4815,Z,10,539,4095,13ddb363a724,1,test,0,4815_Z
4818,0,0,81,607,91733f769d6b,1,test,0,4818_0
4818,1,1,595,4661,dbebe55fdf8d,1,test,1,4818_1
4818,2,2,441,3163,400aeddf4687,1,test,0,4818_2
4818,3,3,245,1874,e4797ed94d65,1,test,0,4818_3
4818,4,4,290,2177,e4de559a4a93,1,test,0,4818_4
4818,5,5,123,986,89e09c5c602a,1,test,0,4818_5
4818,6,6,124,926,d806cf75fb24,1,test,0,4818_6
4818,7,7,176,1347,fbc199ef12f2,1,test,0,4818_7
4818,8,8,88,692,8d325d2a6ffa,1,test,0,4818_8
4818,9,9,97,776,18420639e5ff,1,test,0,4818_9
4818,A,10,74,514,36bd1d16f933,10,test,0,4818_A
4818,B,10,74,514,36bd1d16f933,10,test,0,4818_B
4818,C,10,74,514,36bd1d16f933,10,test,0,4818_C
4818,D,10,74,514,36bd1d16f933,10,test,0,4818_D
4818,E,10,74,514,36bd1d16f933,10,test,0,4818_E
4818,F,10,74,514,36bd1d16f933,10,test,0,4818_F
4818,G,10,74,514,36bd1d16f933,10,test,0,4818_G
4818,H,10,74,514,36bd1d16f933,10,test,0,4818_H
4818,I,10,74,514,36bd1d16f933,10,test,0,4818_I
4818,J,10,74,514,36bd1d16f933,10,test,0,4818_J
4818,M,11,217,1640,8a0ac1ded98a,1,test,0,4818_M
4818,P,12,193,1532,74e1c0a9feaf,1,test,0,4818_P
4818,Q,13,72,561,4c59d1648ebb,1,test,0,4818_Q
4818,R,14,177,1303,854b5b363fcd,1,test,0,4818_R
4818,S,15,277,2130,fd28a8cf9d39,1,test,0,4818_S
4818,T,16,523,3979,d676b4462f5c,2,test,0,4818_T
4818,U,16,523,3980,d676b4462f5c,2,test,0,4818_U
4818,V,17,520,3962,c06dce348522,1,test,0,4818_V
4818,X,18,542,4115,867102e5b063,1,test,0,4818_X
4818,Y,19,521,3957,7f6786e0899a,1,test,0,4818_Y
4818,Z,20,538,4087,444b7cd04504,1,test,0,4818_Z
4821,0,0,81,607,91733f769d6b,1,train,0,4821_0
4821,1,1,595,4661,dbebe55fdf8d,1,train,0,4821_1
4821,2,2,441,3163,400aeddf4687,1,train,0,4821_2
4821,3,3,245,1874,e4797ed94d65,1,train,0,4821_3
4821,4,4,290,2177,e4de559a4a93,1,train,0,4821_4
4821,5,5,123,986,89e09c5c602a,1,train,0,4821_5
4821,6,6,124,926,d806cf75fb24,1,train,0,4821_6
4821,7,7,176,1347,fbc199ef12f2,1,train,0,4821_7
4821,8,8,88,692,8d325d2a6ffa,1,train,0,4821_8
4821,9,9,97,776,18420639e5ff,1,train,0,4821_9
4821,A,10,74,514,36bd1d16f933,10,train,0,4821_A
4821,B,10,74,514,36bd1d16f933,10,train,0,4821_B
4821,C,10,74,514,36bd1d16f933,10,train,0,4821_C
4821,D,10,74,514,36bd1d16f933,10,train,0,4821_D
4821,E,10,74,514,36bd1d16f933,10,train,0,4821_E
4821,F,10,74,514,36bd1d16f933,10,train,0,4821_F
4821,G,10,74,514,36bd1d16f933,10,train,0,4821_G
4821,H,10,74,514,36bd1d16f933,10,train,0,4821_H
4821,I,10,74,514,36bd1d16f933,10,train,0,4821_I
4821,J,10,74,514,36bd1d16f933,10,train,0,4821_J
4821,M,11,217,1640,8a0ac1ded98a,1,train,0,4821_M
4821,P,12,193,1532,74e1c0a9feaf,1,train,0,4821_P
4821,Q,13,72,561,4c59d1648ebb,1,train,0,4821_Q
4821,R,14,177,1303,854b5b363fcd,1,train,0,4821_R
4821,S,15,277,2130,fd28a8cf9d39,1,train,1,4821_S
4821,T,16,523,3979,d676b4462f5c,2,train,0,4821_T
4821,U,16,523,3980,d676b4462f5c,2,train,0,4821_U
4821,V,17,520,3962,c06dce348522,1,train,0,4821_V
4821,X,18,542,4115,867102e5b063,1,train,0,4821_X
4821,Y,19,521,3957,7f6786e0899a,1,train,0,4821_Y
4821,Z,20,538,4087,444b7cd04504,1,train,0,4821_Z
4822,0,0,81,607,91733f769d6b,1,test,0,4822_0
4822,1,1,595,4661,dbebe55fdf8d,1,test,0,4822_1
4822,2,2,441,3163,400aeddf4687,1,test,0,4822_2
4822,3,3,245,1874,e4797ed94d65,1,test,1,4822_3
4822,4,4,290,2177,e4de559a4a93,1,test,0,4822_4
4822,5,5,123,986,89e09c5c602a,1,test,0,4822_5
4822,6,6,124,926,d806cf75fb24,1,test,0,4822_6
4822,7,7,176,1347,fbc199ef12f2,1,test,1,4822_7
4822,8,8,88,692,8d325d2a6ffa,1,test,0,4822_8
4822,9,9,97,776,18420639e5ff,1,test,0,4822_9
4822,A,10,74,514,36bd1d16f933,10,test,0,4822_A
4822,B,10,74,514,36bd1d16f933,10,test,0,4822_B
4822,C,10,74,514,36bd1d16f933,10,test,0,4822_C
4822,D,10,74,514,36bd1d16f933,10,test,0,4822_D
4822,E,10,74,514,36bd1d16f933,10,test,0,4822_E
4822,F,10,74,514,36bd1d16f933,10,test,0,4822_F
4822,G,10,74,514,36bd1d16f933,10,test,0,4822_G
4822,H,10,74,514,36bd1d16f933,10,test,0,4822_H
4822,I,10,74,514,36bd1d16f933,10,test,0,4822_I
4822,J,10,74,514,36bd1d16f933,10,test,0,4822_J
4822,M,11,217,1640,8a0ac1ded98a,1,test,0,4822_M
4822,P,12,193,1532,74e1c0a9feaf,1,test,0,4822_P
4822,Q,13,72,561,4c59d1648ebb,1,test,0,4822_Q
4822,R,14,177,1303,854b5b363fcd,1,test,0,4822_R
4822,S,15,277,2130,fd28a8cf9d39,1,test,0,4822_S
4822,T,16,523,3979,d676b4462f5c,2,test,0,4822_T
4822,U,16,523,3980,d676b4462f5c,2,test,0,4822_U
4822,V,17,520,3962,c06dce348522,1,test,0,4822_V
4822,X,18,542,4115,867102e5b063,1,test,0,4822_X
4822,Y,19,521,3957,7f6786e0899a,1,test,0,4822_Y
4822,Z,20,538,4087,444b7cd04504,1,test,0,4822_Z
4824,0,0,81,607,91733f769d6b,1,test,0,4824_0
4824,1,1,595,4661,dbebe55fdf8d,1,test,0,4824_1
4824,2,2,441,3163,400aeddf4687,1,test,0,4824_2
4824,3,3,245,1874,e4797ed94d65,1,test,0,4824_3
4824,4,4,290,2177,e4de559a4a93,1,test,0,4824_4
4824,5,5,123,986,89e09c5c602a,1,test,0,4824_5
4824,6,6,124,926,d806cf75fb24,1,test,0,4824_6
4824,7,7,176,1347,fbc199ef12f2,1,test,1,4824_7
4824,8,8,88,692,8d325d2a6ffa,1,test,0,4824_8
4824,9,9,97,776,18420639e5ff,1,test,0,4824_9
4824,A,10,74,514,36bd1d16f933,10,test,0,4824_A
4824,B,10,74,514,36bd1d16f933,10,test,0,4824_B
4824,C,10,74,514,36bd1d16f933,10,test,0,4824_C
4824,D,10,74,514,36bd1d16f933,10,test,0,4824_D
4824,E,10,74,514,36bd1d16f933,10,test,0,4824_E
4824,F,10,74,514,36bd1d16f933,10,test,0,4824_F
4824,G,10,74,514,36bd1d16f933,10,test,0,4824_G
4824,H,10,74,514,36bd1d16f933,10,test,0,4824_H
4824,I,10,74,514,36bd1d16f933,10,test,0,4824_I
4824,J,10,74,514,36bd1d16f933,10,test,0,4824_J
4824,M,11,217,1640,8a0ac1ded98a,1,test,0,4824_M
4824,P,12,193,1532,74e1c0a9feaf,1,test,0,4824_P
4824,Q,13,72,561,4c59d1648ebb,1,test,0,4824_Q
4824,R,14,177,1303,854b5b363fcd,1,test,1,4824_R
4824,S,15,277,2130,fd28a8cf9d39,1,test,0,4824_S
4824,T,16,523,3979,d676b4462f5c,2,test,0,4824_T
4824,U,16,523,3980,d676b4462f5c,2,test,0,4824_U
4824,V,17,520,3962,c06dce348522,1,test,0,4824_V
4824,X,18,542,4115,867102e5b063,1,test,0,4824_X
4824,Y,19,521,3957,7f6786e0899a,1,test,0,4824_Y
4824,Z,20,538,4087,444b7cd04504,1,test,0,4824_Z
4825,0,0,81,607,91733f769d6b,1,train,0,4825_0
4825,1,1,595,4661,dbebe55fdf8d,1,train,0,4825_1
4825,2,2,441,3163,400aeddf4687,1,train,0,4825_2
4825,3,3,245,1874,e4797ed94d65,1,train,0,4825_3
4825,4,4,290,2177,e4de559a4a93,1,train,0,4825_4
4825,5,5,123,986,89e09c5c602a,1,train,0,4825_5
4825,6,6,124,926,d806cf75fb24,1,train,0,4825_6
4825,7,7,176,1347,fbc199ef12f2,1,train,0,4825_7
4825,8,8,88,692,8d325d2a6ffa,1,train,0,4825_8
4825,9,9,97,776,18420639e5ff,1,train,1,4825_9
4825,A,10,74,514,36bd1d16f933,10,train,0,4825_A
4825,B,10,74,514,36bd1d16f933,10,train,0,4825_B
4825,C,10,74,514,36bd1d16f933,10,train,0,4825_C
4825,D,10,74,514,36bd1d16f933,10,train,0,4825_D
4825,E,10,74,514,36bd1d16f933,10,train,0,4825_E
4825,F,10,74,514,36bd1d16f933,10,train,0,4825_F
4825,G,10,74,514,36bd1d16f933,10,train,0,4825_G
4825,H,10,74,514,36bd1d16f933,10,train,0,4825_H
4825,I,10,74,514,36bd1d16f933,10,train,0,4825_I
4825,J,10,74,514,36bd1d16f933,10,train,0,4825_J
4825,M,11,217,1640,8a0ac1ded98a,1,train,0,4825_M
4825,P,12,193,1532,74e1c0a9feaf,1,train,1,4825_P
4825,Q,13,72,561,4c59d1648ebb,1,train,0,4825_Q
4825,R,14,177,1303,854b5b363fcd,1,train,0,4825_R
4825,S,15,277,2130,fd28a8cf9d39,1,train,0,4825_S
4825,T,16,523,3979,d676b4462f5c,2,train,0,4825_T
4825,U,16,523,3980,d676b4462f5c,2,train,0,4825_U
4825,V,17,520,3962,c06dce348522,1,train,0,4825_V
4825,X,18,542,4115,867102e5b063,1,train,0,4825_X
4825,Y,19,521,3957,7f6786e0899a,1,train,0,4825_Y
4825,Z,20,538,4087,444b7cd04504,1,train,0,4825_Z
4830,0,0,81,607,91733f769d6b,1,train,0,4830_0
4830,1,1,595,4661,dbebe55fdf8d,1,train,0,4830_1
4830,2,2,441,3163,400aeddf4687,1,train,0,4830_2
4830,3,3,245,1874,e4797ed94d65,1,train,0,4830_3
4830,4,4,290,2177,e4de559a4a93,1,train,0,4830_4
4830,5,5,123,986,89e09c5c602a,1,train,0,4830_5
4830,6,6,124,926,d806cf75fb24,1,train,0,4830_6
4830,7,7,176,1347,fbc199ef12f2,1,train,0,4830_7
4830,8,8,88,692,8d325d2a6ffa,1,train,0,4830_8
4830,9,9,97,776,18420639e5ff,1,train,0,4830_9
4830,A,10,74,514,36bd1d16f933,10,train,0,4830_A
4830,B,10,74,514,36bd1d16f933,10,train,0,4830_B
4830,C,10,74,514,36bd1d16f933,10,train,0,4830_C
4830,D,10,74,514,36bd1d16f933,10,train,0,4830_D
4830,E,10,74,514,36bd1d16f933,10,train,0,4830_E
4830,F,10,74,514,36bd1d16f933,10,train,0,4830_F
4830,G,10,74,514,36bd1d16f933,10,train,0,4830_G
4830,H,10,74,514,36bd1d16f933,10,train,0,4830_H
4830,I,10,74,514,36bd1d16f933,10,train,0,4830_I
4830,J,10,74,514,36bd1d16f933,10,train,0,4830_J
4830,M,11,217,1640,8a0ac1ded98a,1,train,1,4830_M
4830,P,12,193,1532,74e1c0a9feaf,1,train,0,4830_P
4830,Q,13,72,561,4c59d1648ebb,1,train,0,4830_Q
4830,R,14,177,1303,854b5b363fcd,1,train,0,4830_R
4830,S,15,277,2130,fd28a8cf9d39,1,train,0,4830_S
4830,T,16,523,3979,d676b4462f5c,2,train,0,4830_T
4830,U,16,523,3980,d676b4462f5c,2,train,0,4830_U
4830,V,17,520,3962,c06dce348522,1,train,0,4830_V
4830,X,18,542,4115,867102e5b063,1,train,0,4830_X
4830,Y,19,521,3957,7f6786e0899a,1,train,0,4830_Y
4830,Z,20,538,4087,444b7cd04504,1,train,0,4830_Z
4831,0,0,81,607,91733f769d6b,1,test,0,4831_0
4831,1,1,595,4661,dbebe55fdf8d,1,test,0,4831_1
4831,2,2,441,3163,400aeddf4687,1,test,0,4831_2
4831,3,3,245,1874,e4797ed94d65,1,test,0,4831_3
4831,4,4,290,2177,e4de559a4a93,1,test,0,4831_4
4831,5,5,123,986,89e09c5c602a,1,test,0,4831_5
4831,6,6,124,926,d806cf75fb24,1,test,0,4831_6
4831,7,7,176,1347,fbc199ef12f2,1,test,0,4831_7
4831,8,8,88,692,8d325d2a6ffa,1,test,0,4831_8
4831,9,9,97,776,18420639e5ff,1,test,0,4831_9
4831,A,10,74,514,36bd1d16f933,10,test,0,4831_A
4831,B,10,74,514,36bd1d16f933,10,test,0,4831_B
4831,C,10,74,514,36bd1d16f933,10,test,0,4831_C
4831,D,10,74,514,36bd1d16f933,10,test,0,4831_D
4831,E,10,74,514,36bd1d16f933,10,test,0,4831_E
4831,F,10,74,514,36bd1d16f933,10,test,0,4831_F
4831,G,10,74,514,36bd1d16f933,10,test,0,4831_G
4831,H,10,74,514,36bd1d16f933,10,test,0,4831_H
4831,I,10,74,514,36bd1d16f933,10,test,0,4831_I
4831,J,10,74,514,36bd1d16f933,10,test,0,4831_J
4831,M,11,217,1640,8a0ac1ded98a,1,test,0,4831_M
4831,P,12,193,1532,74e1c0a9feaf,1,test,0,4831_P
4831,Q,13,72,561,4c59d1648ebb,1,test,1,4831_Q
4831,R,14,177,1303,854b5b363fcd,1,test,0,4831_R
4831,S,15,277,2130,fd28a8cf9d39,1,test,0,4831_S
4831,T,16,523,3979,d676b4462f5c,2,test,0,4831_T
4831,U,16,523,3980,d676b4462f5c,2,test,0,4831_U
4831,V,17,520,3962,c06dce348522,1,test,0,4831_V
4831,X,18,542,4115,867102e5b063,1,test,0,4831_X
4831,Y,19,521,3957,7f6786e0899a,1,test,0,4831_Y
4831,Z,20,538,4087,444b7cd04504,1,test,0,4831_Z
4832,A,0,74,514,36bd1d16f933,10,train,1,4832_A
4832,B,0,74,514,36bd1d16f933,10,train,0,4832_B
4832,C,0,74,514,36bd1d16f933,10,train,0,4832_C
4832,D,0,74,514,36bd1d16f933,10,train,0,4832_D
4832,E,0,74,514,36bd1d16f933,10,train,0,4832_E
4832,F,0,74,514,36bd1d16f933,10,train,0,4832_F
4832,G,0,74,514,36bd1d16f933,10,train,0,4832_G
4832,H,0,74,514,36bd1d16f933,10,train,0,4832_H
4832,I,0,74,514,36bd1d16f933,10,train,0,4832_I
4832,J,0,74,514,36bd1d16f933,10,train,0,4832_J
4832,P,1,114,895,2cf69554833d,1,train,0,4832_P
4832,Q,2,72,561,4c59d1648ebb,1,train,0,4832_Q
4832,R,3,177,1303,854b5b363fcd,1,train,0,4832_R
4832,S,4,277,2130,fd28a8cf9d39,1,train,0,4832_S
4832,T,5,478,3609,6db023d5563d,1,train,0,4832_T
4832,U,6,523,3980,d676b4462f5c,1,train,0,4832_U
4832,V,7,520,3962,c06dce348522,1,train,0,4832_V
4832,X,8,542,4115,867102e5b063,1,train,0,4832_X
4832,Y,9,521,3957,7f6786e0899a,1,train,0,4832_Y
4832,Z,10,538,4087,444b7cd04504,1,train,0,4832_Z
4836,0,0,81,607,91733f769d6b,1,test,0,4836_0
4836,1,1,595,4661,dbebe55fdf8d,1,test,0,4836_1
4836,2,2,441,3163,400aeddf4687,1,test,0,4836_2
4836,3,3,245,1874,e4797ed94d65,1,test,0,4836_3
4836,4,4,290,2177,e4de559a4a93,1,test,0,4836_4
4836,5,5,123,986,89e09c5c602a,1,test,0,4836_5
4836,6,6,124,926,d806cf75fb24,1,test,0,4836_6
4836,7,7,176,1347,fbc199ef12f2,1,test,0,4836_7
4836,8,8,88,692,8d325d2a6ffa,1,test,0,4836_8
4836,9,9,97,776,18420639e5ff,1,test,0,4836_9
4836,A,10,74,514,36bd1d16f933,10,test,0,4836_A
4836,B,10,74,514,36bd1d16f933,10,test,0,4836_B
4836,C,10,74,514,36bd1d16f933,10,test,0,4836_C
4836,D,10,74,514,36bd1d16f933,10,test,0,4836_D
4836,E,10,74,514,36bd1d16f933,10,test,0,4836_E
4836,F,10,74,514,36bd1d16f933,10,test,0,4836_F
4836,G,10,74,514,36bd1d16f933,10,test,0,4836_G
4836,H,10,74,514,36bd1d16f933,10,test,0,4836_H
4836,I,10,74,514,36bd1d16f933,10,test,0,4836_I
4836,J,10,74,514,36bd1d16f933,10,test,0,4836_J
4836,M,11,217,1640,8a0ac1ded98a,1,test,0,4836_M
4836,P,12,193,1532,74e1c0a9feaf,1,test,0,4836_P
4836,Q,13,72,561,4c59d1648ebb,1,test,1,4836_Q
4836,R,14,177,1303,854b5b363fcd,1,test,0,4836_R
4836,S,15,277,2130,fd28a8cf9d39,1,test,0,4836_S
4836,T,16,523,3979,d676b4462f5c,1,test,0,4836_T
4836,U,17,522,3974,7270dd4ae150,1,test,0,4836_U
4836,V,18,520,3961,c06dce348522,1,test,0,4836_V
4836,X,19,538,4087,444b7cd04504,1,test,0,4836_X
4836,Y,20,520,3952,e9a73ad0d2a5,1,test,0,4836_Y
4836,Z,21,539,4095,13ddb363a724,1,test,0,4836_Z
4842,0,0,81,607,91733f769d6b,1,val,0,4842_0
4842,1,1,595,4661,dbebe55fdf8d,1,val,0,4842_1
4842,2,2,441,3163,400aeddf4687,1,val,1,4842_2
4842,3,3,245,1874,e4797ed94d65,1,val,0,4842_3
4842,4,4,290,2177,e4de559a4a93,1,val,0,4842_4
4842,5,5,123,986,89e09c5c602a,1,val,0,4842_5
4842,6,6,124,926,d806cf75fb24,1,val,0,4842_6
4842,7,7,176,1347,fbc199ef12f2,1,val,0,4842_7
4842,8,8,88,692,8d325d2a6ffa,1,val,0,4842_8
4842,9,9,97,776,18420639e5ff,1,val,0,4842_9
4842,A,10,74,514,36bd1d16f933,10,val,0,4842_A
4842,B,10,74,514,36bd1d16f933,10,val,0,4842_B
4842,C,10,74,514,36bd1d16f933,10,val,0,4842_C
4842,D,10,74,514,36bd1d16f933,10,val,0,4842_D
4842,E,10,74,514,36bd1d16f933,10,val,0,4842_E
4842,F,10,74,514,36bd1d16f933,10,val,0,4842_F
4842,G,10,74,514,36bd1d16f933,10,val,0,4842_G
4842,H,10,74,514,36bd1d16f933,10,val,0,4842_H
4842,I,10,74,514,36bd1d16f933,10,val,0,4842_I
4842,J,10,74,514,36bd1d16f933,10,val,0,4842_J
4842,M,11,217,1640,8a0ac1ded98a,1,val,0,4842_M
4842,P,12,193,1532,74e1c0a9feaf,1,val,1,4842_P
4842,Q,13,72,561,4c59d1648ebb,1,val,0,4842_Q
4842,R,14,177,1303,854b5b363fcd,1,val,0,4842_R
4842,S,15,277,2130,fd28a8cf9d39,1,val,0,4842_S
4842,T,16,523,3979,d676b4462f5c,1,val,0,4842_T
4842,U,17,522,3974,7270dd4ae150,1,val,0,4842_U
4842,V,18,520,3961,c06dce348522,1,val,0,4842_V
4842,X,19,538,4087,444b7cd04504,1,val,0,4842_X
4842,Y,20,520,3952,e9a73ad0d2a5,1,val,0,4842_Y
4842,Z,21,539,4095,13ddb363a724,1,val,0,4842_Z
4845,0,0,81,607,91733f769d6b,1,train,0,4845_0
4845,1,1,595,4661,dbebe55fdf8d,1,train,0,4845_1
4845,2,2,441,3163,400aeddf4687,1,train,0,4845_2
4845,3,3,245,1874,e4797ed94d65,1,train,0,4845_3
4845,4,4,290,2177,e4de559a4a93,1,train,0,4845_4
4845,5,5,123,986,89e09c5c602a,1,train,0,4845_5
4845,6,6,124,926,d806cf75fb24,1,train,0,4845_6
4845,7,7,176,1347,fbc199ef12f2,1,train,0,4845_7
4845,8,8,88,692,8d325d2a6ffa,1,train,0,4845_8
4845,9,9,97,776,18420639e5ff,1,train,0,4845_9
4845,A,10,74,514,36bd1d16f933,10,train,0,4845_A
4845,B,10,74,514,36bd1d16f933,10,train,0,4845_B
4845,C,10,74,514,36bd1d16f933,10,train,0,4845_C
4845,D,10,74,514,36bd1d16f933,10,train,0,4845_D
4845,E,10,74,514,36bd1d16f933,10,train,0,4845_E
4845,F,10,74,514,36bd1d16f933,10,train,0,4845_F
4845,G,10,74,514,36bd1d16f933,10,train,0,4845_G
4845,H,10,74,514,36bd1d16f933,10,train,0,4845_H
4845,I,10,74,514,36bd1d16f933,10,train,0,4845_I
4845,J,10,74,514,36bd1d16f933,10,train,0,4845_J
4845,M,11,217,1640,8a0ac1ded98a,1,train,0,4845_M
4845,P,12,193,1532,74e1c0a9feaf,1,train,0,4845_P
4845,Q,13,72,561,4c59d1648ebb,1,train,0,4845_Q
4845,R,14,177,1303,854b5b363fcd,1,train,0,4845_R
4845,S,15,277,2130,fd28a8cf9d39,1,train,0,4845_S
4845,T,16,523,3979,d676b4462f5c,1,train,0,4845_T
4845,U,17,522,3974,7270dd4ae150,1,train,0,4845_U
4845,V,18,520,3961,c06dce348522,1,train,0,4845_V
4845,X,19,538,4087,444b7cd04504,1,train,1,4845_X
4845,Y,20,520,3952,e9a73ad0d2a5,1,train,0,4845_Y
4845,Z,21,539,4095,13ddb363a724,1,train,0,4845_Z
4846,0,0,81,607,91733f769d6b,1,train,1,4846_0
4846,1,1,595,4661,dbebe55fdf8d,1,train,0,4846_1
4846,2,2,441,3163,400aeddf4687,1,train,0,4846_2
4846,3,3,245,1874,e4797ed94d65,1,train,0,4846_3
4846,4,4,290,2177,e4de559a4a93,1,train,0,4846_4
4846,5,5,123,986,89e09c5c602a,1,train,0,4846_5
4846,6,6,124,926,d806cf75fb24,1,train,0,4846_6
4846,7,7,176,1347,fbc199ef12f2,1,train,0,4846_7
4846,8,8,88,692,8d325d2a6ffa,1,train,0,4846_8
4846,9,9,97,776,18420639e5ff,1,train,0,4846_9
4846,A,10,74,514,36bd1d16f933,10,train,0,4846_A
4846,B,10,74,514,36bd1d16f933,10,train,0,4846_B
4846,C,10,74,514,36bd1d16f933,10,train,0,4846_C
4846,D,10,74,514,36bd1d16f933,10,train,0,4846_D
4846,E,10,74,514,36bd1d16f933,10,train,0,4846_E
4846,F,10,74,514,36bd1d16f933,10,train,0,4846_F
4846,G,10,74,514,36bd1d16f933,10,train,0,4846_G
4846,H,10,74,514,36bd1d16f933,10,train,0,4846_H
4846,I,10,74,514,36bd1d16f933,10,train,0,4846_I
4846,J,10,74,514,36bd1d16f933,10,train,0,4846_J
4846,M,11,217,1640,8a0ac1ded98a,1,train,0,4846_M
4846,P,12,193,1532,74e1c0a9feaf,1,train,0,4846_P
4846,Q,13,72,561,4c59d1648ebb,1,train,0,4846_Q
4846,R,14,177,1303,854b5b363fcd,1,train,0,4846_R
4846,S,15,277,2130,fd28a8cf9d39,1,train,0,4846_S
4846,T,16,523,3979,d676b4462f5c,1,train,0,4846_T
4846,U,17,522,3974,7270dd4ae150,1,train,0,4846_U
4846,V,18,520,3961,c06dce348522,1,train,0,4846_V
4846,X,19,538,4087,444b7cd04504,1,train,0,4846_X
4846,Y,20,520,3952,e9a73ad0d2a5,1,train,0,4846_Y
4846,Z,21,539,4095,13ddb363a724,1,train,0,4846_Z
4848,0,0,81,607,91733f769d6b,1,train,0,4848_0
4848,1,1,595,4661,dbebe55fdf8d,1,train,0,4848_1
4848,2,2,441,3163,400aeddf4687,1,train,0,4848_2
4848,3,3,245,1874,e4797ed94d65,1,train,0,4848_3
4848,4,4,290,2177,e4de559a4a93,1,train,0,4848_4
4848,5,5,123,986,89e09c5c602a,1,train,0,4848_5
4848,6,6,124,926,d806cf75fb24,1,train,0,4848_6
4848,7,7,176,1347,fbc199ef12f2,1,train,0,4848_7
4848,8,8,88,692,8d325d2a6ffa,1,train,0,4848_8
4848,9,9,97,776,18420639e5ff,1,train,0,4848_9
4848,A,10,74,514,36bd1d16f933,10,train,0,4848_A
4848,B,10,74,514,36bd1d16f933,10,train,0,4848_B
4848,C,10,74,514,36bd1d16f933,10,train,0,4848_C
4848,D,10,74,514,36bd1d16f933,10,train,0,4848_D
4848,E,10,74,514,36bd1d16f933,10,train,0,4848_E
4848,F,10,74,514,36bd1d16f933,10,train,0,4848_F
4848,G,10,74,514,36bd1d16f933,10,train,0,4848_G
4848,H,10,74,514,36bd1d16f933,10,train,0,4848_H
4848,I,10,74,514,36bd1d16f933,10,train,0,4848_I
4848,J,10,74,514,36bd1d16f933,10,train,0,4848_J
4848,M,11,217,1640,8a0ac1ded98a,1,train,0,4848_M
4848,P,12,193,1532,74e1c0a9feaf,1,train,1,4848_P
4848,Q,13,72,561,4c59d1648ebb,1,train,0,4848_Q
4848,R,14,177,1303,854b5b363fcd,1,train,0,4848_R
4848,S,15,277,2130,fd28a8cf9d39,1,train,0,4848_S
4848,T,16,523,3979,d676b4462f5c,2,train,0,4848_T
4848,U,16,523,3980,d676b4462f5c,2,train,0,4848_U
4848,V,17,520,3962,c06dce348522,1,train,0,4848_V
4848,X,18,539,4095,13ddb363a724,1,train,1,4848_X
4848,Y,19,521,3957,7f6786e0899a,1,train,0,4848_Y
4848,Z,20,542,4115,867102e5b063,1,train,0,4848_Z
4849,0,0,81,607,91733f769d6b,1,train,0,4849_0
4849,1,1,595,4661,dbebe55fdf8d,1,train,0,4849_1
4849,2,2,441,3163,400aeddf4687,1,train,0,4849_2
4849,3,3,245,1874,e4797ed94d65,1,train,0,4849_3
4849,4,4,290,2177,e4de559a4a93,1,train,0,4849_4
4849,5,5,123,986,89e09c5c602a,1,train,0,4849_5
4849,6,6,124,926,d806cf75fb24,1,train,1,4849_6
4849,7,7,176,1347,fbc199ef12f2,1,train,0,4849_7
4849,8,8,88,692,8d325d2a6ffa,1,train,0,4849_8
4849,9,9,97,776,18420639e5ff,1,train,1,4849_9
4849,A,10,74,514,36bd1d16f933,10,train,0,4849_A
4849,B,10,74,514,36bd1d16f933,10,train,0,4849_B
4849,C,10,74,514,36bd1d16f933,10,train,0,4849_C
4849,D,10,74,514,36bd1d16f933,10,train,0,4849_D
4849,E,10,74,514,36bd1d16f933,10,train,0,4849_E
4849,F,10,74,514,36bd1d16f933,10,train,0,4849_F
4849,G,10,74,514,36bd1d16f933,10,train,0,4849_G
4849,H,10,74,514,36bd1d16f933,10,train,0,4849_H
4849,I,10,74,514,36bd1d16f933,10,train,0,4849_I
4849,J,10,74,514,36bd1d16f933,10,train,0,4849_J
4849,M,11,217,1640,8a0ac1ded98a,1,train,0,4849_M
4849,P,12,193,1532,74e1c0a9feaf,1,train,0,4849_P
4849,Q,13,72,561,4c59d1648ebb,1,train,0,4849_Q
4849,R,14,177,1303,854b5b363fcd,1,train,0,4849_R
4849,S,15,277,2130,fd28a8cf9d39,1,train,0,4849_S
4849,T,16,523,3979,d676b4462f5c,2,train,0,4849_T
4849,U,16,523,3980,d676b4462f5c,2,train,0,4849_U
4849,V,17,520,3962,c06dce348522,1,train,0,4849_V
4849,X,18,539,4095,13ddb363a724,1,train,0,4849_X
4849,Y,19,521,3957,7f6786e0899a,1,train,0,4849_Y
4849,Z,20,542,4115,867102e5b063,1,train,0,4849_Z
4851,0,0,81,607,91733f769d6b,1,test,0,4851_0
4851,1,1,595,4661,dbebe55fdf8d,1,test,0,4851_1
4851,2,2,441,3163,400aeddf4687,1,test,0,4851_2
4851,3,3,245,1874,e4797ed94d65,1,test,0,4851_3
4851,4,4,290,2177,e4de559a4a93,1,test,0,4851_4
4851,5,5,123,986,89e09c5c602a,1,test,0,4851_5
4851,6,6,124,926,d806cf75fb24,1,test,0,4851_6
4851,7,7,176,1347,fbc199ef12f2,1,test,0,4851_7
4851,8,8,88,692,8d325d2a6ffa,1,test,0,4851_8
4851,9,9,97,776,18420639e5ff,1,test,0,4851_9
4851,A,10,74,514,36bd1d16f933,10,test,0,4851_A
4851,B,10,74,514,36bd1d16f933,10,test,0,4851_B
4851,C,10,74,514,36bd1d16f933,10,test,0,4851_C
4851,D,10,74,514,36bd1d16f933,10,test,0,4851_D
4851,E,10,74,514,36bd1d16f933,10,test,0,4851_E
4851,F,10,74,514,36bd1d16f933,10,test,0,4851_F
4851,G,10,74,514,36bd1d16f933,10,test,0,4851_G
4851,H,10,74,514,36bd1d16f933,10,test,0,4851_H
4851,I,10,74,514,36bd1d16f933,10,test,0,4851_I
4851,J,10,74,514,36bd1d16f933,10,test,0,4851_J
4851,M,11,217,1640,8a0ac1ded98a,1,test,0,4851_M
4851,P,12,193,1532,74e1c0a9feaf,1,test,0,4851_P
4851,Q,13,72,561,4c59d1648ebb,1,test,1,4851_Q
4851,R,14,177,1303,854b5b363fcd,1,test,0,4851_R
4851,S,15,277,2130,fd28a8cf9d39,1,test,0,4851_S
4851,T,16,523,3979,d676b4462f5c,2,test,0,4851_T
4851,U,16,523,3980,d676b4462f5c,2,test,0,4851_U
4851,V,17,520,3962,c06dce348522,1,test,0,4851_V
4851,X,18,539,4095,13ddb363a724,1,test,0,4851_X
4851,Y,19,521,3957,7f6786e0899a,1,test,0,4851_Y
4851,Z,20,542,4115,867102e5b063,1,test,0,4851_Z
4853,0,0,81,607,91733f769d6b,1,train,0,4853_0
4853,1,1,595,4661,dbebe55fdf8d,1,train,0,4853_1
4853,2,2,441,3163,400aeddf4687,1,train,0,4853_2
4853,3,3,245,1874,e4797ed94d65,1,train,0,4853_3
4853,4,4,290,2177,e4de559a4a93,1,train,0,4853_4
4853,5,5,123,986,89e09c5c602a,1,train,0,4853_5
4853,6,6,124,926,d806cf75fb24,1,train,0,4853_6
4853,7,7,176,1347,fbc199ef12f2,1,train,0,4853_7
4853,8,8,88,692,8d325d2a6ffa,1,train,0,4853_8
4853,9,9,97,776,18420639e5ff,1,train,0,4853_9
4853,A,10,74,514,36bd1d16f933,10,train,0,4853_A
4853,B,10,74,514,36bd1d16f933,10,train,0,4853_B
4853,C,10,74,514,36bd1d16f933,10,train,0,4853_C
4853,D,10,74,514,36bd1d16f933,10,train,0,4853_D
4853,E,10,74,514,36bd1d16f933,10,train,0,4853_E
4853,F,10,74,514,36bd1d16f933,10,train,0,4853_F
4853,G,10,74,514,36bd1d16f933,10,train,0,4853_G
4853,H,10,74,514,36bd1d16f933,10,train,0,4853_H
4853,I,10,74,514,36bd1d16f933,10,train,0,4853_I
4853,J,10,74,514,36bd1d16f933,10,train,0,4853_J
4853,M,11,217,1640,8a0ac1ded98a,1,train,0,4853_M
4853,P,12,193,1532,74e1c0a9feaf,1,train,0,4853_P
4853,Q,13,72,561,4c59d1648ebb,1,train,0,4853_Q
4853,R,14,177,1303,854b5b363fcd,1,train,0,4853_R
4853,S,15,277,2130,fd28a8cf9d39,1,train,1,4853_S
4853,T,16,523,3979,d676b4462f5c,2,train,0,4853_T
4853,U,16,523,3980,d676b4462f5c,2,train,0,4853_U
4853,V,17,520,3962,c06dce348522,1,train,0,4853_V
4853,X,18,539,4095,13ddb363a724,1,train,0,4853_X
4853,Y,19,521,3957,7f6786e0899a,1,train,0,4853_Y
4853,Z,20,542,4115,867102e5b063,1,train,0,4853_Z
4863,A,0,432,3382,53fe227026ce,2,train,0,4863_A
4863,B,1,429,3368,6eb8b3db770f,2,train,1,4863_B
4863,N,2,99,785,da15fa8158cc,1,train,0,4863_N
4863,a,0,432,3382,53fe227026ce,2,train,0,4863_a
4863,b,1,429,3368,6eb8b3db770f,2,train,0,4863_b
4872,1,0,318,2540,c6a65cdde8d5,1,test,0,4872_1
4872,2,1,469,3774,e87ae9a933a9,1,test,0,4872_2
4872,3,2,108,869,187578dac9b3,1,test,0,4872_3
4872,4,3,486,3855,4f2a169bcd09,1,test,0,4872_4
4872,5,4,654,5197,c2d4d05412e2,1,test,0,4872_5
4872,6,5,183,1443,d7f860bb46a0,1,test,0,4872_6
4872,8,6,82,672,36b337829aec,1,test,0,4872_8
4872,9,7,86,672,a1f99e2da100,1,test,0,4872_9
4872,A,8,694,5274,91e80b706141,1,test,1,4872_A
4872,B,9,441,3421,6754a875fa9f,1,test,0,4872_B
4872,C,10,430,3415,71f8d605aeb7,1,test,0,4872_C
4872,D,11,86,681,06acbc105f53,1,test,0,4872_D
4872,E,12,263,2075,d4af25415fb3,1,test,0,4872_E
4872,F,13,121,990,c66c4b7d0712,1,test,0,4872_F
4872,G,14,210,1739,5054b54dca44,1,test,0,4872_G
4872,H,15,215,1680,306a91cf5cb6,1,test,0,4872_H
4872,I,16,190,1519,b89da977018d,1,test,0,4872_I
4872,J,17,179,1329,43fe98b31203,1,test,0,4872_J
4872,K,18,153,1190,35f4aae4b59e,1,test,0,4872_K
4872,L,19,89,691,55abadb97c36,1,test,0,4872_L
4872,O,20,77,591,177d78556de8,1,test,0,4872_O
4872,P,21,123,1036,d158325e44c9,1,test,0,4872_P
4872,Q,22,85,648,df3271d258d0,1,test,0,4872_Q
4872,R,23,106,884,0e3260e5b814,1,test,0,4872_R
4872,S,24,174,1430,1df70aad1e44,1,test,0,4872_S
4872,U,25,171,1345,288a2139d7bd,1,test,0,4872_U
4872,W,26,119,961,b33c7acfe83f,1,test,0,4872_W
4872,X,27,168,1305,7a7d70965e88,1,test,1,4872_X
4872,Y,28,123,1021,3925f8db24aa,1,test,0,4872_Y
4872,Z,29,120,922,f477d779a91a,1,test,0,4872_Z
4872,a,30,124,1030,70bc3d1a5347,1,test,0,4872_a
4872,b,31,64,490,bf1e6370f607,1,test,0,4872_b
4872,c,32,44,353,458d75b9c16d,1,test,0,4872_c
4872,d,33,90,760,c156e317c98d,1,test,0,4872_d
4872,e,34,52,436,51f2f5abbfa7,1,test,0,4872_e
4872,f,35,79,620,fdfa9f576f16,1,test,0,4872_f
4872,g,36,76,617,543f9d594d25,1,test,0,4872_g
4872,i,37,83,646,cac1da5c6488,1,test,0,4872_i
4872,j,38,90,724,b7d6b1669b69,1,test,0,4872_j
4872,k,39,98,828,6ffe18484862,1,test,0,4872_k
4872,n,40,114,914,409541878022,1,test,0,4872_n
4873,1,0,340,2714,48ef7fee601a,1,test,0,4873_1
4873,2,1,469,3774,e87ae9a933a9,1,test,1,4873_2
4873,3,2,127,1017,e66f7e1a1c8a,1,test,0,4873_3
4873,4,3,486,3855,4f2a169bcd09,1,test,0,4873_4
4873,5,4,654,5197,c2d4d05412e2,1,test,0,4873_5
4873,6,5,183,1443,d7f860bb46a0,1,test,0,4873_6
4873,8,6,82,672,36b337829aec,1,test,0,4873_8
4873,9,7,86,672,a1f99e2da100,1,test,0,4873_9
4873,A,8,692,5258,1a2045638eb5,1,test,0,4873_A
4873,B,9,456,3528,bd4a6d421507,1,test,0,4873_B
4873,C,10,438,3472,57530219fedf,1,test,0,4873_C
4873,D,11,86,681,06acbc105f53,1,test,0,4873_D
4873,E,12,349,2798,d791a25d6400,1,test,0,4873_E
4873,F,13,121,990,c66c4b7d0712,1,test,1,4873_F
4873,G,14,239,1978,9e7d72ecf6b2,1,test,0,4873_G
4873,H,15,216,1688,4fba5e07c3df,1,test,0,4873_H
4873,I,16,190,1519,b89da977018d,1,test,0,4873_I
4873,J,17,179,1329,43fe98b31203,1,test,0,4873_J
4873,K,18,177,1395,531eae2a4511,1,test,1,4873_K
4873,L,19,89,691,55abadb97c36,1,test,0,4873_L
4873,M,20,117,912,87315852f324,1,test,0,4873_M
4873,O,21,77,591,177d78556de8,1,test,0,4873_O
4873,P,22,123,1036,d158325e44c9,1,test,0,4873_P
4873,Q,23,85,648,df3271d258d0,1,test,0,4873_Q
4873,R,24,106,884,0e3260e5b814,1,test,0,4873_R
4873,S,25,174,1430,1df70aad1e44,1,test,0,4873_S
4873,U,26,171,1345,288a2139d7bd,1,test,0,4873_U
4873,W,27,121,974,4d24bd386a26,1,test,0,4873_W
4873,X,28,167,1296,ab5a4712eafe,1,test,1,4873_X
4873,Y,29,123,1021,3925f8db24aa,1,test,0,4873_Y
4873,Z,30,181,1389,28231018ea06,1,test,0,4873_Z
4873,a,31,124,1030,70bc3d1a5347,1,test,0,4873_a
4873,b,32,64,490,bf1e6370f607,1,test,0,4873_b
4873,c,33,44,353,458d75b9c16d,1,test,0,4873_c
4873,d,34,90,760,c156e317c98d,1,test,0,4873_d
4873,e,35,52,436,51f2f5abbfa7,1,test,0,4873_e
4873,f,36,80,629,a556b6c0573c,1,test,0,4873_f
4873,g,37,76,617,543f9d594d25,1,test,0,4873_g
4873,h,38,136,1130,0f2c4eddf434,1,test,0,4873_h
4873,i,39,83,646,cac1da5c6488,1,test,0,4873_i
4873,j,40,90,724,b7d6b1669b69,1,test,0,4873_j
4873,n,41,114,914,409541878022,1,test,0,4873_n
4877,A,0,240,1734,58a2064b1cb9,2,train,0,4877_A
4877,B,1,229,1662,a05e54cdeb44,2,train,0,4877_B
4877,C,2,247,1786,a30568c27b9f,2,train,0,4877_C
4877,D,3,232,1633,d73301bab8af,2,train,0,4877_D
4877,E,4,233,1659,902561dddfc9,2,train,0,4877_E
4877,F,5,233,1704,a87fb4e0db59,2,train,0,4877_F
4877,G,6,239,1760,23964b372aae,2,train,0,4877_G
4877,H,7,202,1465,1093c8485f66,2,train,0,4877_H
4877,I,8,220,1576,dd73d5a3e05e,2,train,0,4877_I
4877,J,9,204,1534,c30a07475990,2,train,0,4877_J
4877,K,10,196,1506,9fd763a8f069,2,train,0,4877_K
4877,L,11,200,1500,ad451074a54f,2,train,1,4877_L
4877,M,12,212,1583,738d028abd37,2,train,0,4877_M
4877,N,13,212,1568,754afc57646b,2,train,0,4877_N
4877,O,0,240,1734,58a2064b1cb9,2,train,0,4877_O
4877,P,1,229,1662,a05e54cdeb44,2,train,0,4877_P
4877,Q,2,247,1786,a30568c27b9f,2,train,0,4877_Q
4877,R,3,232,1633,d73301bab8af,2,train,0,4877_R
4877,S,4,233,1659,902561dddfc9,2,train,0,4877_S
4877,T,5,233,1704,a87fb4e0db59,2,train,0,4877_T
4877,U,6,239,1760,23964b372aae,2,train,0,4877_U
4877,V,7,202,1465,1093c8485f66,2,train,0,4877_V
4877,W,8,220,1576,dd73d5a3e05e,2,train,0,4877_W
4877,X,9,204,1534,c30a07475990,2,train,0,4877_X
4877,Y,10,196,1506,9fd763a8f069,2,train,0,4877_Y
4877,Z,11,200,1500,ad451074a54f,2,train,0,4877_Z
4877,a,12,212,1583,738d028abd37,2,train,0,4877_a
4877,b,13,212,1568,754afc57646b,2,train,0,4877_b
4889,A,0,1250,10042,fe353dd0eec7,1,train,0,4889_A
4889,B,1,1120,9008,7a61cf2f68b3,1,train,0,4889_B
4889,C,2,303,2475,175163450b9c,1,train,0,4889_C
4889,E,3,184,1495,bd191f21bcef,1,train,0,4889_E
4889,F,4,103,849,2d0b236757d4,1,train,0,4889_F
4889,G,5,76,601,3d96f95bcff4,1,train,0,4889_G
4889,J,6,61,490,ac28ea1a8155,1,train,0,4889_J
4889,S,7,126,1036,7d78e302ca46,1,train,1,4889_S
4890,A,0,1285,10330,b05b12944a82,1,test,0,4890_A
4890,B,1,1129,9089,c35ff81beabf,1,test,0,4890_B
4890,C,2,303,2475,175163450b9c,1,test,0,4890_C
4890,E,3,184,1495,bd191f21bcef,1,test,0,4890_E
4890,F,4,103,849,2d0b236757d4,1,test,0,4890_F
4890,G,5,131,1024,73dfd16c2c00,1,test,0,4890_G
4890,J,6,61,490,ac28ea1a8155,1,test,1,4890_J
4890,L,7,287,2345,9f5adefab8f4,1,test,0,4890_L
4890,O,8,822,6661,3b2b84ddeca5,1,test,0,4890_O
4890,S,9,113,929,774b5ec19093,1,test,0,4890_S
4970,A,0,575,4648,dbcbf8823ac3,1,train,0,4970_A
4970,B,1,675,5436,e9618b3069a2,1,train,0,4970_B
4970,C,2,386,3109,20a8fea97ec8,1,train,0,4970_C
4970,D,3,280,2182,cab9a28dfd8a,1,train,1,4970_D
4970,E,4,237,1857,0cacf9261890,1,train,0,4970_E
4970,F,5,62,490,52ca57d03395,1,train,0,4970_F
4970,G,6,134,1129,8d378ddd0bd2,1,train,0,4970_G
4982,A,0,1518,11836,1d57a875c869,1,train,0,4982_A
4982,B,1,1180,9371,08e0b9571285,1,train,0,4982_B
4982,C,2,304,2418,395ffe9b4304,1,train,0,4982_C
4982,D,3,70,551,593f27c45575,1,train,0,4982_D
4982,E,4,215,1759,8ff8c02767d7,1,train,0,4982_E
4982,F,5,100,823,650995763bb6,1,train,0,4982_F
4982,G,6,199,1576,40612a8c9314,1,train,0,4982_G
4982,H,7,134,1072,11b065b0911b,1,train,0,4982_H
4982,I,8,124,942,ca5f6ccb2593,1,train,0,4982_I
4982,J,9,69,569,f996cfba8e05,1,train,0,4982_J
4982,K,10,103,810,f594e0a46e94,1,train,1,4982_K
4982,L,11,45,359,7aa8e59e119c,1,train,0,4982_L
4982,M,12,107,850,9f5073098b31,1,train,0,4982_M
4982,N,13,139,1103,ee839ea758f3,1,train,0,4982_N
4982,O,14,462,3807,4abb1deb018b,1,train,0,4982_O
4982,Q,15,442,3675,93f52876f06b,1,train,0,4982_Q
4982,R,16,330,2771,71231687ce5f,1,train,0,4982_R
4982,S,17,610,4963,0202cb163ea7,1,train,0,4982_S
4984,A,0,1542,11953,5f1fe8fa0151,1,train,0,4984_A
4984,B,1,1180,9371,08e0b9571285,1,train,0,4984_B
4984,C,2,304,2418,395ffe9b4304,1,train,0,4984_C
4984,D,3,70,551,593f27c45575,1,train,0,4984_D
4984,E,4,215,1759,8ff8c02767d7,1,train,0,4984_E
4984,F,5,100,823,650995763bb6,1,train,0,4984_F
4984,G,6,199,1576,40612a8c9314,1,train,0,4984_G
4984,H,7,134,1072,11b065b0911b,1,train,1,4984_H
4984,I,8,124,942,ca5f6ccb2593,1,train,0,4984_I
4984,J,9,69,569,f996cfba8e05,1,train,0,4984_J
4984,K,10,103,810,f594e0a46e94,1,train,0,4984_K
4984,L,11,45,359,7aa8e59e119c,1,train,0,4984_L
4984,M,12,107,850,9f5073098b31,1,train,0,4984_M
4984,N,13,139,1103,ee839ea758f3,1,train,0,4984_N
4984,O,14,499,4086,021bf7a4da77,1,train,0,4984_O
4984,Q,15,476,3931,375736908522,1,train,0,4984_Q
4984,R,16,330,2771,71231687ce5f,1,train,0,4984_R
4984,S,17,610,4963,0202cb163ea7,1,train,0,4984_S
4986,A,0,716,5825,e350fce16287,1,train,1,4986_A
4986,B,1,744,5944,46d128832b75,1,train,0,4986_B
4986,C,2,737,5852,1b531465538f,1,train,0,4986_C
6419,A,0,1964,16230,435808d2395d,1,train,0,6419_A
6419,B,1,904,7196,486847afcd74,1,train,0,6419_B
6419,D,2,96,760,49280bc96a42,1,train,0,6419_D
6419,E,3,98,730,489ddff5c50a,1,train,0,6419_E
6419,F,4,82,646,9530b36eb6a0,2,train,0,6419_F
6419,G,5,95,751,dcceefd1cc29,1,train,0,6419_G
6419,H,6,76,620,20eec6a355e4,2,train,0,6419_H
6419,I,7,73,570,71b86fc87744,2,train,0,6419_I
6419,J,8,73,573,fc2af05683d6,2,train,0,6419_J
6419,K,9,322,2475,5f42cf5ec8f6,1,train,0,6419_K
6419,L,10,293,2273,2583761dcacc,1,train,0,6419_L
6419,M,11,207,1661,ae7bdbb493df,1,train,0,6419_M
6419,R,12,250,2185,0f6594a981d2,1,train,0,6419_R
6419,S,13,132,1052,27739254e435,1,train,0,6419_S
6419,T,14,134,1069,2b3efaadbe77,1,train,0,6419_T
6419,U,15,430,2864,98183eaac253,1,train,0,6419_U
6419,V,16,131,1037,50f62c857981,1,train,0,6419_V
6419,W,17,274,2264,c5e94edb5af7,1,train,0,6419_W
6419,X,18,1195,9764,423ece73dd87,1,train,0,6419_X
6419,Y,19,238,1893,dac7c574fb21,1,train,0,6419_Y
6419,Z,20,80,639,c9af49b8e2c4,1,train,0,6419_Z
6419,a,21,197,1461,5a13d198400c,1,train,0,6419_a
6419,b,22,74,576,a72368e47124,1,train,0,6419_b
6419,c,23,300,2425,9a7457928109,1,train,0,6419_c
6419,d,24,155,1187,b0871ea36f31,1,train,0,6419_d
6419,e,25,144,1176,c99ce93f7bf6,1,train,0,6419_e
6419,f,4,82,646,9530b36eb6a0,2,train,0,6419_f
6419,g,26,148,1013,87af49c3052b,1,train,0,6419_g
6419,h,27,90,752,f6a64f3a418c,1,train,0,6419_h
6419,i,28,161,1218,062c0e0611a9,1,train,0,6419_i
6419,j,29,160,1108,26c97ee0c4d5,1,train,0,6419_j
6419,k,30,89,618,ed260e973201,1,train,1,6419_k
6419,l,31,87,696,d85fed32a720,1,train,0,6419_l
6419,m,6,76,620,20eec6a355e4,2,train,0,6419_m
6419,n,7,73,570,71b86fc87744,2,train,0,6419_n
6419,o,8,73,573,fc2af05683d6,2,train,0,6419_o
6419,r,32,138,1140,8a7606472bb7,1,train,0,6419_r
6817,A,0,1903,15715,0c31d129c816,1,train,0,6817_A
6817,C,1,913,7278,26b3a5ba44e3,1,train,0,6817_C
6817,G,2,155,921,e54214bcd0e5,1,train,0,6817_G
6817,H,3,601,3204,5090bf251b1b,1,train,0,6817_H
6817,I,4,541,3542,e430c08af705,1,train,0,6817_I
6817,J,5,431,2944,f5f41999751b,1,train,0,6817_J
6817,K,6,102,822,77c3c254b3e5,1,train,0,6817_K
6817,L,7,157,1290,0c89ab7fb8e0,1,train,0,6817_L
6817,M,8,182,1298,42e37f85a189,1,train,0,6817_M
6817,N,9,261,2089,83d1d7c9d36b,1,train,0,6817_N
6817,O,10,337,2646,de5ae36082fd,1,train,0,6817_O
6817,P,11,68,554,8f0980d50b48,1,train,0,6817_P
6817,Q,12,201,1583,2aa58036b0a4,1,train,1,6817_Q
6817,R,13,46,379,195d3dc722b1,1,train,0,6817_R
6817,S,14,23,195,4725cdd8e83d,1,train,0,6817_S
6817,T,15,107,816,5636ef3aff2f,1,train,1,6817_T
6817,U,16,488,2690,b06930d41ce2,1,train,0,6817_U
6817,V,17,91,619,74a62470a5cd,1,train,0,6817_V
6817,W,18,708,3505,f61c1faef455,1,train,0,6817_W
6817,a,19,80,631,100d9b7ca15e,1,train,0,6817_a
6817,b,20,75,575,92a496675aba,2,train,0,6817_b
6817,c,21,70,554,fcea598ec699,2,train,0,6817_c
6817,d,22,69,529,6d09ebffc894,2,train,0,6817_d
6817,e,23,82,625,05d97a443113,2,train,0,6817_e
6817,f,24,82,644,6b5389c355b5,2,train,1,6817_f
6817,g,25,94,741,c05ee2d81c38,1,train,0,6817_g
6817,h,26,78,610,db2a20e81ff7,1,train,0,6817_h
6817,i,20,75,575,92a496675aba,2,train,0,6817_i
6817,j,21,70,554,fcea598ec699,2,train,0,6817_j
6817,k,22,69,529,6d09ebffc894,2,train,0,6817_k
6817,l,23,82,625,05d97a443113,2,train,0,6817_l
6817,m,24,82,644,6b5389c355b5,2,train,0,6817_m
6817,n,27,65,528,aa892993159e,1,train,0,6817_n
6817,o,28,135,841,4a7a5a5ad7dc,1,train,0,6817_o
6817,p,29,81,513,e0647d939e6c,1,train,0,6817_p
6817,q,30,126,831,16583eb153be,1,train,0,6817_q
6817,r,31,129,849,d938a344f0dd,1,train,0,6817_r
6817,s,32,129,850,bbb8c30d4b94,1,train,0,6817_s
6817,t,33,125,823,65d625f16365,1,train,0,6817_t
6839,A,0,1931,15931,8d8f13895507,1,test,0,6839_A
6839,C,1,878,7019,39865ea83a26,1,test,0,6839_C
6839,G,2,156,926,150965f5387a,1,test,0,6839_G
6839,H,3,562,3012,dc625bb8ec68,1,test,0,6839_H
6839,I,4,517,3424,763e4ea75869,1,test,0,6839_I
6839,J,5,432,2949,0b09a5b00967,1,test,0,6839_J
6839,K,6,96,777,b0c5e87a20f7,1,test,0,6839_K
6839,L,7,157,1291,0c89ab7fb8e0,1,test,0,6839_L
6839,M,8,185,1472,9a66df2c522d,1,test,0,6839_M
6839,N,9,261,2089,83d1d7c9d36b,1,test,0,6839_N
6839,O,10,337,2646,de5ae36082fd,1,test,0,6839_O
6839,P,11,69,560,9a3261457aae,1,test,0,6839_P
6839,Q,12,201,1583,2aa58036b0a4,1,test,0,6839_Q
6839,R,13,27,190,538c72dd008b,1,test,0,6839_R
6839,S,14,207,1701,2dd4374d1cbb,1,test,0,6839_S
6839,T,15,344,2357,d611565fc7d4,1,test,0,6839_T
6839,U,16,148,1202,dc9c45463d0b,1,test,0,6839_U
6839,V,17,88,554,2e59f807c7ee,1,test,0,6839_V
6839,W,18,703,5553,556d461b3e1b,1,test,0,6839_W
6839,a,19,80,631,100d9b7ca15e,1,test,0,6839_a
6839,b,20,75,575,92a496675aba,2,test,0,6839_b
6839,c,21,70,554,fcea598ec699,2,test,0,6839_c
6839,d,22,69,529,6d09ebffc894,2,test,0,6839_d
6839,e,23,82,625,05d97a443113,1,test,0,6839_e
6839,f,24,82,644,6b5389c355b5,2,test,0,6839_f
6839,g,25,94,741,c05ee2d81c38,1,test,0,6839_g
6839,h,26,78,610,db2a20e81ff7,1,test,0,6839_h
6839,i,20,75,575,92a496675aba,2,test,0,6839_i
6839,j,21,70,554,fcea598ec699,2,test,0,6839_j
6839,k,22,69,529,6d09ebffc894,2,test,0,6839_k
6839,l,27,81,616,ba9da1077cc6,1,test,0,6839_l
6839,m,24,82,644,6b5389c355b5,2,test,0,6839_m
6839,n,28,65,528,aa892993159e,1,test,0,6839_n
6839,o,29,135,841,4a7a5a5ad7dc,1,test,1,6839_o
6839,p,30,81,513,e0647d939e6c,1,test,0,6839_p
6839,q,31,129,850,bbb8c30d4b94,1,test,1,6839_q
6839,r,32,125,823,65d625f16365,1,test,0,6839_r
6839,s,33,126,830,7d0778802890,1,test,0,6839_s
6839,t,34,128,843,ba9b4d919ddf,1,test,0,6839_t
6878,D,0,247,1956,e953a4cf0ad2,1,train,0,6878_D
6878,E,1,133,1107,72bf84da7844,1,train,0,6878_E
6878,F,2,336,2670,e78cd0892f5f,1,train,0,6878_F
6878,G,3,361,2749,68510572090c,1,train,0,6878_G
6878,H,4,255,2059,de7eb49c2b03,1,train,0,6878_H
6878,I,5,150,1198,9247481e4ca5,1,train,0,6878_I
6878,J,6,239,1918,5d4f297cb5cc,1,train,0,6878_J
6878,K,7,162,1247,838281608fe7,1,train,0,6878_K
6878,L,8,191,1518,4c20ef763f50,1,train,0,6878_L
6878,M,9,371,3030,96f3caeee28a,1,train,0,6878_M
6878,N,10,226,1709,def0e0c5e392,1,train,0,6878_N
6878,O,11,190,1591,350e2c043756,1,train,0,6878_O
6878,P,12,108,867,f0bc10d6794e,1,train,0,6878_P
6878,Q,13,137,1059,37d08211897a,1,train,0,6878_Q
6878,R,14,175,1498,1f547c10b905,1,train,0,6878_R
6878,S,15,197,1555,68e077cf9a7e,1,train,0,6878_S
6878,T,16,136,1057,0d5845c8a6ff,1,train,0,6878_T
6878,U,17,134,1035,c84ea704c5b9,1,train,0,6878_U
6878,V,18,392,3096,27093714b3e6,1,train,0,6878_V
6878,W,19,170,1425,350bb4ddccd9,1,train,0,6878_W
6878,X,20,202,1718,908fd4c1f022,1,train,0,6878_X
6878,Y,21,438,3486,571985354e97,1,train,0,6878_Y
6878,Z,22,169,1410,52d53878f4dc,1,train,0,6878_Z
6878,a,23,212,1747,660e5606b8b1,1,train,0,6878_a
6878,b,24,82,689,b8204f02da27,1,train,0,6878_b
6878,c,25,125,984,3f5109f47f78,1,train,0,6878_c
6878,i,26,124,1001,f6fa3a4dbc97,1,train,0,6878_i
6878,j,27,106,850,579c49f3393c,1,train,1,6878_j
6878,l,28,117,959,8e709b4454e4,1,train,0,6878_l
6878,m,29,67,533,d516f8e10ed1,1,train,0,6878_m
6878,n,30,72,575,636c8516a227,1,train,0,6878_n
6880,A,0,98,801,526f2886239b,1,train,0,6880_A
6880,B,1,87,703,13264a7b8906,1,train,0,6880_B
6880,C,2,107,811,40fb0645ee4d,2,train,1,6880_C
6880,D,3,93,718,dc4af31039f1,2,train,0,6880_D
6880,E,4,95,779,757dc505b64f,1,train,0,6880_E
6880,F,5,86,672,6b7be9b926ea,1,train,0,6880_F
6880,G,2,107,815,40fb0645ee4d,2,train,0,6880_G
6880,H,3,93,726,dc4af31039f1,2,train,0,6880_H
6880,O,6,580,4763,171c64fab849,1,train,0,6880_O
6922,1,0,60,483,1c036d4eb68c,1,val,0,6922_1
6922,2,1,66,510,28bc48cf4d4d,1,val,0,6922_2
6922,3,2,54,423,8cfba0fc8e16,1,val,0,6922_3
6922,4,3,50,416,6709ac0c412c,1,val,0,6922_4
6922,5,4,45,372,e67e6371485d,1,val,0,6922_5
6922,6,5,63,502,25ccc79df34d,1,val,0,6922_6
6922,7,6,37,298,6cea81cec7d0,1,val,0,6922_7
6922,8,7,23,189,1586efd980f9,1,val,0,6922_8
6922,C,8,273,2097,8dae06bf6839,1,val,0,6922_C
6922,D,9,214,1587,8f5955cd0832,1,val,1,6922_D
6922,E,10,207,1553,77762a546764,1,val,0,6922_E
6922,F,11,181,1437,0d6dfe1e15a1,1,val,0,6922_F
6922,G,12,176,1348,d915f22b839a,1,val,0,6922_G
6922,H,13,151,1018,ab775c3ff741,1,val,0,6922_H
6922,I,14,126,918,6fe9f2a932cd,1,val,1,6922_I
6922,J,15,133,990,d8f78b063007,1,val,0,6922_J
6922,K,16,147,1138,2470ee17c896,1,val,0,6922_K
6922,L,17,121,930,4b2f4980d560,1,val,0,6922_L
6922,M,18,145,1078,c68f5d822688,1,val,0,6922_M
6922,N,19,134,1074,d946d25765b5,1,val,0,6922_N
6922,O,20,117,919,0c1d19f118ae,1,val,0,6922_O
6922,P,21,126,956,02143172c9ef,1,val,0,6922_P
6922,Q,22,113,907,8ceab40b3c1e,1,val,0,6922_Q
6922,R,23,124,988,cac1cb0720fd,1,val,0,6922_R
6922,S,24,102,768,b11483979e70,1,val,0,6922_S
6922,T,25,114,873,afb50da485ba,1,val,0,6922_T
6922,U,26,94,739,fad8113e8166,1,val,0,6922_U
6922,V,27,97,731,278d5322e6cc,1,val,0,6922_V
6922,W,28,188,1407,809cd4f919af,1,val,0,6922_W
6922,X,29,82,604,e2c73f294ac7,1,val,0,6922_X
6922,Y,30,63,470,5c3c0bf38a75,1,val,0,6922_Y
6922,Z,31,63,527,acfc0c21ee59,1,val,0,6922_Z
6932,1,0,196,1522,e3d3048abdb9,1,test,0,6932_1
6932,2,1,207,1624,1289767e1500,1,test,0,6932_2
6932,3,2,221,1720,70fbfa871478,1,test,0,6932_3
6932,4,3,199,1566,a2db16d9657f,1,test,0,6932_4
6932,A,4,742,5836,3d4b7895298a,1,test,0,6932_A
6932,B,5,733,5866,f3cb984e8ef2,1,test,0,6932_B
6932,C,6,81,612,bda0dc954139,1,test,0,6932_C
6932,D,7,142,1115,ebe9bb6e81e1,1,test,1,6932_D
6932,E,8,68,540,8f326972fde6,1,test,0,6932_E
6932,F,9,158,1238,0b2714ad3f3b,1,test,0,6932_F
6932,G,10,97,752,e10247c1180a,1,test,0,6932_G
6932,H,11,95,729,95766c13fd60,1,test,0,6932_H
6932,I,12,33,260,bdce78fcba49,1,test,0,6932_I
6932,J,13,41,325,fdbbcc362374,1,test,0,6932_J
6932,K,14,84,589,fc718d02eb82,1,test,0,6932_K
6932,L,15,166,1246,015092112f79,1,test,0,6932_L
6932,N,16,84,685,3de2fe42d3b8,1,test,0,6932_N
6932,O,17,76,621,d0ea80c12c15,1,test,0,6932_O
6932,X,18,218,1661,3faf5ae59baa,2,test,0,6932_X
6932,Y,19,227,1740,ec9618205daf,1,test,0,6932_Y
6932,Z,18,218,1661,3faf5ae59baa,2,test,0,6932_Z
6941,A,0,494,3958,9d23cef0513c,1,train,0,6941_A
6941,B,1,374,3041,7c726d1dea0f,1,train,0,6941_B
6941,C,2,583,4822,8716cb88c7af,1,train,0,6941_C
6941,D,3,438,3572,36d12199c213,1,train,0,6941_D
6941,E,4,460,3758,6504e32e661a,1,train,0,6941_E
6941,F,5,160,1335,dd9c6284c4dc,1,train,1,6941_F
6973,Q,0,186,1219,074b940d59f1,1,test,0,6973_Q
6973,R,1,184,1492,40516087b65b,1,test,1,6973_R
6973,S,2,131,1045,8d31fc221bd1,1,test,0,6973_S
6973,T,3,539,4540,3ea444ba7e32,1,test,0,6973_T
6973,U,4,583,3940,06033edfa220,1,test,0,6973_U
6973,V,5,187,1414,6c29dc638a24,1,test,0,6973_V
6973,W,6,229,1841,58d34bfa9e82,1,test,0,6973_W
6973,X,7,49,395,bf2b0d2b8283,1,test,0,6973_X
6973,Y,8,196,1400,d4fe56dbf89d,1,test,0,6973_Y
6973,a,9,124,1009,9e282746179a,1,test,0,6973_a
6973,b,10,119,917,3519e1dbb3c8,1,test,0,6973_b
6973,c,11,101,785,7f2b292d92f4,1,test,0,6973_c
6973,d,12,92,704,ec2bd882313b,1,test,0,6973_d
6973,e,13,74,526,0508fac4a535,1,test,0,6973_e
6973,f,14,68,518,5d006e8a4d2c,1,test,0,6973_f
6973,g,15,75,552,4c90c8f0ab2d,1,test,0,6973_g
6973,x,16,49,245,d52bcfb557dd,1,test,0,6973_x
6974,0,0,167,830,18d1c2a67294,1,train,0,6974_0
6974,1,1,816,4044,2cb0dde542d9,1,train,0,6974_1
6974,2,2,211,1042,ebb1281e770b,1,train,0,6974_2
6974,3,3,1180,5852,5a592d39da06,1,train,0,6974_3
6974,4,4,174,862,00f52a126a97,1,train,0,6974_4
6974,5,5,103,507,61a9c6583110,1,train,0,6974_5
6974,6,6,84,415,4af542550719,1,train,0,6974_6
6974,9,7,64,320,2fcfc27b0b63,1,train,0,6974_9
6974,A,8,2172,17092,b76c8f6aeecd,1,train,0,6974_A
6974,C,9,843,6732,acb15c26426c,1,train,0,6974_C
6974,D,10,1699,8420,9787d30c42a5,1,train,0,6974_D
6974,E,11,138,1135,590dde009d54,1,train,0,6974_E
6974,J,12,308,2467,6fbfbdab989b,1,train,0,6974_J
6974,K,13,429,3375,d07958bdf2a1,1,train,0,6974_K
6974,L,14,416,3171,42657b576555,1,train,0,6974_L
6974,M,15,126,950,e02d3bc24bd9,1,train,0,6974_M
6974,N,16,725,4882,e5b66503d09f,1,train,0,6974_N
6974,O,17,75,568,7051e004ce12,1,train,0,6974_O
6974,P,18,70,346,39ce6aadadb3,1,train,0,6974_P
6974,Q,19,99,491,bf58cee2278f,1,train,0,6974_Q
6974,R,20,92,457,3014e2cf9a6e,1,train,0,6974_R
6974,S,21,82,404,05d97a443113,1,train,0,6974_S
6974,T,22,77,379,5b613d0de65f,1,train,0,6974_T
6974,U,23,73,359,21fbe6346585,1,train,0,6974_U
6974,V,24,75,369,4c90c8f0ab2d,1,train,0,6974_V
6974,W,25,100,497,aa1becfb04cc,1,train,1,6974_W
6974,X,26,128,631,e5ed0eec69c3,1,train,0,6974_X
6974,Y,27,89,439,e0cadc8e11f3,1,train,0,6974_Y
6974,Z,28,22,109,106e10705c2b,1,train,0,6974_Z
6974,a,29,73,292,c385bdf37b68,1,train,0,6974_a
6974,b,30,77,308,e289326cef4d,1,train,0,6974_b
6974,c,31,90,360,c4c3bb78ccca,1,train,0,6974_c
6974,d,32,79,316,df8554fb5d43,1,train,0,6974_d
6974,e,33,72,288,6fb3a0a781af,1,train,0,6974_e
6974,f,34,70,280,fdb31a1ba6bb,1,train,0,6974_f
6974,g,35,70,280,4f279a89b2ba,1,train,0,6974_g
6974,h,36,76,376,86ec53d558d4,1,train,0,6974_h
6974,i,37,75,369,92a496675aba,1,train,0,6974_i
6974,j,38,70,344,fcea598ec699,1,train,0,6974_j
6974,k,39,69,340,6d09ebffc894,1,train,0,6974_k
6974,l,40,76,375,003b8873de61,1,train,0,6974_l
6974,m,41,82,407,6b5389c355b5,1,train,0,6974_m
6974,n,42,65,323,aa892993159e,1,train,0,6974_n
6974,o,43,135,673,4a7a5a5ad7dc,1,train,0,6974_o
6974,p,44,73,361,10799b89a4e9,1,train,0,6974_p
6974,q,45,92,368,02d5abb0f35c,1,train,0,6974_q
6974,r,46,77,308,3dfbdac6206c,1,train,0,6974_r
6974,s,47,77,308,4113cf4b6886,1,train,0,6974_s
6974,t,48,77,308,0bda493e9557,1,train,0,6974_t
6974,u,49,462,2298,d16549404437,1,train,0,6974_u
6974,v,50,174,859,0cf1a75edb49,1,train,1,6974_v
6974,w,51,127,633,de10a5edf8eb,1,train,0,6974_w
6974,x,52,74,296,657b618692c8,1,train,0,6974_x
6974,y,53,66,264,eb6e609e6ea6,1,train,0,6974_y
6974,z,54,65,260,8e4948f63724,1,train,0,6974_z
7024,A,0,225,1805,c54087660fa5,1,test,0,7024_A
7024,B,1,211,1659,9ab068e8f982,1,test,0,7024_B
7024,C,2,211,1625,ce79543ed75f,1,test,0,7024_C
7024,D,3,182,1493,f2bda7b306f6,1,test,0,7024_D
7024,E,4,260,2015,940ad8447ed2,1,test,0,7024_E
7024,F,5,220,1656,5f0c4914ff4b,1,test,0,7024_F
7024,G,6,238,1790,92655fa23d34,1,test,0,7024_G
7024,H,7,184,1427,5bc7e2faafed,1,test,0,7024_H
7024,I,8,200,1613,da89712bdcb0,1,test,0,7024_I
7024,J,9,129,1014,0c1035b839ab,1,test,0,7024_J
7024,K,10,183,1403,14427500128f,1,test,0,7024_K
7024,L,11,143,1127,91cdc1df9981,1,test,1,7024_L
7024,M,12,102,798,ec9013ac718e,1,test,0,7024_M
7024,N,13,91,720,baa9f10d57c7,1,test,0,7024_N
7024,O,14,137,1012,58f678fd4c85,1,test,0,7024_O
7024,P,15,142,1110,7ec1071dfe2d,1,test,0,7024_P
7024,Q,16,115,746,fd97b0d68dc1,1,test,0,7024_Q
7024,R,17,142,1080,8439bd0a87d0,1,test,0,7024_R
7024,S,18,54,441,9c4918b240ab,1,test,0,7024_S
7024,T,19,142,1153,d4fb5d49ada1,1,test,0,7024_T
7024,U,20,156,1241,54618e6345c4,1,test,0,7024_U
7024,V,21,122,924,c967f54ea343,1,test,0,7024_V
7024,W,22,110,822,cbba4e09d5bc,1,test,0,7024_W
7024,X,23,152,1196,36d8acab88fc,1,test,0,7024_X
7024,Y,24,88,664,c2a40ec70d39,1,test,0,7024_Y
7024,Z,25,127,1025,762d294d2250,1,test,0,7024_Z
7024,a,26,72,544,cb1798ed6a59,1,test,0,7024_a
7024,b,27,103,796,fe724de8f99e,1,test,0,7024_b
7024,c,28,84,656,bcb3783db4bf,1,test,0,7024_c
7024,d,29,65,466,ab633911917c,1,test,0,7024_d
7024,e,30,59,449,ddee8f65a381,1,test,0,7024_e
7024,f,31,60,385,46369dbab80a,1,test,0,7024_f
7024,g,32,300,2231,f70c10998469,1,test,0,7024_g
7112,A,0,1177,9337,6dc60465ea4e,1,train,0,7112_A
7112,B,1,376,3035,8ec3b65ad2e2,1,train,1,7112_B
7112,C,2,117,917,53f2580fb89b,1,train,0,7112_C
7130,A,0,383,3094,79863b9b1773,1,train,0,7130_A
7130,B,1,427,3426,ee3ff39570a9,1,train,1,7130_B
7130,C,2,387,3127,659c5b34c94d,1,train,0,7130_C
7293,A,0,91,749,6c6085b6cf67,2,test,0,7293_A
7293,B,1,80,638,71a4d8865e76,2,test,1,7293_B
7293,C,2,107,826,66fdb9ccb8a5,2,test,0,7293_C
7293,D,3,94,736,90b297d146a1,2,test,0,7293_D
7293,E,0,91,749,6c6085b6cf67,2,test,0,7293_E
7293,F,1,80,638,71a4d8865e76,2,test,0,7293_F
7293,G,2,107,826,66fdb9ccb8a5,2,test,0,7293_G
7293,H,3,94,736,90b297d146a1,2,test,0,7293_H
7293,N,4,134,672,1deda646e388,1,test,0,7293_N
7319,A,0,226,1724,0fd02fa9edfe,1,val,1,7319_A
7319,B,1,237,1775,3dff62d4bf37,1,val,0,7319_B
7319,C,2,1111,8556,590b3ed418fe,1,val,0,7319_C
7319,D,3,1263,9857,ad0462bac6d9,1,val,0,7319_D
7319,E,4,83,649,bbd1d8480175,1,val,0,7319_E
7319,F,5,326,2588,4f61ccb6fdc4,1,val,0,7319_F
7319,J,6,107,872,886f2328764e,1,val,0,7319_J
7320,A,0,226,1724,0fd02fa9edfe,1,train,0,7320_A
7320,B,1,237,1775,3dff62d4bf37,1,train,0,7320_B
7320,C,2,1111,8585,590b3ed418fe,1,train,0,7320_C
7320,D,3,1267,9881,67ffb45b7dbf,1,train,0,7320_D
7320,E,4,83,649,bbd1d8480175,1,train,0,7320_E
7320,F,5,319,2508,539bd552fe18,1,train,0,7320_F
7320,J,6,108,881,fc69ee0274fb,1,train,1,7320_J
7324,7,0,156,1295,375b1a1a3e7e,1,train,0,7324_7
7324,8,1,98,836,c6a9f6a0b691,1,train,0,7324_8
7324,A,2,394,3126,94055f230b6c,1,train,0,7324_A
7324,B,3,324,2577,d6890d3e3fc2,1,train,0,7324_B
7324,C,4,314,2418,26f9b6e6fcd3,1,train,0,7324_C
7324,D,5,190,1578,9b670b44bfbc,1,train,0,7324_D
7324,E,6,170,1366,724f00caa9d4,1,train,0,7324_E
7324,F,7,242,1941,79ff0285b302,1,train,0,7324_F
7324,G,8,187,1453,f30f71f33010,1,train,0,7324_G
7324,I,9,288,2429,597e6c5040b0,1,train,0,7324_I
7324,K,10,260,2099,d02d59abfa93,1,train,0,7324_K
7324,L,11,106,845,71741cfb76f7,1,train,0,7324_L
7324,M,12,128,997,5d38cd40a297,1,train,0,7324_M
7324,N,13,176,1509,c84bcab55980,1,train,0,7324_N
7324,O,14,184,1451,ada82b29cb73,1,train,0,7324_O
7324,P,15,124,975,7dbd9213f968,1,train,0,7324_P
7324,Q,16,132,1015,11e8f0142e09,1,train,0,7324_Q
7324,S,17,171,1437,6845689966cd,1,train,0,7324_S
7324,V,18,122,903,82155eeb7091,1,train,0,7324_V
7324,W,19,98,806,e7436057a5e7,1,train,0,7324_W
7324,Y,20,126,993,1ce8a7757505,1,train,0,7324_Y
7324,b,21,224,1829,87ace0244bdb,1,train,0,7324_b
7324,e,22,114,914,3267f6c38829,1,train,0,7324_e
7324,f,23,106,850,579c49f3393c,1,train,0,7324_f
7324,h,24,119,969,d881871f62bf,1,train,1,7324_h
7324,i,25,84,665,08360ff5af6f,1,train,0,7324_i
7324,j,26,72,575,636c8516a227,1,train,0,7324_j
7324,n,27,341,2794,b1e048d44f5f,1,train,0,7324_n
7324,o,28,133,1107,72bf84da7844,1,train,0,7324_o
7324,p,29,437,3486,7efc93023b95,1,train,0,7324_p
7324,s,30,84,704,ea2ee4dd280a,1,train,0,7324_s
7324,t,31,248,1965,362b405f928b,1,train,0,7324_t
7324,u,32,129,1088,ba804bd3b538,1,train,0,7324_u
7324,v,33,225,1795,d67d4b59f01e,1,train,0,7324_v
7324,w,34,70,562,7cd6178c96d2,1,train,0,7324_w
7324,y,35,226,1709,def0e0c5e392,1,train,0,7324_y
7324,z,36,243,2058,aad4b63a92e3,1,train,0,7324_z
7334,A,0,123,860,9fbe4dd96a7e,1,test,0,7334_A
7334,C,1,193,1307,524a45967f44,1,test,1,7334_C
7334,E,2,27,181,69164d5e1a71,1,test,0,7334_E
7334,K,3,325,2406,4b96affb5c23,1,test,0,7334_K
7334,L,4,362,2877,7309c8a55a81,1,test,0,7334_L
7334,M,5,122,962,a9a32ca2cbe3,1,test,0,7334_M
7334,N,6,386,3058,38bf6d0a5bd1,1,test,0,7334_N
7334,P,7,64,484,eac5c65ead40,1,test,0,7334_P
7334,Q,8,66,496,3a7c735d779f,1,test,0,7334_Q
7336,1,0,432,3496,6aa326caacea,1,train,0,7336_1
7336,2,1,108,883,85b57099ad3e,1,train,0,7336_2
7336,3,2,126,1028,63c48928cce7,1,train,0,7336_3
7336,4,3,34,259,442ed2c75908,1,train,0,7336_4
7336,5,4,84,659,c2ef639261b8,1,train,0,7336_5
7336,A,5,648,5225,7395f159ad32,1,train,1,7336_A
7336,B,6,397,3218,448ed23777d0,1,train,0,7336_B
7336,C,7,248,1940,71284f1545e0,1,train,0,7336_C
7545,A,0,160,793,c49c4be1aad0,2,train,1,7545_A
7545,B,0,160,793,c49c4be1aad0,2,train,0,7545_B
7546,6,0,89,710,5b4ab7ae27e1,1,val,1,7546_6
7546,7,1,171,1363,0dc6e7ea7cd7,1,val,0,7546_7
7546,8,2,42,364,f6779377ab39,1,val,0,7546_8
7546,A,3,507,3852,22ef0708558f,1,val,0,7546_A
7546,B,4,506,3836,386fd2e49476,1,val,0,7546_B
7546,C,5,508,3865,731b54c5885a,1,val,0,7546_C
7546,D,6,470,3549,2bc1037edc1a,1,val,0,7546_D
7546,E,7,473,3572,c336ee75cf0f,1,val,0,7546_E
7546,F,8,472,3566,0cfefccc0522,1,val,0,7546_F
7546,G,9,269,2086,ba57140eb0e9,1,val,0,7546_G
7546,H,10,132,990,fb2dba1da2c6,1,val,0,7546_H
7546,I,11,59,392,9e8920da4798,1,val,0,7546_I
7546,J,12,37,292,13322081a4eb,1,val,0,7546_J
7546,K,13,73,525,8d44e8775a7c,8,val,0,7546_K
7546,L,13,73,525,8d44e8775a7c,8,val,0,7546_L
7546,M,14,74,529,58284cfece9f,2,val,0,7546_M
7546,N,13,73,525,8d44e8775a7c,8,val,0,7546_N
7546,O,13,73,525,8d44e8775a7c,8,val,0,7546_O
7546,P,13,73,525,8d44e8775a7c,8,val,0,7546_P
7546,Q,13,73,525,8d44e8775a7c,8,val,0,7546_Q
7546,R,14,74,529,58284cfece9f,2,val,0,7546_R
7546,S,13,73,525,8d44e8775a7c,8,val,0,7546_S
7546,T,13,73,525,8d44e8775a7c,8,val,0,7546_T
7546,U,15,85,639,da4ae04f7187,1,val,0,7546_U
7546,X,16,224,1772,156c9dc42310,1,val,0,7546_X
7546,Y,17,187,1317,a981af2eeb52,1,val,0,7546_Y
7546,Z,18,155,1232,8cd7c75297c6,1,val,0,7546_Z
7548,6,0,89,710,5b4ab7ae27e1,1,train,0,7548_6
7548,7,1,171,1357,0dc6e7ea7cd7,1,train,0,7548_7
7548,8,2,42,364,f6779377ab39,1,train,0,7548_8
7548,A,3,507,3858,22ef0708558f,1,train,0,7548_A
7548,B,4,505,3830,8150c0a74ac3,1,train,0,7548_B
7548,C,5,508,3861,731b54c5885a,1,train,0,7548_C
7548,D,6,470,3549,2bc1037edc1a,1,train,0,7548_D
7548,E,7,473,3572,c336ee75cf0f,1,train,0,7548_E
7548,F,8,472,3566,0cfefccc0522,1,train,0,7548_F
7548,G,9,269,2086,ba57140eb0e9,1,train,0,7548_G
7548,H,10,132,990,fb2dba1da2c6,1,train,0,7548_H
7548,I,11,59,392,9e8920da4798,1,train,0,7548_I
7548,J,12,37,292,13322081a4eb,1,train,0,7548_J
7548,K,13,73,525,8d44e8775a7c,8,train,1,7548_K
7548,L,13,73,525,8d44e8775a7c,8,train,0,7548_L
7548,M,14,74,529,58284cfece9f,2,train,0,7548_M
7548,N,13,73,522,8d44e8775a7c,8,train,0,7548_N
7548,O,13,73,525,8d44e8775a7c,8,train,0,7548_O
7548,P,13,73,525,8d44e8775a7c,8,train,0,7548_P
7548,Q,13,73,516,8d44e8775a7c,8,train,0,7548_Q
7548,R,14,74,529,58284cfece9f,2,train,0,7548_R
7548,S,13,73,525,8d44e8775a7c,8,train,0,7548_S
7548,T,13,73,525,8d44e8775a7c,8,train,0,7548_T
7548,U,15,85,639,da4ae04f7187,1,train,0,7548_U
7548,X,16,224,1760,156c9dc42310,1,train,0,7548_X
7548,Y,17,188,1333,3886a78091b9,1,train,0,7548_Y
7548,Z,18,155,1221,8cd7c75297c6,1,train,0,7548_Z
7572,A,0,199,1596,a1fd0521e329,1,train,0,7572_A
7572,B,1,236,1807,64acbbe39d3d,1,train,1,7572_B
7572,C,2,218,1721,05868b0a291b,1,train,0,7572_C
7583,A,0,267,2097,e1f969f2b188,1,test,1,7583_A
7583,B,1,240,1845,f445af6dc76c,1,test,1,7583_B
7583,C,2,233,1836,aa0f82547f33,1,test,0,7583_C
7583,D,3,28,223,35697e802a48,1,test,0,7583_D
7610,0,0,229,1760,eb6f1b984efa,1,train,1,7610_0
7638,A,0,290,2273,442856291483,1,train,0,7638_A
7638,B,1,247,1900,7a84a74a771d,1,train,0,7638_B
7638,C,2,237,1864,ac42eab163cb,1,train,1,7638_C
7638,D,3,30,240,767a75a8bf47,1,train,0,7638_D
7772,A,0,258,2015,346dc2449763,1,train,0,7772_A
7772,B,1,238,1855,3e1462063862,1,train,0,7772_B
7772,C,2,268,2105,c828f57d9a14,1,train,0,7772_C
7772,D,3,34,274,486ca0c9c3cb,1,train,0,7772_D
7772,E,4,182,1483,4a625d62f879,1,train,1,7772_E
7784,A,0,641,5081,25ac39d692a7,2,train,0,7784_A
7784,B,0,641,5081,25ac39d692a7,2,train,0,7784_B
7784,C,1,679,5266,396f6266600b,2,train,0,7784_C
7784,D,1,679,5266,396f6266600b,2,train,0,7784_D
7784,E,2,466,3904,f3a20f906123,2,train,1,7784_E
7784,F,2,466,3904,f3a20f906123,2,train,0,7784_F
7809,A,0,287,2264,41e293092c0c,1,test,0,7809_A
7809,B,1,241,1824,7f159601c2bd,1,test,1,7809_B
7809,C,2,265,2020,3be45b7ca195,1,test,0,7809_C
7809,D,3,208,1566,06d6c8d8d1d7,1,test,0,7809_D
7809,E,4,286,2194,90ce84e11002,1,test,0,7809_E
7809,F,5,252,1859,e93320ce702a,1,test,0,7809_F
7809,G,6,237,1806,fa9047426203,1,test,0,7809_G
7809,H,7,289,2263,b8a9452818e2,1,test,0,7809_H
7809,I,8,183,1407,e527c8a9863e,1,test,0,7809_I
7809,K,9,853,6856,7293325bc072,1,test,0,7809_K
7809,L,10,68,573,d7728fe14775,1,test,0,7809_L
7809,M,11,709,5648,12c3a30036ef,1,test,0,7809_M
7816,A,0,333,2726,686e85bef266,2,train,1,7816_A
7816,B,1,333,2688,185946959206,1,train,0,7816_B
7816,C,0,333,2726,686e85bef266,2,train,0,7816_C
7816,D,2,337,2722,9ba4b58d014f,1,train,0,7816_D
7816,E,3,260,2126,ef11cba0bb3d,1,train,0,7816_E
7816,I,4,106,811,41238705f45c,2,train,0,7816_I
7816,J,5,116,907,0b9fe85ef857,1,train,0,7816_J
7816,K,6,116,907,71059cdad1ac,1,train,0,7816_K
7816,L,4,106,811,41238705f45c,2,train,0,7816_L
7867,A,0,113,915,ba73fec128a2,1,train,0,7867_A
7867,B,1,274,2094,1749e50ddc37,1,train,1,7867_B
7867,C,2,116,943,25d890d39331,1,train,0,7867_C
7867,D,3,100,785,4bc1246cf883,1,train,0,7867_D
7867,E,4,111,853,c211b74e8659,1,train,0,7867_E
7867,F,5,87,711,904f48c0b802,1,train,0,7867_F
7867,G,6,95,730,29dda64f1a2a,1,train,0,7867_G
7867,H,7,93,727,39e48c26851f,1,train,0,7867_H
7867,I,8,77,592,b7920c2b7063,1,train,0,7867_I
7867,J,9,59,463,f2604b54d8fc,1,train,0,7867_J
7867,K,10,57,472,5012aae91f7f,1,train,0,7867_K
7867,L,11,215,1628,2a243e83d1c8,1,train,0,7867_L
7867,M,12,56,432,3afdd9312c2f,1,train,0,7867_M
7867,N,13,50,397,52b964efeae0,1,train,0,7867_N
7867,O,14,46,382,6bf101f217e3,1,train,0,7867_O
7867,P,15,44,372,464f12289914,1,train,0,7867_P
7867,Q,16,64,521,1603a3dcb83b,1,train,0,7867_Q
7867,R,17,37,296,ff25cb651fe8,1,train,0,7867_R
7867,S,18,171,1318,4864296029c5,1,train,0,7867_S
7867,V,19,143,1138,7ec391eaca06,1,train,0,7867_V
7867,W,20,112,850,c7d9175bdd81,1,train,0,7867_W
7867,X,21,125,938,28ac917e6c96,1,train,0,7867_X
7867,Y,22,136,1089,f9bbdbc00a9d,1,train,0,7867_Y
7867,Z,23,114,902,2cfde4a6918d,1,train,0,7867_Z
7867,a,24,73,583,2f3dd68de37c,1,train,0,7867_a
7997,A,0,1000,7989,2edeae2954d6,1,train,0,7997_A
7997,B,1,1009,8079,d0ff09f2e371,1,train,0,7997_B
7997,C,2,262,2104,11865bacc1cd,1,train,0,7997_C
7997,D,3,128,1005,f3973687061c,1,train,0,7997_D
7997,E,4,185,1529,3d02db0771a8,1,train,0,7997_E
7997,F,5,68,549,0f47bba6359d,1,train,0,7997_F
7997,G,6,167,1307,ecdf849e0c85,1,train,0,7997_G
7997,H,7,146,1176,e55553962a46,1,train,0,7997_H
7997,I,8,110,897,8e7e86446200,1,train,0,7997_I
7997,J,9,64,507,e09218bc750e,1,train,1,7997_J
7997,K,10,111,890,13babdb6f828,1,train,0,7997_K
7997,L,11,37,312,a0456bcca1db,1,train,0,7997_L
8662,G,0,239,1820,11cee1dc04e0,1,train,0,8662_G
8662,H,1,230,1688,15545f788944,1,train,0,8662_H
8662,I,2,248,1895,5ed74bd3a338,1,train,0,8662_I
8662,J,3,239,1704,180e0d4284c7,2,train,0,8662_J
8662,K,4,228,1729,75fc55dc8a89,2,train,0,8662_K
8662,L,5,238,1850,fbe94fb476a5,2,train,0,8662_L
8662,M,6,240,1856,39aac89d39a3,2,train,0,8662_M
8662,N,7,191,1430,0e78b66ff571,2,train,0,8662_N
8662,O,8,220,1643,dd73d5a3e05e,2,train,0,8662_O
8662,P,9,204,1585,c30a07475990,2,train,0,8662_P
8662,Q,10,199,1570,727aabc8371d,2,train,0,8662_Q
8662,R,11,201,1548,aeee0f498809,2,train,0,8662_R
8662,S,12,213,1641,7b80ac720d18,2,train,0,8662_S
8662,T,13,215,1667,b08009848c80,2,train,1,8662_T
8662,g,14,240,1826,131f49a3cb7e,1,train,0,8662_g
8662,h,15,232,1708,8a3e42581d93,1,train,0,8662_h
8662,i,16,250,1912,1221917385ec,1,train,0,8662_i
8662,j,3,239,1704,180e0d4284c7,2,train,0,8662_j
8662,k,4,228,1722,75fc55dc8a89,2,train,0,8662_k
8662,l,5,238,1850,fbe94fb476a5,2,train,0,8662_l
8662,m,6,240,1856,39aac89d39a3,2,train,0,8662_m
8662,n,7,191,1430,0e78b66ff571,2,train,0,8662_n
8662,o,8,220,1643,dd73d5a3e05e,2,train,0,8662_o
8662,p,9,204,1585,c30a07475990,2,train,0,8662_p
8662,q,10,199,1570,727aabc8371d,2,train,0,8662_q
8662,r,11,201,1548,aeee0f498809,2,train,0,8662_r
8662,s,12,213,1641,7b80ac720d18,2,train,0,8662_s
8662,t,13,215,1667,b08009848c80,2,train,0,8662_t
8778,A,0,350,2626,8b0146f334bb,15,val,1,8778_A
8778,B,0,350,2626,8b0146f334bb,15,val,0,8778_B
8778,C,0,350,2626,8b0146f334bb,15,val,0,8778_C
8778,D,0,350,2626,8b0146f334bb,15,val,0,8778_D
8778,E,0,350,2626,8b0146f334bb,15,val,0,8778_E
8778,F,0,350,2626,8b0146f334bb,15,val,0,8778_F
8778,G,0,350,2626,8b0146f334bb,15,val,0,8778_G
8778,H,0,350,2626,8b0146f334bb,15,val,0,8778_H
8778,I,0,350,2626,8b0146f334bb,15,val,0,8778_I
8778,J,0,350,2626,8b0146f334bb,15,val,0,8778_J
8778,K,0,350,2626,8b0146f334bb,15,val,0,8778_K
8778,L,0,350,2626,8b0146f334bb,15,val,0,8778_L
8778,M,0,350,2626,8b0146f334bb,15,val,0,8778_M
8778,N,0,350,2626,8b0146f334bb,15,val,0,8778_N
8778,O,0,350,2626,8b0146f334bb,15,val,0,8778_O
8934,B,0,32,280,7397a4315499,1,train,0,8934_B
8934,C,1,208,1660,6357c5078be6,1,train,0,8934_C
8934,D,2,200,1641,0cbb7fece714,1,train,0,8934_D
8934,E,3,180,1296,2b0cd096549e,1,train,0,8934_E
8934,F,4,96,771,ed09daef791b,1,train,0,8934_F
8934,G,5,155,1232,af02dbf1eded,1,train,1,8934_G
8934,H,6,131,1010,83877b2f19b8,1,train,0,8934_H
8934,I,7,126,994,f1a0d7472d9b,1,train,0,8934_I
8934,J,8,99,788,c30870893f15,1,train,0,8934_J
8934,K,9,115,855,9b0aa195d024,1,train,0,8934_K
8934,L,10,122,958,f2fd68672de4,1,train,0,8934_L
8934,M,11,116,935,9e0a466f4b2b,1,train,0,8934_M
8934,N,12,100,819,4d027b5c4521,1,train,0,8934_N
8934,O,13,88,720,d539652ba076,1,train,0,8934_O
8934,P,14,113,891,f8b366c9cd32,1,train,0,8934_P
8934,Q,15,94,748,b73c504c73b9,1,train,0,8934_Q
8934,S,16,82,662,33867dd17aa6,1,train,0,8934_S
8934,T,17,85,660,06e01ecfca79,1,train,0,8934_T
8934,V,18,228,1793,e634e5d60bfb,1,train,0,8934_V
8934,Y,19,103,860,755fe78c16d3,1,train,0,8934_Y
8934,r,20,84,658,fbbf46ae4370,1,train,0,8934_r
8937,3,0,23,189,1586efd980f9,1,test,0,8937_3
8937,C,1,275,2110,74201fe4d547,1,test,0,8937_C
8937,D,2,214,1587,8f5955cd0832,1,test,0,8937_D
8937,E,3,209,1569,fd4e963c4de3,1,test,0,8937_E
8937,F,4,182,1445,383dbe76e448,1,test,0,8937_F
8937,G,5,176,1348,d915f22b839a,1,test,0,8937_G
8937,H,6,151,1119,ab775c3ff741,1,test,0,8937_H
8937,I,7,126,918,6fe9f2a932cd,1,test,0,8937_I
8937,J,8,133,990,d8f78b063007,1,test,0,8937_J
8937,K,9,146,1130,7442a5d4cb87,1,test,0,8937_K
8937,L,10,122,938,ec9b900a6664,1,test,0,8937_L
8937,M,11,145,1078,c68f5d822688,1,test,0,8937_M
8937,N,12,136,1092,6c90fc248748,1,test,0,8937_N
8937,O,13,118,928,e9df6399280f,1,test,1,8937_O
8937,P,14,126,956,02143172c9ef,1,test,0,8937_P
8937,Q,15,113,907,8ceab40b3c1e,1,test,0,8937_Q
8937,R,16,124,988,cac1cb0720fd,1,test,0,8937_R
8937,S,17,100,754,da1355ca7ced,1,test,0,8937_S
8937,T,18,114,873,afb50da485ba,1,test,0,8937_T
8937,U,19,97,756,cd6ce8fbf96e,1,test,0,8937_U
8937,V,20,97,732,278d5322e6cc,1,test,0,8937_V
8937,W,21,192,1428,a440e9e46d95,1,test,0,8937_W
8937,X,22,79,586,6bacf153af16,1,test,0,8937_X
8937,Z,23,64,531,89f3286cac4f,1,test,0,8937_Z
8937,a,24,59,474,30c964a96797,1,test,0,8937_a
8937,b,25,54,423,8cfba0fc8e16,1,test,0,8937_b
8937,c,26,53,456,845fd2e0be27,1,test,0,8937_c
8937,d,27,46,377,e3cf2f541bc9,1,test,0,8937_d
8937,e,28,63,502,25ccc79df34d,1,test,0,8937_e
8937,f,29,37,299,6cea81cec7d0,1,test,0,8937_f
8937,g,30,63,487,ba0c93c4409c,1,test,0,8937_g
8937,y,31,77,617,f3808db151c4,1,test,0,8937_y
8978,A,0,188,1578,14873d195f34,1,train,1,8978_A
8978,B,1,336,2545,7b42d9ef1d03,1,train,0,8978_B
8978,E,2,115,925,73de9ba7d2f2,1,train,0,8978_E
8978,G,3,49,372,a328299a0c44,1,train,0,8978_G
8978,N,4,126,961,90dc4e3d7b0c,1,train,1,8978_N
8978,P,5,34,239,2a595d60af56,1,train,0,8978_P
8978,R,6,346,2813,f2c5b9ca74c8,1,train,0,8978_R
8980,Y,0,794,6166,ccc24dfa7335,1,train,1,8980_Y
9039,A,0,225,1716,305872c568b9,1,train,0,9039_A
9039,B,1,237,1759,3dff62d4bf37,1,train,0,9039_B
9039,C,2,1111,8586,590b3ed418fe,1,train,0,9039_C
9039,D,3,1266,9873,aa9996f094f5,1,train,0,9039_D
9039,E,4,83,649,bbd1d8480175,1,train,1,9039_E
9039,F,5,319,2518,539bd552fe18,1,train,0,9039_F
9039,J,6,108,875,fc69ee0274fb,1,train,0,9039_J
9039,M,7,159,1241,ce4dfb97df25,1,train,0,9039_M
9104,a,0,231,1852,f478304d8f96,8,test,1,9104_a
9104,b,1,231,1830,c1683f210966,8,test,0,9104_b
9104,c,0,231,1852,f478304d8f96,8,test,0,9104_c
9104,d,1,231,1830,c1683f210966,8,test,0,9104_d
9104,e,0,231,1852,f478304d8f96,8,test,0,9104_e
9104,f,1,231,1830,c1683f210966,8,test,0,9104_f
9104,g,0,231,1852,f478304d8f96,8,test,0,9104_g
9104,h,1,231,1830,c1683f210966,8,test,0,9104_h
9104,i,0,231,1852,f478304d8f96,8,test,0,9104_i
9104,j,1,231,1830,c1683f210966,8,test,0,9104_j
9104,k,0,231,1852,f478304d8f96,8,test,0,9104_k
9104,l,1,231,1830,c1683f210966,8,test,0,9104_l
9104,m,0,231,1852,f478304d8f96,8,test,0,9104_m
9104,n,1,231,1830,c1683f210966,8,test,0,9104_n
9104,o,0,231,1852,f478304d8f96,8,test,0,9104_o
9104,p,1,231,1830,c1683f210966,8,test,0,9104_p
9110,A,0,479,3768,edb11085794b,1,val,1,9110_A
9110,H,1,121,924,0cdb472b08b9,1,val,0,9110_H
9110,L,2,102,767,91b9c9415815,1,val,0,9110_L
9250,A,0,99,799,e1915dc48de4,2,train,1,9250_A
9250,B,1,94,710,96c83db92a7a,1,train,0,9250_B
9250,C,2,103,785,a5b440376f92,1,train,0,9250_C
9250,D,3,92,719,8007dcf94f45,2,train,0,9250_D
9250,E,0,99,799,e1915dc48de4,2,train,0,9250_E
9250,F,4,80,642,b626d5fe0e55,1,train,0,9250_F
9250,G,5,105,795,c03e0cdd3f05,1,train,0,9250_G
9250,H,3,92,719,8007dcf94f45,2,train,0,9250_H
9250,M,6,205,1697,506d98a612ca,1,train,0,9250_M
9257,A,0,246,1943,0b41a30cbf5c,2,train,0,9257_A
9257,B,1,224,1782,072d2385f618,2,train,0,9257_B
9257,C,2,240,1917,9326a1d3508b,2,train,0,9257_C
9257,D,3,227,1795,ee9923443416,2,train,1,9257_D
9257,E,4,227,1760,0946ed4f926c,2,train,0,9257_E
9257,F,5,236,1878,ae90dd1c5d95,2,train,0,9257_F
9257,G,6,233,1906,7a3bc4a4191a,2,train,0,9257_G
9257,H,7,193,1536,2060294329d2,2,train,0,9257_H
9257,I,8,219,1676,18095fe49fe0,2,train,0,9257_I
9257,J,9,203,1595,caacc666758f,2,train,0,9257_J
9257,K,10,195,1614,02e167753c71,2,train,0,9257_K
9257,L,11,204,1600,c03b5d3251a9,2,train,0,9257_L
9257,M,12,211,1676,e75f75337989,2,train,0,9257_M
9257,N,13,224,1845,fd34b99d3eaa,2,train,0,9257_N
9257,O,0,246,1943,0b41a30cbf5c,2,train,0,9257_O
9257,P,1,224,1782,072d2385f618,2,train,0,9257_P
9257,Q,2,240,1917,9326a1d3508b,2,train,0,9257_Q
9257,R,3,227,1795,ee9923443416,2,train,0,9257_R
9257,S,4,227,1760,0946ed4f926c,2,train,0,9257_S
9257,T,5,236,1878,ae90dd1c5d95,2,train,0,9257_T
9257,U,6,233,1906,7a3bc4a4191a,2,train,0,9257_U
9257,V,7,193,1536,2060294329d2,2,train,0,9257_V
9257,W,8,219,1676,18095fe49fe0,2,train,0,9257_W
9257,X,9,203,1595,caacc666758f,2,train,0,9257_X
9257,Y,10,195,1614,02e167753c71,2,train,0,9257_Y
9257,Z,11,204,1600,c03b5d3251a9,2,train,0,9257_Z
9257,a,12,211,1676,e75f75337989,2,train,0,9257_a
9257,b,13,224,1845,fd34b99d3eaa,2,train,0,9257_b
9257,c,14,187,1568,23fe5af76c1d,4,train,0,9257_c
9257,d,14,187,1568,23fe5af76c1d,4,train,0,9257_d
9257,e,15,188,1576,a3a301c49a43,2,train,0,9257_e
9257,f,16,193,1618,fded5c18d41f,2,train,0,9257_f
9257,g,17,189,1585,c90e161634ce,2,train,0,9257_g
9257,h,18,186,1559,e2da15e0285a,4,train,0,9257_h
9257,i,18,186,1559,e2da15e0285a,4,train,0,9257_i
9257,j,16,193,1618,fded5c18d41f,2,train,0,9257_j
9257,k,17,189,1585,c90e161634ce,2,train,0,9257_k
9257,l,18,186,1559,e2da15e0285a,4,train,0,9257_l
9257,m,14,187,1568,23fe5af76c1d,4,train,0,9257_m
9257,n,18,186,1559,e2da15e0285a,4,train,0,9257_n
9257,o,14,187,1568,23fe5af76c1d,4,train,0,9257_o
9257,p,15,188,1576,a3a301c49a43,2,train,0,9257_p
9258,A,0,251,1986,32c189b55f0c,2,train,0,9258_A
9258,B,1,229,1826,7db4b9f55f83,2,train,0,9258_B
9258,C,2,241,1926,abd8fc262226,2,train,0,9258_C
9258,D,3,233,1845,257dfa5c6c4f,2,train,0,9258_D
9258,E,4,243,1888,fdb527ac4b09,2,train,0,9258_E
9258,F,5,236,1878,ae90dd1c5d95,2,train,0,9258_F
9258,G,6,234,1912,e064da90f431,2,train,0,9258_G
9258,H,7,196,1569,0e184b287366,2,train,0,9258_H
9258,I,8,222,1702,55593e99c3aa,2,train,0,9258_I
9258,J,9,205,1612,cfabd952890e,2,train,0,9258_J
9258,K,10,195,1614,02e167753c71,2,train,0,9258_K
9258,L,11,204,1600,c03b5d3251a9,2,train,1,9258_L
9258,M,12,213,1696,0adf44bd5ffd,2,train,0,9258_M
9258,N,13,224,1845,fd34b99d3eaa,2,train,0,9258_N
9258,O,0,251,1986,32c189b55f0c,2,train,0,9258_O
9258,P,1,229,1826,7db4b9f55f83,2,train,0,9258_P
9258,Q,2,241,1926,abd8fc262226,2,train,0,9258_Q
9258,R,3,233,1845,257dfa5c6c4f,2,train,0,9258_R
9258,S,4,243,1888,fdb527ac4b09,2,train,0,9258_S
9258,T,5,236,1878,ae90dd1c5d95,2,train,0,9258_T
9258,U,6,234,1912,e064da90f431,2,train,0,9258_U
9258,V,7,196,1569,0e184b287366,2,train,0,9258_V
9258,W,8,222,1702,55593e99c3aa,2,train,0,9258_W
9258,X,9,205,1612,cfabd952890e,2,train,0,9258_X
9258,Y,10,195,1614,02e167753c71,2,train,0,9258_Y
9258,Z,11,204,1600,c03b5d3251a9,2,train,0,9258_Z
9258,a,12,213,1696,0adf44bd5ffd,2,train,0,9258_a
9258,b,13,224,1845,fd34b99d3eaa,2,train,0,9258_b
9259,A,0,244,1928,8153920411ed,2,train,0,9259_A
9259,B,1,224,1782,072d2385f618,1,train,0,9259_B
9259,C,2,240,1918,9326a1d3508b,1,train,0,9259_C
9259,D,3,227,1795,ee9923443416,1,train,0,9259_D
9259,E,4,227,1760,0946ed4f926c,1,train,0,9259_E
9259,F,5,235,1870,99142891dd4c,1,train,0,9259_F
9259,G,6,233,1906,7a3bc4a4191a,2,train,0,9259_G
9259,H,7,194,1547,1efba619e736,2,train,0,9259_H
9259,I,8,219,1676,18095fe49fe0,2,train,0,9259_I
9259,J,9,203,1595,caacc666758f,2,train,0,9259_J
9259,K,10,195,1614,02e167753c71,2,train,1,9259_K
9259,L,11,204,1600,c03b5d3251a9,2,train,0,9259_L
9259,M,12,211,1676,e75f75337989,2,train,0,9259_M
9259,N,13,224,1845,fd34b99d3eaa,2,train,0,9259_N
9259,O,0,244,1928,8153920411ed,2,train,0,9259_O
9259,P,14,229,1826,7db4b9f55f83,1,train,0,9259_P
9259,Q,15,245,1965,854ca6f36e18,1,train,0,9259_Q
9259,R,16,233,1845,257dfa5c6c4f,1,train,0,9259_R
9259,S,17,228,1767,0552eee5c554,1,train,0,9259_S
9259,T,18,234,1858,1969f3081c90,1,train,0,9259_T
9259,U,6,233,1906,7a3bc4a4191a,2,train,0,9259_U
9259,V,7,194,1547,1efba619e736,2,train,0,9259_V
9259,W,8,219,1676,18095fe49fe0,2,train,0,9259_W
9259,X,9,203,1595,caacc666758f,2,train,0,9259_X
9259,Y,10,195,1614,02e167753c71,2,train,0,9259_Y
9259,Z,11,204,1600,c03b5d3251a9,2,train,0,9259_Z
9259,a,12,211,1676,e75f75337989,2,train,0,9259_a
9259,b,13,224,1845,fd34b99d3eaa,2,train,0,9259_b
9259,c,19,188,1578,2c2f2b15cde6,1,train,0,9259_c
9259,d,20,190,1595,b9fc130697c6,5,train,0,9259_d
9259,e,21,187,1571,d94d38c585fe,1,train,0,9259_e
9259,f,20,190,1595,b9fc130697c6,5,train,0,9259_f
9259,g,20,190,1595,b9fc130697c6,5,train,0,9259_g
9259,h,20,190,1595,b9fc130697c6,5,train,0,9259_h
9259,i,20,190,1595,b9fc130697c6,5,train,0,9259_i
9341,A,0,299,2375,2505989fff46,3,val,0,9341_A
9341,B,1,300,2378,9067e133f9db,1,val,0,9341_B
9341,C,0,299,2356,2505989fff46,3,val,0,9341_C
9341,D,0,299,2376,2505989fff46,3,val,0,9341_D
9341,E,2,301,2374,60894b21ad98,1,val,0,9341_E
9341,F,3,300,2367,6577a8cdd177,1,val,0,9341_F
9341,G,4,240,1903,10b8dee707ef,1,val,0,9341_G
9341,H,5,532,4085,be171799c3ac,1,val,1,9341_H
9341,I,6,528,4047,f96d9ed3a903,1,val,0,9341_I
9356,A,0,99,806,f9c4d0ec2254,1,test,0,9356_A
9356,B,1,88,704,6a67210a1121,1,test,1,9356_B
9356,C,2,114,867,1bd4b008f6df,1,test,0,9356_C
9356,D,3,99,780,38f4d181509d,1,test,0,9356_D
9356,E,4,99,813,a64706faaac4,1,test,0,9356_E
9356,F,5,83,652,30d05b67c961,1,test,0,9356_F
9356,G,6,109,831,4e1ca1a2ff21,1,test,0,9356_G
9356,H,7,93,726,dc4af31039f1,1,test,0,9356_H
9356,W,8,461,3737,3c148e715137,1,test,0,9356_W
9358,B,0,217,1726,e0bd61bbda4e,1,train,0,9358_B
9358,C,1,123,998,859d3cf71938,1,train,1,9358_C
9358,E,2,309,2464,cefaeba11fd2,1,train,0,9358_E
9358,F,3,124,991,b0e9d633e3e1,1,train,0,9358_F
9358,G,4,208,1721,1bb146c03a16,1,train,0,9358_G
9358,I,5,311,2541,cf4c9d519690,1,train,0,9358_I
9358,J,6,128,1049,28d48ac1caf0,1,train,0,9358_J
9358,K,7,136,1001,3f64ff1370f5,1,train,0,9358_K
9358,L,8,109,853,7a0c246be204,1,train,0,9358_L
9358,N,9,101,861,8f584026c17b,1,train,0,9358_N
9358,O,10,173,1421,8c6c1e2f1614,1,train,0,9358_O
9358,P,11,116,916,4bf205497b1f,1,train,1,9358_P
9358,Q,12,109,857,dc68b062f6f3,1,train,0,9358_Q
9358,R,13,97,788,6b52cb7373d0,1,train,0,9358_R
9358,U,14,86,737,5c9f8a8dc11d,1,train,0,9358_U
9358,a,15,289,2356,e212002afb18,1,train,0,9358_a
9358,b,16,135,1108,309dee09ead2,1,train,0,9358_b
9358,c,17,168,1374,51f795cfb1ec,1,train,1,9358_c
9358,d,18,176,1463,93d8ff683fe0,1,train,0,9358_d
9358,e,19,358,2950,2559971b115a,1,train,0,9358_e
9358,f,20,98,775,d74103e8552c,1,train,0,9358_f
9358,g,21,351,2855,b296de27537c,1,train,0,9358_g
9358,h,22,103,871,63301d5f4da1,1,train,0,9358_h
9358,i,23,98,818,3d4c63659dba,1,train,0,9358_i
9358,j,24,213,1792,ab90f30d19d5,1,train,0,9358_j
9358,k,25,275,2227,e99ca631087c,1,train,0,9358_k
9358,m,26,118,945,a20432734381,1,train,1,9358_m
9358,n,27,72,642,87a477483017,1,train,0,9358_n
9358,o,28,314,2540,30f2db33a703,1,train,0,9358_o
9358,p,29,187,1531,2281ae4ab952,1,train,0,9358_p
9358,z,30,207,1616,ab5d35f34693,1,train,0,9358_z
9362,B,0,217,1726,e0bd61bbda4e,1,train,0,9362_B
9362,C,1,123,998,859d3cf71938,1,train,0,9362_C
9362,E,2,309,2464,cefaeba11fd2,1,train,0,9362_E
9362,F,3,124,991,b0e9d633e3e1,1,train,1,9362_F
9362,G,4,208,1721,1bb146c03a16,1,train,1,9362_G
9362,I,5,311,2541,cf4c9d519690,1,train,0,9362_I
9362,J,6,128,1049,28d48ac1caf0,1,train,0,9362_J
9362,K,7,136,1001,3f64ff1370f5,1,train,0,9362_K
9362,L,8,109,853,7a0c246be204,1,train,0,9362_L
9362,N,9,101,861,8f584026c17b,1,train,0,9362_N
9362,O,10,173,1421,8c6c1e2f1614,1,train,0,9362_O
9362,P,11,116,916,4bf205497b1f,1,train,0,9362_P
9362,Q,12,109,857,dc68b062f6f3,1,train,0,9362_Q
9362,R,13,97,788,6b52cb7373d0,1,train,0,9362_R
9362,U,14,86,737,5c9f8a8dc11d,1,train,0,9362_U
9362,a,15,289,2356,e212002afb18,1,train,1,9362_a
9362,b,16,135,1108,309dee09ead2,1,train,0,9362_b
9362,c,17,168,1374,51f795cfb1ec,1,train,0,9362_c
9362,d,18,176,1463,93d8ff683fe0,1,train,0,9362_d
9362,e,19,358,2950,2559971b115a,1,train,0,9362_e
9362,f,20,98,775,d74103e8552c,1,train,0,9362_f
9362,g,21,351,2855,b296de27537c,1,train,0,9362_g
9362,h,22,103,871,63301d5f4da1,1,train,0,9362_h
9362,i,23,98,818,3d4c63659dba,1,train,1,9362_i
9362,j,24,213,1792,ab90f30d19d5,1,train,0,9362_j
9362,k,25,275,2227,e99ca631087c,1,train,0,9362_k
9362,m,26,118,945,a20432734381,1,train,0,9362_m
9362,n,27,72,642,87a477483017,1,train,0,9362_n
9362,o,28,314,2540,30f2db33a703,1,train,0,9362_o
9362,p,29,187,1531,2281ae4ab952,1,train,1,9362_p
9362,z,30,207,1616,ab5d35f34693,1,train,0,9362_z
9391,A,0,412,3164,22ad7f3d2049,4,test,0,9391_A
9391,B,0,412,3160,22ad7f3d2049,4,test,0,9391_B
9391,C,0,412,3164,22ad7f3d2049,4,test,0,9391_C
9391,D,1,413,3169,a88fb0712471,1,test,0,9391_D
9391,E,0,412,3164,22ad7f3d2049,4,test,0,9391_E
9391,F,2,405,3106,01efaceb3a8d,1,test,0,9391_F
9391,G,3,64,531,8c5867024440,1,test,1,9391_G
9406,A,0,317,2464,e1b5d7ca5300,4,train,1,9406_A
9406,B,1,222,1725,d7de82c85730,4,train,0,9406_B
9406,C,0,317,2464,e1b5d7ca5300,4,train,0,9406_C
9406,D,1,222,1725,d7de82c85730,4,train,0,9406_D
9406,E,0,317,2464,e1b5d7ca5300,4,train,0,9406_E
9406,F,1,222,1725,d7de82c85730,4,train,0,9406_F
9406,G,0,317,2464,e1b5d7ca5300,4,train,0,9406_G
9406,H,1,222,1725,d7de82c85730,4,train,0,9406_H
9578,A,0,511,4176,809f57f3d53a,1,train,0,9578_A
9578,B,1,701,5568,723d47757b78,1,train,1,9578_B
9578,C,2,249,2006,80fe3ecd7487,1,train,0,9578_C
9581,A,0,511,4176,809f57f3d53a,1,train,0,9581_A
9581,B,1,705,5603,f6f5b75457d0,1,train,1,9581_B
9581,C,2,249,2006,80fe3ecd7487,1,train,0,9581_C
9608,A,0,258,2015,346dc2449763,1,train,0,9608_A
9608,B,1,267,2101,829aa244e436,1,train,1,9608_B
9608,C,2,228,1788,835d9e5eada9,1,train,0,9608_C
9608,D,3,35,278,5ebe797ca361,1,train,0,9608_D
9608,R,4,185,1502,7212159315b0,1,train,0,9608_R
9622,B,0,784,6389,8c7f3f1a49a5,1,train,0,9622_B
9622,C,1,175,1435,000cdf3f933f,1,train,0,9622_C
9622,D,2,203,1685,409378add5c0,1,train,0,9622_D
9622,E,3,146,1141,326bb34288c3,1,train,0,9622_E
9622,F,4,157,1272,e56168201ec0,1,train,0,9622_F
9622,G,5,121,961,0164f62c56cc,1,train,1,9622_G
9622,H,6,131,1079,0000e29331ad,1,train,0,9622_H
9622,I,7,242,1881,827785ae12a1,1,train,0,9622_I
9622,J,8,293,2260,31050cafeef0,1,train,0,9622_J
9622,K,9,128,1024,ab2537be2fe8,1,train,0,9622_K
9626,B,0,774,6142,4ce24551124c,1,train,1,9626_B
9626,C,1,182,1448,ee6730ec0660,1,train,0,9626_C
9626,D,2,145,1180,6e1897c91169,1,train,0,9626_D
9626,E,3,147,1197,04a434d5b37a,1,train,0,9626_E
9626,F,4,129,979,982607f624ba,1,train,0,9626_F
9626,G,5,131,1021,929856e74cab,1,train,0,9626_G
9626,H,6,121,941,1d8a0824e849,1,train,0,9626_H
9626,I,7,236,1824,c202df5a0699,1,train,0,9626_I
9626,J,8,247,1905,e27ac07ea3a2,1,train,0,9626_J
9626,K,9,121,979,f57af4dd30c6,1,train,0,9626_K
9626,L,10,362,2939,9b79e8bf7972,1,train,0,9626_L
9645,A,0,2253,17837,8cc37c61da8a,1,train,0,9645_A
9645,C,1,894,7066,74cbeed3fff6,1,train,0,9645_C
9645,D,2,1722,8530,5027dcdcbd1d,1,train,0,9645_D
9645,E,3,303,2366,12c20f750dc4,1,train,0,9645_E
9645,I,4,564,2782,8cd1c88a0f55,1,train,0,9645_I
9645,J,5,571,3829,1770efbfc967,1,train,0,9645_J
9645,K,6,152,757,9225908e1de2,1,train,0,9645_K
9645,L,7,454,3064,da95f6cf166a,1,train,0,9645_L
9645,M,8,130,1098,790b2cbe620e,1,train,0,9645_M
9645,N,9,143,1184,37ab84361ea1,1,train,0,9645_N
9645,O,10,285,2296,912609520600,1,train,0,9645_O
9645,P,11,110,929,2dd9340e3412,1,train,0,9645_P
9645,Q,12,1322,6554,86b9772d8dbf,1,train,0,9645_Q
9645,R,13,259,2053,e76c4eb88cd0,1,train,0,9645_R
9645,S,14,159,1236,eecd23b6b5a5,1,train,0,9645_S
9645,T,15,313,2461,8ce6ffc76b13,1,train,0,9645_T
9645,U,16,26,193,1dfcc0d6f5f4,1,train,0,9645_U
9645,V,17,452,2765,2e161bf0e38c,1,train,0,9645_V
9645,W,18,508,4122,484a14b7ccdd,1,train,0,9645_W
9645,X,19,92,701,ac119f00fc3b,1,train,0,9645_X
9645,Y,20,713,2917,7d28c0e6cc6e,1,train,0,9645_Y
9645,Z,21,242,1999,8f155f360554,1,train,0,9645_Z
9645,a,22,81,399,4e74a62e59c7,2,train,0,9645_a
9645,b,23,86,424,5abbfa7c3679,2,train,0,9645_b
9645,c,24,82,406,bb381825f668,2,train,0,9645_c
9645,d,25,97,480,bd83d8171beb,1,train,0,9645_d
9645,e,26,79,391,2c801a089dbe,2,train,0,9645_e
9645,f,27,74,361,f5177eced929,1,train,0,9645_f
9645,g,28,74,363,f3dddef7a633,1,train,0,9645_g
9645,h,22,81,398,4e74a62e59c7,2,train,0,9645_h
9645,i,23,86,424,5abbfa7c3679,2,train,0,9645_i
9645,j,24,82,406,bb381825f668,2,train,0,9645_j
9645,k,29,85,422,3f35a16ae29c,1,train,0,9645_k
9645,l,26,79,391,2c801a089dbe,2,train,0,9645_l
9645,m,30,73,356,9cfb81b88fdd,1,train,0,9645_m
9645,n,31,69,339,e8d1eec1a7d3,1,train,0,9645_n
9645,o,32,162,804,a1d0e47824af,1,train,0,9645_o
9645,p,33,94,464,4b756234aa7c,1,train,1,9645_p
9645,q,34,132,659,bbbbe067947c,1,train,0,9645_q
9645,r,35,131,654,30e7768c9b48,1,train,0,9645_r
9645,s,36,67,335,aaf45c28056e,1,train,0,9645_s
9645,t,37,67,335,0520b0945f32,1,train,0,9645_t
9645,u,38,386,1907,2eb65a6dddea,1,train,0,9645_u
9645,v,39,144,711,1c2b75ff7c37,1,train,0,9645_v
9645,w,40,91,445,a4570f43aa2a,1,train,0,9645_w
9645,x,41,25,124,882b67d1e1ea,1,train,0,9645_x
9645,y,42,79,390,546ed2d65330,1,train,0,9645_y
9647,A,0,1981,16477,472c749fafbe,1,train,0,9647_A
9647,C,1,888,7022,d522440008bc,1,train,0,9647_C
9647,E,2,303,2366,12c20f750dc4,1,train,0,9647_E
9647,I,3,576,2875,c9b445ef74f8,1,train,0,9647_I
9647,J,4,568,3817,8c0af19e1011,1,train,0,9647_J
9647,K,5,152,980,9225908e1de2,1,train,0,9647_K
9647,L,6,475,3369,8ebe5d47b784,1,train,0,9647_L
9647,M,7,130,1098,790b2cbe620e,1,train,0,9647_M
9647,N,8,143,1184,37ab84361ea1,1,train,0,9647_N
9647,O,9,290,2340,fb4533eacfd4,1,train,0,9647_O
9647,P,10,118,985,399900142f2e,1,train,0,9647_P
9647,Q,11,1322,6554,86b9772d8dbf,1,train,0,9647_Q
9647,R,12,270,2145,2fe2ff52dd66,1,train,0,9647_R
9647,S,13,159,1236,eecd23b6b5a5,1,train,1,9647_S
9647,T,14,317,2496,730c12b69ade,1,train,0,9647_T
9647,U,15,347,2864,168af127f7bd,1,train,0,9647_U
9647,V,16,663,3285,17d78e15d309,1,train,0,9647_V
9647,W,17,158,1276,609a429fef48,1,train,0,9647_W
9647,a,18,81,399,4e74a62e59c7,1,train,0,9647_a
9647,b,19,86,424,5abbfa7c3679,2,train,0,9647_b
9647,c,20,82,406,bb381825f668,2,train,0,9647_c
9647,d,21,97,480,bd83d8171beb,1,train,0,9647_d
9647,e,22,79,391,2c801a089dbe,2,train,0,9647_e
9647,f,23,74,361,f5177eced929,2,train,0,9647_f
9647,g,24,74,363,f3dddef7a633,1,train,0,9647_g
9647,h,25,80,393,669cedba083d,1,train,0,9647_h
9647,i,19,86,424,5abbfa7c3679,2,train,0,9647_i
9647,j,20,82,406,bb381825f668,2,train,0,9647_j
9647,k,26,85,422,3f35a16ae29c,1,train,0,9647_k
9647,l,22,79,391,2c801a089dbe,2,train,0,9647_l
9647,m,23,74,361,f5177eced929,2,train,0,9647_m
9647,n,27,67,329,8c8c528cbd22,1,train,0,9647_n
9647,o,28,162,804,a1d0e47824af,1,train,0,9647_o
9647,p,29,94,464,4b756234aa7c,1,train,0,9647_p
9647,q,30,132,659,bbbbe067947c,1,train,0,9647_q
9647,r,31,131,654,30e7768c9b48,1,train,0,9647_r
9647,s,32,67,335,aaf45c28056e,1,train,0,9647_s
9647,t,33,67,335,0520b0945f32,1,train,0,9647_t
9647,y,34,79,390,546ed2d65330,1,train,0,9647_y
9670,0,0,202,1560,09bdffc48a42,1,test,0,9670_0
9670,1,1,193,1466,3fab985d8ef3,1,test,0,9670_1
9670,2,2,212,1641,9515fc007895,1,test,0,9670_2
9670,3,3,226,1751,1233c1ec3a66,1,test,0,9670_3
9670,4,4,207,1589,3341bfaf9a86,1,test,0,9670_4
9670,5,5,195,1484,a68cae2574d2,1,test,0,9670_5
9670,6,6,229,1797,3ef5773e10a0,1,test,0,9670_6
9670,7,7,228,1758,cbbbaadd198d,1,test,0,9670_7
9670,8,8,205,1574,fd6450b9e873,1,test,0,9670_8
9670,9,9,183,1416,c6d26d6c723e,1,test,0,9670_9
9670,A,10,740,5819,7a6b7fabe2cd,1,test,0,9670_A
9670,B,11,733,5824,1e742cdd2eda,1,test,0,9670_B
9670,C,12,80,602,7701feb67698,1,test,0,9670_C
9670,D,13,142,1109,d0e3eb2828ec,1,test,0,9670_D
9670,E,14,61,488,e8f12fc85c95,1,test,0,9670_E
9670,F,15,163,1257,bbef997d54ef,1,test,0,9670_F
9670,G,16,92,714,1d1ed645df7d,1,test,0,9670_G
9670,H,17,88,677,d989ead623f8,1,test,0,9670_H
9670,I,18,32,243,da846e71c244,1,test,0,9670_I
9670,J,19,41,336,9d076cebf66a,1,test,0,9670_J
9670,K,20,80,558,5ad82f2d016f,1,test,0,9670_K
9670,L,21,155,1139,c1915fcc1fa1,1,test,1,9670_L
9670,M,22,31,238,ee22933e01f6,1,test,0,9670_M
9674,A,0,287,2255,cd5469059cc2,1,train,0,9674_A
9674,B,1,246,1899,63980e99259d,1,train,1,9674_B
9674,C,2,240,1842,2b2ff349aad4,1,train,0,9674_C
9674,D,3,41,331,21032002ada3,1,train,0,9674_D
9686,A,0,273,2194,626699cedc0d,1,train,0,9686_A
9686,B,1,252,1968,daf9a07b4cc5,1,train,1,9686_B
9686,C,2,238,1851,7aa19f5c4bb5,1,train,0,9686_C
9686,D,3,58,452,4d195e0e15a3,1,train,0,9686_D
9713,A,0,1412,11123,e19f2f798f8e,1,train,0,9713_A
9713,B,1,1157,9228,f8ccc44f64c7,1,train,0,9713_B
9713,C,2,263,2098,74a8fb968813,1,train,0,9713_C
9713,D,3,168,1314,363ce857b8aa,1,train,0,9713_D
9713,E,4,213,1740,e4682cd0104c,1,train,0,9713_E
9713,F,5,84,677,db7338121e97,1,train,0,9713_F
9713,G,6,171,1324,b84ff7677984,1,train,0,9713_G
9713,H,7,133,1052,7b2dafeedf65,1,train,0,9713_H
9713,I,8,111,917,3b2ac52c4f34,1,train,0,9713_I
9713,J,9,66,545,247177aac7cf,1,train,0,9713_J
9713,K,10,113,932,03f5f241f2c2,1,train,0,9713_K
9713,L,11,45,359,0ccbeb6d60db,1,train,0,9713_L
9713,M,12,64,505,0d6528fb7324,1,train,0,9713_M
9713,V,13,102,792,833878609588,1,train,0,9713_V
9713,W,14,275,2226,d8f4a152fcbb,1,train,0,9713_W
9713,a,15,97,797,784a1c3f416e,1,train,0,9713_a
9713,b,16,80,638,71a4d8865e76,1,train,0,9713_b
9713,c,17,103,796,30cb95eb46bb,1,train,0,9713_c
9713,d,18,95,746,222f12649646,1,train,1,9713_d
9713,e,19,97,796,1057d11b1d25,1,train,0,9713_e
9713,f,20,78,619,d61224934de3,1,train,0,9713_f
9713,g,21,105,810,e5702791ecb2,1,train,0,9713_g
9713,h,22,91,708,989aab88a5b8,1,train,0,9713_h
9718,A,0,98,801,526f2886239b,1,train,0,9718_A
9718,B,1,88,707,6aba892bffe2,1,train,0,9718_B
9718,C,2,107,811,40fb0645ee4d,2,train,1,9718_C
9718,D,3,93,718,dc4af31039f1,2,train,0,9718_D
9718,E,4,95,779,757dc505b64f,1,train,0,9718_E
9718,F,5,80,632,71a4d8865e76,1,train,0,9718_F
9718,G,2,107,815,40fb0645ee4d,2,train,0,9718_G
9718,H,3,93,726,dc4af31039f1,2,train,0,9718_H
9718,K,6,504,4129,9671dea3a63c,1,train,0,9718_K
9720,A,0,98,801,526f2886239b,1,val,0,9720_A
9720,B,1,87,703,13264a7b8906,1,val,0,9720_B
9720,C,2,107,811,40fb0645ee4d,2,val,0,9720_C
9720,D,3,93,718,dc4af31039f1,2,val,0,9720_D
9720,E,4,95,779,757dc505b64f,1,val,0,9720_E
9720,F,5,86,672,6b7be9b926ea,1,val,0,9720_F
9720,G,2,107,815,40fb0645ee4d,2,val,0,9720_G
9720,H,3,93,726,dc4af31039f1,2,val,0,9720_H
9720,L,6,496,4070,ef5bf3382822,1,val,1,9720_L
9721,A,0,469,3650,4137c90f6a3b,1,train,1,9721_A
9721,B,1,457,3479,fc50c61e064d,1,train,0,9721_B
9748,A,0,100,825,4eeda40b675c,1,val,0,9748_A
9748,B,1,88,708,6a67210a1121,1,val,0,9748_B
9748,C,2,111,859,44b417ae81c1,1,val,0,9748_C
9748,D,3,100,789,364b3bf8c5d3,1,val,0,9748_D
9748,E,4,99,816,5952a852adf4,1,val,0,9748_E
9748,F,5,81,646,f6634491f604,1,val,0,9748_F
9748,G,6,111,859,5d892fb1a18b,1,val,0,9748_G
9748,H,7,97,767,3b74531d6495,1,val,0,9748_H
9748,O,8,580,4764,171c64fab849,1,val,1,9748_O
9798,A,0,326,2563,b4216a378ce8,12,train,1,9798_A
9798,B,0,326,2563,b4216a378ce8,12,train,0,9798_B
9798,C,0,326,2563,b4216a378ce8,12,train,0,9798_C
9798,D,0,326,2563,b4216a378ce8,12,train,0,9798_D
9798,E,0,326,2563,b4216a378ce8,12,train,0,9798_E
9798,F,0,326,2563,b4216a378ce8,12,train,0,9798_F
9798,G,0,326,2563,b4216a378ce8,12,train,0,9798_G
9798,H,0,326,2563,b4216a378ce8,12,train,0,9798_H
9798,I,0,326,2563,b4216a378ce8,12,train,0,9798_I
9798,J,0,326,2563,b4216a378ce8,12,train,0,9798_J
9798,K,0,326,2563,b4216a378ce8,12,train,0,9798_K
9798,L,0,326,2563,b4216a378ce8,12,train,0,9798_L
9854,1,0,194,1444,a30ae0e920ca,1,train,0,9854_1
9854,3,1,202,1555,c7cd2d87c28d,1,train,0,9854_3
9854,4,2,203,1570,eebfe2722f05,1,train,0,9854_4
9854,5,3,223,1744,d57b5434b8cc,1,train,0,9854_5
9854,6,4,229,1765,199a07b3ef1a,1,train,0,9854_6
9854,7,5,212,1644,14d79e782960,1,train,0,9854_7
9854,8,6,217,1649,0d0e27018d69,1,train,1,9854_8
9854,A,7,738,5800,6ef0bd6f71e5,1,train,0,9854_A
9854,B,8,732,5822,70306b8776ca,1,train,0,9854_B
9854,C,9,80,600,6cb3e2510041,1,train,0,9854_C
9854,D,10,144,1132,6facd32aee07,1,train,0,9854_D
9854,E,11,61,480,314934b1de21,1,train,0,9854_E
9854,F,12,165,1265,0033f7d603f3,1,train,0,9854_F
9854,G,13,68,503,4d811f2715d9,1,train,0,9854_G
9854,I,14,37,281,4e015d1881e1,1,train,0,9854_I
9854,J,15,39,320,ca547faabec8,1,train,0,9854_J
9854,K,16,45,297,5591ddf101fb,1,train,0,9854_K
9854,L,17,118,853,49aed8cc1996,1,train,0,9854_L
9854,Z,18,192,1436,1c764ef81b47,1,train,0,9854_Z
9868,A,0,1274,10219,b239e1f0dbd0,1,test,0,9868_A
9868,B,1,100,710,c1773a8c69fe,1,test,0,9868_B
9868,C,2,178,1367,9992a3623f2c,1,test,0,9868_C
9868,E,3,169,1326,b31cb678cd96,1,test,1,9868_E
9868,F,4,973,7796,5bec31e28f61,1,test,0,9868_F
9911,A,0,213,1687,daa1f7c1529e,1,train,0,9911_A
9911,B,1,333,2559,c95b9fda66fa,1,train,1,9911_B
9911,G,2,55,424,d6e3f4f18834,1,train,0,9911_G
9911,H,3,233,1793,99b13abbbe96,1,train,0,9911_H
9911,R,4,243,1952,a117b98ec6c5,1,train,0,9911_R
9955,0,0,25,121,1a0026df4c7e,2,test,0,9955_0
9955,1,0,25,121,1a0026df4c7e,2,test,0,9955_1
9955,3,1,25,169,085f6be9d6f5,2,test,0,9955_3
9955,4,1,25,169,085f6be9d6f5,2,test,0,9955_4
9955,A,2,336,2636,6916ce648090,2,test,0,9955_A
9955,B,3,490,3836,80ae5608784c,2,test,1,9955_B
9955,C,4,449,3498,31999662dce4,2,test,0,9955_C
9955,D,5,348,2771,69d76c0e359c,2,test,0,9955_D
9955,E,6,76,619,083f329e54e9,2,test,0,9955_E
9955,F,7,31,251,a8d7972d9de3,2,test,0,9955_F
9955,G,8,219,1667,0915224734dd,2,test,0,9955_G
9955,H,9,68,519,59dc8221ff43,2,test,0,9955_H
9955,I,10,35,283,b181c7f82cb0,2,test,0,9955_I
9955,J,11,36,262,ef1b3b64d8b0,2,test,0,9955_J
9955,K,12,37,297,49eb677b6b3a,2,test,0,9955_K
9955,L,13,35,290,3c6e44aa66ea,2,test,0,9955_L
9955,M,14,30,230,5502f0392517,2,test,0,9955_M
9955,N,15,219,1672,5608083271cf,2,test,0,9955_N
9955,O,16,240,1808,3c28ef71d610,2,test,0,9955_O
9955,P,17,188,1444,af31d56fddf6,2,test,0,9955_P
9955,Q,18,148,1192,d6bce1b71baa,2,test,0,9955_Q
9955,R,19,183,1400,dc8e24dd65b3,2,test,0,9955_R
9955,S,20,252,1914,8e02981308f8,2,test,0,9955_S
9955,T,21,30,247,92849edb0272,2,test,0,9955_T
9955,U,22,24,184,be8d05d4a840,2,test,0,9955_U
9955,V,23,32,224,990398a94a95,2,test,0,9955_V
9955,W,24,56,434,7040013605e4,2,test,0,9955_W
9955,X,25,35,242,477cdd20c210,2,test,0,9955_X
9955,Y,26,221,1693,c9e29fb58315,2,test,0,9955_Y
9955,Z,27,61,458,250012073d66,2,test,0,9955_Z
9955,a,2,336,2636,6916ce648090,2,test,0,9955_a
9955,b,3,490,3836,80ae5608784c,2,test,0,9955_b
9955,c,4,449,3498,31999662dce4,2,test,0,9955_c
9955,d,5,348,2771,69d76c0e359c,2,test,0,9955_d
9955,e,6,76,619,083f329e54e9,2,test,0,9955_e
9955,f,7,31,251,a8d7972d9de3,2,test,0,9955_f
9955,g,8,219,1667,0915224734dd,2,test,0,9955_g
9955,h,9,68,519,59dc8221ff43,2,test,0,9955_h
9955,i,10,35,283,b181c7f82cb0,2,test,0,9955_i
9955,j,11,36,262,ef1b3b64d8b0,2,test,0,9955_j
9955,k,12,37,297,49eb677b6b3a,2,test,0,9955_k
9955,l,13,35,290,3c6e44aa66ea,2,test,0,9955_l
9955,m,14,30,230,5502f0392517,2,test,0,9955_m
9955,n,15,219,1672,5608083271cf,2,test,0,9955_n
9955,o,16,240,1808,3c28ef71d610,2,test,0,9955_o
9955,p,17,188,1444,af31d56fddf6,2,test,0,9955_p
9955,q,18,148,1192,d6bce1b71baa,2,test,0,9955_q
9955,r,19,183,1400,dc8e24dd65b3,2,test,0,9955_r
9955,s,20,252,1914,8e02981308f8,2,test,0,9955_s
9955,t,21,30,247,92849edb0272,2,test,0,9955_t
9955,u,22,24,184,be8d05d4a840,2,test,0,9955_u
9955,v,23,32,224,990398a94a95,2,test,0,9955_v
9955,w,24,56,434,7040013605e4,2,test,0,9955_w
9955,x,25,35,242,477cdd20c210,2,test,0,9955_x
9955,y,26,221,1693,c9e29fb58315,2,test,0,9955_y
9955,z,27,61,458,250012073d66,2,test,0,9955_z
9958,A,0,147,1068,e1d6b774a9c5,1,train,0,9958_A
9958,B,1,345,2696,fe578db19a40,1,train,1,9958_B
9958,C,2,223,1684,7888a5a43249,1,train,0,9958_C
9958,D,3,66,554,d30e31e57565,1,train,0,9958_D
9958,E,4,66,558,67e4cdd65936,1,train,0,9958_E
9958,F,5,63,521,d6092fa5b238,1,train,0,9958_F
9958,G,6,72,569,540167dfc333,1,train,0,9958_G
9958,H,7,70,551,2a7d47728bf1,1,train,0,9958_H
9958,I,8,64,502,91046e50f0b4,1,train,0,9958_I
9958,J,9,83,680,81d9835a7394,1,train,0,9958_J
9958,K,10,70,590,543a26a44659,1,train,0,9958_K
9958,L,11,78,646,d27ab10fef91,1,train,0,9958_L
9958,M,12,74,589,b20897be05a0,1,train,0,9958_M
9958,N,13,73,580,5f9d744bd511,1,train,0,9958_N
9958,O,14,75,594,e8c40e4c646f,1,train,0,9958_O
9990,A,0,368,2836,3309f6ad7a6a,1,test,0,9990_A
9990,B,1,488,3697,2a6c1d00a846,1,test,0,9990_B
9990,C,2,120,971,4f29d6fe2bef,1,test,0,9990_C
9990,D,3,503,3889,5b1dad16f8ac,1,test,0,9990_D
9990,E,4,101,783,ba43d3a88032,1,test,0,9990_E
9990,F,5,639,4933,260d9c34952a,1,test,0,9990_F
9990,G,6,170,1286,0e534977c966,1,test,0,9990_G
9990,H,7,393,3177,015c7d252709,1,test,0,9990_H
9990,I,8,189,1516,8ff7721c88be,1,test,1,9990_I
9990,J,9,158,1292,5f172bc210ab,1,test,0,9990_J
9990,K,10,204,1584,4f8caf1f35b7,1,test,1,9990_K
9990,L,11,73,590,f56cef7ae759,1,test,0,9990_L
9990,M,12,111,885,f44d5de4f52e,1,test,0,9990_M
9990,N,13,145,1148,44ca9c2ebc45,1,test,0,9990_N
9990,O,14,68,538,1973d461ec46,1,test,0,9990_O
9990,P,15,41,321,05f8158c9ee4,1,test,0,9990_P
9990,Q,16,44,333,2f1c71aca002,1,test,0,9990_Q
9990,S,17,60,469,de8861d0e2ea,1,test,0,9990_S
9998,A,0,97,802,d2345e1fb2e1,2,train,0,9998_A
9998,B,1,80,641,b626d5fe0e55,1,train,0,9998_B
9998,C,2,107,825,a9bc7ae55f23,1,train,0,9998_C
9998,D,3,94,738,afd5c891ca7f,1,train,0,9998_D
9998,E,0,97,802,d2345e1fb2e1,2,train,0,9998_E
9998,F,4,78,622,065c0bc5516d,1,train,0,9998_F
9998,G,5,105,809,8a4693d713ef,1,train,0,9998_G
9998,H,6,95,742,cc37fac16832,1,train,0,9998_H
9998,K,7,181,1454,80e69b555941,1,train,0,9998_K
9998,N,8,352,2768,b9738a6594d4,1,train,0,9998_N
9998,O,9,76,603,220c47aa3f24,1,train,0,9998_O
9998,R,10,300,2326,6dc0bcba288f,1,train,0,9998_R
9998,T,11,176,1399,73ee3dab17c7,1,train,1,9998_T
10038,A,0,1464,11558,70090ab9236d,1,train,0,10038_A
10038,B,1,1180,9371,08e0b9571285,1,train,0,10038_B
10038,C,2,304,2418,395ffe9b4304,1,train,0,10038_C
10038,D,3,70,551,593f27c45575,1,train,0,10038_D
10038,E,4,215,1759,8ff8c02767d7,1,train,0,10038_E
10038,F,5,100,823,650995763bb6,1,train,0,10038_F
10038,G,6,199,1576,40612a8c9314,1,train,0,10038_G
10038,H,7,134,1072,11b065b0911b,1,train,0,10038_H
10038,I,8,124,942,ca5f6ccb2593,1,train,0,10038_I
10038,J,9,69,569,f996cfba8e05,1,train,0,10038_J
10038,K,10,103,810,f594e0a46e94,1,train,1,10038_K
10038,L,11,45,359,7aa8e59e119c,1,train,0,10038_L
10038,M,12,392,3100,c7d10da23d28,1,train,0,10038_M
10038,N,13,139,1103,ee839ea758f3,1,train,0,10038_N
10038,O,14,499,4086,021bf7a4da77,1,train,0,10038_O
10038,Q,15,477,3936,e4dd9dbe436f,1,train,0,10038_Q
10038,R,16,330,2771,71231687ce5f,1,train,0,10038_R
10038,S,17,610,4963,0202cb163ea7,1,train,0,10038_S
10044,A,0,270,2140,8cd7daf34226,2,train,1,10044_A
10044,B,1,252,2016,8bc7cf778ba0,2,train,0,10044_B
10044,C,2,193,1520,8b6fbda104cd,2,train,0,10044_C
10044,D,3,207,1643,98150ad807d4,2,train,0,10044_D
10044,E,4,47,378,2eed4938736d,2,train,0,10044_E
10044,F,5,69,566,09ff10b8e6a7,2,train,0,10044_F
10044,I,0,270,2140,8cd7daf34226,2,train,0,10044_I
10044,J,1,252,2016,8bc7cf778ba0,2,train,0,10044_J
10044,K,2,193,1520,8b6fbda104cd,2,train,0,10044_K
10044,L,3,207,1643,98150ad807d4,2,train,0,10044_L
10044,M,4,47,378,2eed4938736d,2,train,0,10044_M
10044,N,5,69,566,09ff10b8e6a7,2,train,0,10044_N
10069,A,0,99,817,bfc9c298fe18,1,train,0,10069_A
10069,B,1,82,657,860fc5991ef2,1,train,0,10069_B
10069,C,2,107,823,40fb0645ee4d,2,train,1,10069_C
10069,D,3,94,736,e8bb8abbe73c,2,train,0,10069_D
10069,E,4,97,801,ef8f4963f6ab,1,train,0,10069_E
10069,F,5,86,694,6b7be9b926ea,1,train,0,10069_F
10069,G,2,107,823,40fb0645ee4d,2,train,0,10069_G
10069,H,3,94,736,e8bb8abbe73c,2,train,0,10069_H
10069,K,6,86,710,7209895d1f13,1,train,0,10069_K
10073,C,0,271,2082,dc0ca816fa2a,1,val,0,10073_C
10073,D,1,209,1565,3949dea42f5c,1,val,1,10073_D
10073,E,2,201,1552,59baeb04bdd4,1,val,0,10073_E
10073,F,3,177,1410,020a5720fed5,1,val,0,10073_F
10073,G,4,176,1323,77e24bd37b87,1,val,0,10073_G
10073,H,5,149,1110,f9a0c8f4bba5,1,val,0,10073_H
10073,I,6,125,946,0036af4c4571,1,val,0,10073_I
10073,J,7,134,979,6cf787d0b68e,1,val,0,10073_J
10073,K,8,142,1129,cfbedf730201,1,val,0,10073_K
10073,L,9,123,946,3eb0333c4afa,1,val,0,10073_L
10073,M,10,144,1053,00ba63904ba0,1,val,0,10073_M
10073,N,11,136,1074,6334c138321d,1,val,0,10073_N
10073,O,12,125,993,7cac24f04dc2,1,val,0,10073_O
10073,P,13,117,900,2e38524a23d7,1,val,0,10073_P
10073,Q,14,114,917,f2f735ce1e57,1,val,0,10073_Q
10073,R,15,117,947,6b8dfeb549bf,1,val,0,10073_R
10073,S,16,103,816,b3eb9333aa66,1,val,0,10073_S
10073,T,17,110,857,c4e9259c84c1,1,val,0,10073_T
10073,U,18,92,730,8eabc8843dbb,1,val,0,10073_U
10073,V,19,102,779,b52fee32a842,1,val,0,10073_V
10073,W,20,94,753,f168559556cf,1,val,0,10073_W
10073,X,21,76,580,b9fa0cd958ea,1,val,0,10073_X
10073,Y,22,77,625,29a1aee1fff6,1,val,0,10073_Y
10073,Z,23,62,501,4c6c48e026d9,1,val,0,10073_Z
10073,a,24,58,449,f8d3ad4d81e1,1,val,0,10073_a
10073,b,25,56,444,20662074c6dc,1,val,0,10073_b
10073,c,26,51,414,4db3d65547bc,1,val,0,10073_c
10073,d,27,46,377,917fd91fa1d1,1,val,0,10073_d
10073,e,28,64,504,e262703728ed,1,val,0,10073_e
10073,f,29,38,302,43ab24acc3be,1,val,0,10073_f
10073,h,30,838,6672,bb2211b9b228,1,val,0,10073_h
10073,k,31,57,374,390a820dd8cb,1,val,0,10073_k
10110,A,0,656,5313,c63913886aa2,1,train,0,10110_A
10110,B,1,33,258,7a5dcbe7d5d7,1,train,0,10110_B
10110,C,2,78,634,5970c4b6c6ab,1,train,1,10110_C
10110,D,3,110,862,f0dc933d5c18,1,train,0,10110_D
10110,E,4,560,4179,bad2c2ab937d,1,train,0,10110_E
10110,F,5,241,1919,4ffc06ed0ee1,1,train,0,10110_F
10110,G,6,411,3238,c12e7c016f38,1,train,0,10110_G
10110,H,7,108,845,ce1f553ad729,1,train,0,10110_H
10121,A,0,238,1857,8e7555a6657a,1,val,0,10121_A
10121,B,1,238,1863,a02791ba4d04,1,val,0,10121_B
10121,F,2,236,1845,36faa585263f,1,val,0,10121_F
10121,G,3,244,1875,9106946594a8,1,val,1,10121_G
10123,A,0,186,1437,ff68f68d7a19,3,train,0,10123_A
10123,B,1,110,858,db4a24219484,3,train,0,10123_B
10123,C,0,186,1437,ff68f68d7a19,3,train,0,10123_C
10123,D,1,110,858,db4a24219484,3,train,0,10123_D
10123,E,0,186,1437,ff68f68d7a19,3,train,0,10123_E
10123,F,1,110,858,db4a24219484,3,train,0,10123_F
10123,H,2,116,885,9a157c8a55ab,3,train,1,10123_H
10123,L,3,110,814,0417937d7a23,3,train,0,10123_L
10123,O,3,110,814,0417937d7a23,3,train,0,10123_O
10123,P,2,116,885,9a157c8a55ab,3,train,0,10123_P
10123,U,3,110,814,0417937d7a23,3,train,0,10123_U
10123,Y,2,116,885,9a157c8a55ab,3,train,0,10123_Y
10184,A,0,1034,7855,278cf334aba4,1,test,0,10184_A
10184,B,1,1033,7849,dabcbd42daa4,2,test,0,10184_B
10184,C,1,1033,7849,dabcbd42daa4,2,test,0,10184_C
10184,D,2,156,1177,58b9b70c7e75,1,test,1,10184_D
10184,E,3,152,1151,f6f98210d671,1,test,0,10184_E
10205,A,0,174,1425,aa9549ac1240,1,val,1,10205_A
10216,B,0,1129,9047,b3ec3f82fe53,1,test,0,10216_B
10216,C,1,1121,9078,38a9d91481d5,1,test,0,10216_C
10216,D,2,597,4603,aac83799589b,1,test,1,10216_D
10236,1,0,197,1501,daad61468023,1,train,0,10236_1
10236,2,1,208,1609,68f3d10adf03,1,train,0,10236_2
10236,3,2,228,1740,29a9a448abf8,1,train,0,10236_3
10236,4,3,211,1637,5290f8817f3a,1,train,0,10236_4
10236,5,4,202,1525,cbc3ba201e8a,1,train,0,10236_5
10236,6,5,178,1378,85127a7cd759,1,train,0,10236_6
10236,A,6,740,5808,5837cb020edf,1,train,0,10236_A
10236,B,7,733,5808,486fc26b4b16,1,train,0,10236_B
10236,C,8,80,600,9a956eb3f370,1,train,0,10236_C
10236,D,9,143,1134,6a86aad3729b,1,train,0,10236_D
10236,E,10,64,515,de168fb67192,1,train,0,10236_E
10236,F,11,162,1278,2f103763412e,1,train,0,10236_F
10236,G,12,101,773,d8e89063283d,1,train,1,10236_G
10236,H,13,92,704,ffafdaa6d843,1,train,0,10236_H
10236,I,14,39,301,f9896d7dc069,1,train,0,10236_I
10236,J,15,41,327,7167a6931072,1,train,0,10236_J
10236,K,16,84,573,85d79184f605,1,train,0,10236_K
10236,L,17,155,1137,cf691cdd99ed,1,train,0,10236_L
10236,O,18,86,684,7dba47bc72c9,1,train,0,10236_O
10280,1,0,31,232,e970c3648080,1,val,0,10280_1
10280,2,1,53,423,3844860de571,1,val,0,10280_2
10280,3,2,50,418,04ce9aa0124d,1,val,0,10280_3
10280,4,3,44,365,1cd9b30ee53f,1,val,0,10280_4
10280,5,4,63,506,001ac7f6b304,1,val,0,10280_5
10280,6,5,38,303,ba845a57ebe6,1,val,0,10280_6
10280,C,6,271,2048,6b7dfae8534a,1,val,0,10280_C
10280,D,7,207,1549,b82d94cb7569,1,val,0,10280_D
10280,E,8,199,1509,42fb7b0e5c0d,1,val,0,10280_E
10280,F,9,174,1278,b2d7e166b474,1,val,0,10280_F
10280,G,10,169,1264,00f22138f6cc,1,val,0,10280_G
10280,H,11,78,577,5d8601660dbb,1,val,0,10280_H
10280,I,12,140,1026,7aed3e737f6c,1,val,0,10280_I
10280,J,13,141,1122,a9f6dd9e9ac1,1,val,0,10280_J
10280,K,14,120,922,bf85114bd784,1,val,0,10280_K
10280,L,15,143,1055,c313bd53536d,1,val,0,10280_L
10280,M,16,135,1069,e5552489d13c,1,val,0,10280_M
10280,N,17,118,945,9f2e94775dc7,1,val,0,10280_N
10280,O,18,115,881,071020de13a8,1,val,0,10280_O
10280,P,19,113,891,b43694f58d09,1,val,0,10280_P
10280,Q,20,117,936,9a514b4a760b,1,val,0,10280_Q
10280,R,21,102,801,d045449e5b5f,1,val,1,10280_R
10280,S,22,109,825,9ae76186db61,1,val,0,10280_S
10280,T,23,92,701,6d0cc93f44df,1,val,0,10280_T
10280,U,24,103,801,693f0faf1170,1,val,1,10280_U
10280,V,25,188,1397,e5b61c0be21c,1,val,0,10280_V
10280,W,26,76,574,0850f3b6ae5a,1,val,0,10280_W
10280,X,27,77,626,fcb801a9fccc,1,val,0,10280_X
10280,Y,28,60,468,ee81ff2b53e9,1,val,0,10280_Y
10280,Z,29,57,445,a7068860f3b6,1,val,0,10280_Z
10281,b,0,221,1728,bafc463b80ff,1,val,0,10281_b
10281,c,1,203,1609,8f6a85fb4f7f,1,val,0,10281_c
10281,d,2,204,1596,af3289a88cc5,1,val,0,10281_d
10281,e,3,149,1092,7b2bc2c7330b,1,val,0,10281_e
10281,f,4,100,802,b866c39f5540,1,val,0,10281_f
10281,g,5,154,1190,f3fc358a7cfb,1,val,0,10281_g
10281,h,6,123,915,d444a6102578,1,val,0,10281_h
10281,i,7,126,994,813f964d61f8,1,val,0,10281_i
10281,j,8,96,763,fc3cb3ee7a84,1,val,0,10281_j
10281,k,9,115,828,841e36f6ce3c,1,val,1,10281_k
10281,l,10,113,893,339cb0e9c543,1,val,0,10281_l
10281,m,11,109,847,380e943eb9a0,1,val,0,10281_m
10281,n,12,98,776,7d888eb77545,1,val,0,10281_n
10281,o,13,86,686,33d6b0fbc20c,1,val,0,10281_o
10281,p,14,78,606,2b1feab586ff,1,val,0,10281_p
10281,q,15,76,619,23093b84d8a3,1,val,0,10281_q
10281,r,16,56,443,e075e20cbd6e,1,val,0,10281_r
10281,s,17,80,635,2421bee4768b,1,val,0,10281_s
10281,t,18,85,653,6f9f5bf9c0f9,1,val,0,10281_t
10281,u,19,34,295,096273bfcb69,1,val,0,10281_u
10282,1,0,31,232,e970c3648080,1,val,0,10282_1
10282,2,1,53,423,3844860de571,1,val,0,10282_2
10282,3,2,50,418,04ce9aa0124d,1,val,0,10282_3
10282,4,3,44,365,1cd9b30ee53f,1,val,0,10282_4
10282,5,4,63,506,001ac7f6b304,1,val,0,10282_5
10282,6,5,38,307,ba845a57ebe6,1,val,0,10282_6
10282,C,6,271,2067,6b7dfae8534a,1,val,0,10282_C
10282,D,7,207,1557,b82d94cb7569,1,val,0,10282_D
10282,E,8,199,1516,42fb7b0e5c0d,1,val,0,10282_E
10282,F,9,175,1402,043762267606,1,val,0,10282_F
10282,G,10,173,1308,a21330ca5364,1,val,0,10282_G
10282,H,11,147,1086,5ae2236eb9d7,1,val,0,10282_H
10282,I,12,140,1026,7aed3e737f6c,1,val,0,10282_I
10282,J,13,141,1122,a9f6dd9e9ac1,1,val,0,10282_J
10282,K,14,120,922,bf85114bd784,1,val,0,10282_K
10282,L,15,143,1058,c313bd53536d,1,val,0,10282_L
10282,M,16,135,1069,e5552489d13c,1,val,1,10282_M
10282,N,17,118,945,9f2e94775dc7,1,val,0,10282_N
10282,O,18,115,881,071020de13a8,1,val,0,10282_O
10282,P,19,113,894,b43694f58d09,1,val,0,10282_P
10282,Q,20,117,936,9a514b4a760b,1,val,0,10282_Q
10282,R,21,103,822,46720d39f85a,1,val,0,10282_R
10282,S,22,109,825,9ae76186db61,1,val,0,10282_S
10282,T,23,92,701,fc4f984fe53b,1,val,0,10282_T
10282,U,24,103,801,693f0faf1170,1,val,0,10282_U
10282,V,25,188,1405,e5b61c0be21c,1,val,1,10282_V
10282,W,26,76,574,0850f3b6ae5a,1,val,0,10282_W
10282,X,27,77,630,fcb801a9fccc,1,val,0,10282_X
10282,Y,28,60,476,ee81ff2b53e9,1,val,0,10282_Y
10282,Z,29,57,445,a7068860f3b6,1,val,0,10282_Z
10322,0,0,36,343,5ca43cfb7fcb,1,test,0,10322_0
10322,3,1,123,941,4c320c405f6c,1,test,0,10322_3
10322,6,2,95,777,4a5afda77b84,1,test,0,10322_6
10322,7,3,414,3213,9714e642cf5f,1,test,0,10322_7
10322,8,4,129,1033,af44d3573d96,1,test,0,10322_8
10322,9,5,254,2033,6475e0125372,1,test,0,10322_9
10322,A,6,188,1533,5817201a4c32,1,test,0,10322_A
10322,B,7,196,1571,35aa26118a1f,1,test,0,10322_B
10322,C,8,61,482,0b536c929228,1,test,0,10322_C
10322,D,9,175,1470,5a78efd4df68,1,test,0,10322_D
10322,E,10,242,1983,6aa109454300,1,test,0,10322_E
10322,F,11,229,1808,5b307e189c02,1,test,0,10322_F
10322,G,12,124,977,8e9059f53a3c,1,test,0,10322_G
10322,H,13,213,1720,91e7ea289e5a,1,test,0,10322_H
10322,I,14,129,1034,85b554b8d984,1,test,1,10322_I
10322,J,15,126,996,2a686acab580,1,test,0,10322_J
10322,K,16,134,1065,176f04879de6,1,test,0,10322_K
10322,L,17,101,817,46333c66aeb3,1,test,0,10322_L
10322,M,18,128,964,68faef849266,1,test,0,10322_M
10322,N,19,146,1148,7c62f5f27da6,1,test,1,10322_N
10322,O,20,143,1151,6b86fbe5cb79,1,test,0,10322_O
10322,P,21,55,455,b0cd22c25869,1,test,0,10322_P
10322,Q,22,152,1262,a470ffbbd045,1,test,0,10322_Q
10322,R,23,109,900,a646bc130351,1,test,0,10322_R
10322,S,24,66,558,6c57654fd09b,1,test,0,10322_S
10322,T,25,130,1057,face39df84d5,1,test,0,10322_T
10322,U,26,149,1223,e3b23d1cf7d5,1,test,0,10322_U
10322,V,27,94,790,55cf2913e00a,1,test,0,10322_V
10322,W,28,63,481,103e6ffa3968,1,test,0,10322_W
10322,X,29,67,536,dc80d73ade46,1,test,0,10322_X
10322,Y,30,50,408,54bd2047d1a8,1,test,0,10322_Y
10322,Z,31,197,1550,42efe289f68f,1,test,0,10322_Z
10333,1,0,436,3508,4381a3b60774,1,train,0,10333_1
10333,4,1,217,1783,90b4a0e272bb,1,train,1,10333_4
10333,5,2,789,6417,ec04afadccd1,1,train,0,10333_5
10333,8,3,325,2676,67f046d69a24,1,train,0,10333_8
10333,9,4,109,897,20b3995422e0,1,train,0,10333_9
10412,B,0,224,1891,fddab750e755,1,train,0,10412_B
10412,C,1,214,1774,92587fcd5812,1,train,0,10412_C
10412,D,2,566,4474,301f2e261d78,1,train,1,10412_D
10412,E,3,433,3441,e2d68dcaab7e,1,train,0,10412_E
10412,F,4,111,902,aec1bb7d6369,1,train,0,10412_F
10412,G,5,140,1108,e8b40597b5a4,1,train,0,10412_G
10412,H,6,227,1803,17e78866cd8a,1,train,0,10412_H
10412,I,7,173,1351,a081ce5c9d7f,1,train,0,10412_I
10412,K,8,279,2258,bcd5f4d5e3be,1,train,0,10412_K
10412,Q,9,84,675,17c0364a05ff,1,train,0,10412_Q
10412,T,10,3513,28729,f45c8918ccd7,1,train,0,10412_T
10412,U,11,83,415,3da1e7b5188c,1,train,0,10412_U
10415,A,0,97,802,d2345e1fb2e1,1,train,0,10415_A
10415,B,1,83,662,30d05b67c961,1,train,0,10415_B
10415,C,2,103,795,87f4f1ec0f09,1,train,0,10415_C
10415,D,3,95,745,ac4b48337109,1,train,0,10415_D
10415,E,4,96,791,745bebb8ce8d,1,train,0,10415_E
10415,F,5,78,619,d61224934de3,1,train,0,10415_F
10415,G,6,105,809,02d5bfea0f44,1,train,0,10415_G
10415,H,7,93,726,dc4af31039f1,1,train,1,10415_H
10415,K,8,445,3560,cfe47f2612fa,1,train,0,10415_K
10415,L,9,89,719,1995ff107c69,1,train,0,10415_L
10415,M,10,90,718,d58bbb7a2beb,1,train,0,10415_M
10415,N,11,82,663,a76ca18fe535,1,train,0,10415_N
10415,O,12,76,601,7686da798a68,1,train,0,10415_O
10462,A,0,245,1861,0c9dad0561ef,2,train,0,10462_A
10462,B,1,229,1753,28e0efc80713,2,train,0,10462_B
10462,C,2,272,2155,3a841dd67fb6,2,train,0,10462_C
10462,D,3,240,1882,c96ec8ac0d26,2,train,0,10462_D
10462,E,4,235,1802,5852ee4a6fb1,2,train,0,10462_E
10462,F,5,238,1869,63cf9f70fb10,2,train,0,10462_F
10462,G,6,230,1741,275ed0a220b1,2,train,0,10462_G
10462,H,7,229,1709,07708c4ff5b2,2,train,0,10462_H
10462,I,8,219,1659,43c76414cf04,2,train,0,10462_I
10462,J,9,204,1557,e53fc0ff0f4f,2,train,0,10462_J
10462,K,10,206,1612,1b7689db18fa,2,train,0,10462_K
10462,L,11,202,1577,be8815048924,2,train,0,10462_L
10462,M,12,214,1702,84899dbdffc5,2,train,0,10462_M
10462,N,13,218,1712,e30f43f4e410,2,train,1,10462_N
10462,a,0,245,1861,0c9dad0561ef,2,train,0,10462_a
10462,b,1,229,1753,28e0efc80713,2,train,0,10462_b
10462,c,2,272,2155,3a841dd67fb6,2,train,0,10462_c
10462,d,3,240,1882,c96ec8ac0d26,2,train,0,10462_d
10462,e,4,235,1802,5852ee4a6fb1,2,train,0,10462_e
10462,f,5,238,1869,63cf9f70fb10,2,train,0,10462_f
10462,g,6,230,1741,275ed0a220b1,2,train,0,10462_g
10462,h,7,229,1709,07708c4ff5b2,2,train,0,10462_h
10462,i,8,219,1659,43c76414cf04,2,train,0,10462_i
10462,j,9,204,1557,e53fc0ff0f4f,2,train,0,10462_j
10462,k,10,206,1612,1b7689db18fa,2,train,0,10462_k
10462,l,11,202,1577,be8815048924,2,train,0,10462_l
10462,m,12,214,1702,84899dbdffc5,2,train,0,10462_m
10462,n,13,218,1712,e30f43f4e410,2,train,0,10462_n
10463,A,0,245,1861,0c9dad0561ef,2,test,0,10463_A
10463,B,1,229,1753,28e0efc80713,2,test,0,10463_B
10463,C,2,272,2155,3a841dd67fb6,2,test,0,10463_C
10463,D,3,240,1882,c96ec8ac0d26,2,test,0,10463_D
10463,E,4,235,1802,5852ee4a6fb1,2,test,0,10463_E
10463,F,5,238,1869,63cf9f70fb10,2,test,0,10463_F
10463,G,6,230,1741,275ed0a220b1,2,test,0,10463_G
10463,H,7,229,1709,07708c4ff5b2,2,test,1,10463_H
10463,I,8,219,1659,43c76414cf04,2,test,0,10463_I
10463,J,9,204,1557,e53fc0ff0f4f,2,test,0,10463_J
10463,K,10,206,1612,1b7689db18fa,2,test,0,10463_K
10463,L,11,201,1573,e32951bf856d,2,test,1,10463_L
10463,M,12,214,1702,84899dbdffc5,2,test,0,10463_M
10463,N,13,218,1712,e30f43f4e410,2,test,0,10463_N
10463,a,0,245,1861,0c9dad0561ef,2,test,0,10463_a
10463,b,1,229,1753,28e0efc80713,2,test,0,10463_b
10463,c,2,272,2155,3a841dd67fb6,2,test,0,10463_c
10463,d,3,240,1882,c96ec8ac0d26,2,test,0,10463_d
10463,e,4,235,1802,5852ee4a6fb1,2,test,0,10463_e
10463,f,5,238,1869,63cf9f70fb10,2,test,0,10463_f
10463,g,6,230,1741,275ed0a220b1,2,test,0,10463_g
10463,h,7,229,1709,07708c4ff5b2,2,test,0,10463_h
10463,i,8,219,1659,43c76414cf04,2,test,0,10463_i
10463,j,9,204,1557,e53fc0ff0f4f,2,test,0,10463_j
10463,k,10,206,1612,1b7689db18fa,2,test,0,10463_k
10463,l,11,201,1573,e32951bf856d,2,test,0,10463_l
10463,m,12,214,1702,84899dbdffc5,2,test,0,10463_m
10463,n,13,218,1712,e30f43f4e410,2,test,0,10463_n
10472,A,0,527,4100,40df2a81825b,1,train,0,10472_A
10472,B,1,526,4095,6db0cfade0b9,1,train,0,10472_B
10472,C,2,530,4127,a8413bb3725a,1,train,0,10472_C
10472,D,3,487,3678,a24391f5af6a,3,train,0,10472_D
10472,E,3,487,3678,a24391f5af6a,3,train,0,10472_E
10472,F,3,487,3678,a24391f5af6a,3,train,0,10472_F
10472,G,4,303,2436,d1397e45a6b8,1,train,0,10472_G
10472,H,5,160,1246,261c39991daf,1,train,0,10472_H
10472,I,6,66,536,2144844e3ff7,1,train,0,10472_I
10472,J,7,170,1302,249d4c9687f9,3,train,0,10472_J
10472,K,7,170,1302,249d4c9687f9,3,train,0,10472_K
10472,L,7,170,1302,249d4c9687f9,3,train,0,10472_L
10472,M,8,243,1893,ba78cb3df9e4,1,train,1,10472_M
10472,N,9,49,403,0924eb2cd126,1,train,0,10472_N
10472,O,10,81,580,03fb41d5bb6c,10,train,0,10472_O
10472,P,10,81,580,03fb41d5bb6c,10,train,0,10472_P
10472,Q,10,81,580,03fb41d5bb6c,10,train,0,10472_Q
10472,R,10,81,580,03fb41d5bb6c,10,train,0,10472_R
10472,S,10,81,580,03fb41d5bb6c,10,train,0,10472_S
10472,T,10,81,580,03fb41d5bb6c,10,train,0,10472_T
10472,U,10,81,580,03fb41d5bb6c,10,train,0,10472_U
10472,V,10,81,580,03fb41d5bb6c,10,train,0,10472_V
10472,W,10,81,580,03fb41d5bb6c,10,train,0,10472_W
10472,X,10,81,580,03fb41d5bb6c,10,train,0,10472_X
10472,c,11,50,421,2ec5a941b622,1,train,0,10472_c
10472,h,12,48,390,581af1bdd07b,1,train,0,10472_h
10480,A,0,1424,11234,ded26405ee64,1,train,0,10480_A
10480,B,1,1122,8980,2c2a7c45f18f,1,train,0,10480_B
10480,C,2,258,2072,c320e0b203e3,1,train,0,10480_C
10480,D,3,126,1004,928ba89aa6ab,1,train,0,10480_D
10480,E,4,209,1720,de37ac4481b5,1,train,1,10480_E
10480,F,5,78,626,67b677caa99b,1,train,0,10480_F
10480,G,6,171,1333,1da34b209f2e,1,train,0,10480_G
10480,H,7,149,1197,fd44f44fcba9,1,train,0,10480_H
10480,I,8,116,942,b8a4bbb3dfe6,1,train,0,10480_I
10480,J,9,66,524,9dc80bd5775a,1,train,0,10480_J
10480,K,10,115,920,21a801b62f2d,1,train,0,10480_K
10480,L,11,47,390,ea791ea73879,1,train,0,10480_L
10480,M,12,1002,4737,1405d26a75e9,1,train,0,10480_M
10480,Q,13,890,7226,df3e43dcf062,1,train,0,10480_Q
10480,R,14,244,1832,26bf16675832,1,train,0,10480_R
10480,U,15,125,852,31f03093b2f7,1,train,0,10480_U
10480,V,16,244,1703,9c623b92f6b3,1,train,0,10480_V
10480,W,17,300,2333,d0df0feaa3e2,1,train,0,10480_W
10480,X,18,43,353,64c852ce2463,1,train,0,10480_X
10480,Y,19,116,911,71eb0f558121,1,train,0,10480_Y
10480,Z,20,509,4012,d292e42bad00,1,train,0,10480_Z
10519,B,0,195,1571,3544085266d4,1,train,0,10519_B
10519,C,1,193,1526,1ba44721e067,1,train,0,10519_C
10519,D,2,184,1520,426c526a7501,1,train,0,10519_D
10519,E,3,178,1476,4647937dc672,1,train,0,10519_E
10519,F,4,241,1963,3fb7b8ca0000,1,train,0,10519_F
10519,G,5,220,1721,74202336dccd,1,train,1,10519_G
10519,H,6,125,961,de847f1d3d92,1,train,0,10519_H
10519,I,7,214,1704,c008947625bc,1,train,0,10519_I
10519,J,8,129,1022,4551eb891159,1,train,0,10519_J
10519,K,9,126,997,754a6de0cb61,1,train,0,10519_K
10519,L,10,132,1040,08d0a47fc54b,1,train,0,10519_L
10519,M,11,102,819,bd00caa5629a,1,train,0,10519_M
10519,N,12,133,1005,aa8e4bf2d676,1,train,0,10519_N
10519,O,13,144,1131,401070701b72,1,train,0,10519_O
10519,P,14,136,1109,dbf1bed9bdc7,1,train,0,10519_P
10519,Q,15,56,459,348b856d05d0,1,train,0,10519_Q
10519,R,16,151,1225,69e9ab660f11,1,train,0,10519_R
10519,S,17,111,913,e320ae74b1e7,1,train,0,10519_S
10519,T,18,64,540,dc9ab8e236a9,1,train,0,10519_T
10519,U,19,115,949,b4faaca01628,1,train,0,10519_U
10519,V,20,149,1218,c495a170c514,1,train,0,10519_V
10519,W,21,56,435,6c4099753f72,1,train,0,10519_W
10519,X,22,97,799,cb3a76037cc7,1,train,0,10519_X
10519,Y,23,63,475,79a972bf0b20,1,train,0,10519_Y
10519,Z,24,50,417,a5a53a2dd83f,1,train,0,10519_Z
10519,a,25,66,514,7dc7784a78ee,1,train,0,10519_a
10519,b,26,123,936,bda403c3a685,1,train,0,10519_b
10519,c,27,37,351,2dcf6178e85a,1,train,0,10519_c
10519,d,28,582,4622,bb34dbe5b5ce,1,train,0,10519_d
10522,A,0,109,852,d304f4d0fa17,1,train,1,10522_A
10522,B,1,246,1956,b3c61d31e140,1,train,0,10522_B
10522,C,2,20,160,d873889d66a9,1,train,0,10522_C
10522,G,3,180,1415,27d8297662d1,1,train,0,10522_G
10522,R,4,50,381,9c1ceb06cae0,1,train,0,10522_R
10528,A,0,546,4163,0d52ab5eb673,6,train,1,10528_A
10528,B,1,541,4141,b09ba7c1be12,8,train,0,10528_B
10528,C,0,546,4163,0d52ab5eb673,6,train,0,10528_C
10528,D,1,541,4141,b09ba7c1be12,8,train,0,10528_D
10528,E,0,546,4163,0d52ab5eb673,6,train,0,10528_E
10528,F,1,541,4141,b09ba7c1be12,8,train,0,10528_F
10528,G,1,541,4141,b09ba7c1be12,8,train,0,10528_G
10528,H,0,546,4163,0d52ab5eb673,6,train,0,10528_H
10528,I,1,541,4141,b09ba7c1be12,8,train,0,10528_I
10528,J,0,546,4163,0d52ab5eb673,6,train,0,10528_J
10528,K,1,541,4141,b09ba7c1be12,8,train,0,10528_K
10528,L,0,546,4163,0d52ab5eb673,6,train,0,10528_L
10528,M,1,541,4141,b09ba7c1be12,8,train,0,10528_M
10528,N,1,541,4141,b09ba7c1be12,8,train,0,10528_N
10535,H,0,132,1063,3f3105a3d17a,1,train,0,10535_H
10535,I,1,134,1079,c125f62c68ac,1,train,0,10535_I
10535,W,2,275,2110,936f4648fdf3,1,train,0,10535_W
10535,X,3,207,1574,4cb3ef7a6d88,1,train,0,10535_X
10535,Y,4,205,1560,3a5542f4e0b9,1,train,0,10535_Y
10535,Z,5,178,1403,6f786a4007d0,1,train,1,10535_Z
10535,a,6,175,1341,60454cff4fef,1,train,0,10535_a
10535,b,7,123,955,fac85cc69bae,1,train,0,10535_b
10535,c,8,142,1122,a36592e1b6b6,1,train,0,10535_c
10535,d,9,122,919,1ac431f7fc25,1,train,0,10535_d
10535,e,10,146,1080,589600411892,1,train,0,10535_e
10535,f,11,138,1096,2a563dabf5f5,1,train,0,10535_f
10535,g,12,119,952,129e6932f02b,1,train,0,10535_g
10535,h,13,120,911,38140c6b5d71,1,train,0,10535_h
10535,i,14,114,935,c13356c50d35,1,train,0,10535_i
10535,j,15,117,939,0e4e48792241,1,train,1,10535_j
10535,k,16,101,785,5ea5b7503c10,1,train,1,10535_k
10535,l,17,109,841,dce378a57519,1,train,0,10535_l
10535,m,18,93,751,1b566f897a45,1,train,0,10535_m
10535,n,19,101,761,b225c81f5878,1,train,0,10535_n
10535,o,20,82,629,97a27f1571f8,1,train,0,10535_o
10535,p,21,54,425,c93d5ae5a109,1,train,0,10535_p
10535,q,22,48,400,962d0d8a6849,1,train,0,10535_q
10535,r,23,44,366,f83017b248b3,1,train,0,10535_r
10535,s,24,64,511,8e1bfcff7ab1,1,train,0,10535_s
10535,t,25,36,287,4293e8d18bb3,1,train,0,10535_t
10535,u,26,58,443,af2cab34a8fb,1,train,0,10535_u
10535,v,27,65,529,0357e2e3d9a5,1,train,0,10535_v
10535,w,28,58,454,9c39b8a50df4,1,train,0,10535_w
10536,A,0,1583,11990,fc297dc49216,1,train,0,10536_A
10536,B,1,84,644,c46f7d32d4eb,1,train,0,10536_B
10536,C,2,524,4306,e6f33fa30cb8,1,train,0,10536_C
10536,D,3,55,436,105a3b35c11a,1,train,0,10536_D
10536,E,4,56,450,2a4f11c1c67d,1,train,0,10536_E
10536,F,5,460,3618,537594c4949f,1,train,0,10536_F
10536,G,6,25,220,8a4d30582bf3,1,train,0,10536_G
10536,H,7,488,3879,6b356ab0be6b,1,train,0,10536_H
10536,I,8,723,5634,73717c48ba31,1,train,0,10536_I
10536,J,9,504,4053,731c889f076f,1,train,0,10536_J
10536,K,10,493,3988,95d80782bd93,1,train,0,10536_K
10536,L,11,182,1435,e30ad7450c04,1,train,0,10536_L
10536,M,12,59,481,d990bbd29d88,1,train,0,10536_M
10536,N,13,672,5313,a19a355f31d7,1,train,1,10536_N
10536,O,14,688,5400,5b7b24012c04,1,train,1,10536_O
10536,P,15,492,4046,decc03c098e6,1,train,0,10536_P
10536,W,16,26,218,e724f0d165b4,1,train,0,10536_W
10536,X,17,484,3767,1f6201148293,1,train,0,10536_X
10536,Y,18,496,3862,c80391d91908,1,train,0,10536_Y
10541,A,0,360,2725,da1cf6903ab9,1,train,0,10541_A
10541,B,1,182,1372,5e0dfcfedf7a,1,train,1,10541_B
10543,A,0,69,548,2dbe9ba9506e,1,val,0,10543_A
10543,B,1,183,1425,0c32715b60e4,1,val,0,10543_B
10543,W,2,275,2111,936f4648fdf3,1,val,0,10543_W
10543,X,3,207,1575,4cb3ef7a6d88,1,val,1,10543_X
10543,Y,4,205,1561,3a5542f4e0b9,1,val,0,10543_Y
10543,Z,5,178,1404,6f786a4007d0,1,val,0,10543_Z
10543,a,6,175,1342,60454cff4fef,1,val,0,10543_a
10543,b,7,123,955,fac85cc69bae,1,val,0,10543_b
10543,c,8,142,1124,a36592e1b6b6,1,val,0,10543_c
10543,d,9,122,921,1ac431f7fc25,1,val,0,10543_d
10543,e,10,146,1082,589600411892,1,val,0,10543_e
10543,f,11,138,1097,2a563dabf5f5,1,val,0,10543_f
10543,g,12,119,954,129e6932f02b,1,val,0,10543_g
10543,h,13,120,913,38140c6b5d71,1,val,0,10543_h
10543,i,14,114,937,c13356c50d35,1,val,0,10543_i
10543,j,15,117,940,0e4e48792241,1,val,0,10543_j
10543,k,16,101,787,5ea5b7503c10,1,val,0,10543_k
10543,l,17,109,842,dce378a57519,1,val,0,10543_l
10543,m,18,93,752,1b566f897a45,1,val,0,10543_m
10543,n,19,101,762,b225c81f5878,1,val,0,10543_n
10543,o,20,82,630,97a27f1571f8,1,val,0,10543_o
10543,p,21,54,426,c93d5ae5a109,1,val,0,10543_p
10543,q,22,48,401,962d0d8a6849,1,val,0,10543_q
10543,r,23,44,368,f83017b248b3,1,val,0,10543_r
10543,s,24,64,512,8e1bfcff7ab1,1,val,0,10543_s
10543,t,25,36,289,4293e8d18bb3,1,val,0,10543_t
10543,u,26,58,444,af2cab34a8fb,1,val,0,10543_u
10543,v,27,65,530,0357e2e3d9a5,1,val,0,10543_v
10543,w,28,58,456,9c39b8a50df4,1,val,0,10543_w
10558,0,0,152,1124,74a4437fb448,3,train,0,10558_0
10558,1,1,746,5826,57a30d42c9e3,3,train,0,10558_1
10558,2,2,740,5894,59dbe8ff585f,3,train,0,10558_2
10558,3,3,80,598,48e3d1be7d90,3,train,1,10558_3
10558,4,4,138,1075,35a3b7e3c065,3,train,0,10558_4
10558,5,5,70,546,763eb07174e4,3,train,0,10558_5
10558,6,6,141,1065,b18cf65fe79d,3,train,0,10558_6
10558,7,7,37,293,7d9a32088592,3,train,0,10558_7
10558,8,8,40,330,66c9053ca6ac,3,train,0,10558_8
10558,9,9,79,571,1a564c3b431a,3,train,0,10558_9
10558,A,1,746,5826,57a30d42c9e3,3,train,0,10558_A
10558,B,2,740,5894,59dbe8ff585f,3,train,0,10558_B
10558,C,3,80,598,48e3d1be7d90,3,train,0,10558_C
10558,D,4,138,1075,35a3b7e3c065,3,train,0,10558_D
10558,E,5,70,546,763eb07174e4,3,train,0,10558_E
10558,F,6,141,1065,b18cf65fe79d,3,train,0,10558_F
10558,I,7,37,293,7d9a32088592,3,train,0,10558_I
10558,J,8,40,330,66c9053ca6ac,3,train,0,10558_J
10558,K,9,79,571,1a564c3b431a,3,train,0,10558_K
10558,L,0,152,1124,74a4437fb448,3,train,0,10558_L
10558,M,10,31,241,bb85f1678e7b,3,train,0,10558_M
10558,X,11,27,228,a6b468be0905,3,train,0,10558_X
10558,a,1,746,5826,57a30d42c9e3,3,train,0,10558_a
10558,b,2,740,5894,59dbe8ff585f,3,train,0,10558_b
10558,c,3,80,598,48e3d1be7d90,3,train,0,10558_c
10558,d,4,138,1075,35a3b7e3c065,3,train,0,10558_d
10558,e,5,70,546,763eb07174e4,3,train,0,10558_e
10558,f,6,141,1065,b18cf65fe79d,3,train,0,10558_f
10558,i,7,37,293,7d9a32088592,3,train,0,10558_i
10558,j,8,40,330,66c9053ca6ac,3,train,0,10558_j
10558,k,9,79,571,1a564c3b431a,3,train,0,10558_k
10558,l,0,152,1124,74a4437fb448,3,train,0,10558_l
10558,m,10,31,241,bb85f1678e7b,3,train,0,10558_m
10558,x,11,27,228,a6b468be0905,3,train,0,10558_x
10558,y,10,31,241,bb85f1678e7b,3,train,0,10558_y
10558,z,11,27,228,a6b468be0905,3,train,0,10558_z
10559,0,0,152,1124,74a4437fb448,3,test,1,10559_0
10559,1,1,746,5826,57a30d42c9e3,3,test,0,10559_1
10559,2,2,740,5894,59dbe8ff585f,3,test,0,10559_2
10559,3,3,80,598,48e3d1be7d90,3,test,0,10559_3
10559,4,4,138,1075,35a3b7e3c065,3,test,0,10559_4
10559,5,5,70,546,763eb07174e4,3,test,0,10559_5
10559,6,6,141,1065,b18cf65fe79d,3,test,0,10559_6
10559,7,7,37,293,7d9a32088592,3,test,0,10559_7
10559,8,8,40,330,66c9053ca6ac,3,test,0,10559_8
10559,9,9,79,571,1a564c3b431a,3,test,0,10559_9
10559,A,1,746,5826,57a30d42c9e3,3,test,0,10559_A
10559,B,2,740,5894,59dbe8ff585f,3,test,0,10559_B
10559,C,3,80,598,48e3d1be7d90,3,test,0,10559_C
10559,D,4,138,1075,35a3b7e3c065,3,test,0,10559_D
10559,E,5,70,546,763eb07174e4,3,test,0,10559_E
10559,F,6,141,1065,b18cf65fe79d,3,test,0,10559_F
10559,I,7,37,293,7d9a32088592,3,test,0,10559_I
10559,J,8,40,330,66c9053ca6ac,3,test,0,10559_J
10559,K,9,79,571,1a564c3b431a,3,test,0,10559_K
10559,L,0,152,1124,74a4437fb448,3,test,0,10559_L
10559,M,10,31,241,bb85f1678e7b,3,test,0,10559_M
10559,X,11,27,228,a6b468be0905,3,test,0,10559_X
10559,a,1,746,5826,57a30d42c9e3,3,test,0,10559_a
10559,b,2,740,5894,59dbe8ff585f,3,test,0,10559_b
10559,c,3,80,598,48e3d1be7d90,3,test,0,10559_c
10559,d,4,138,1075,35a3b7e3c065,3,test,0,10559_d
10559,e,5,70,546,763eb07174e4,3,test,0,10559_e
10559,f,6,141,1065,b18cf65fe79d,3,test,0,10559_f
10559,i,7,37,293,7d9a32088592,3,test,0,10559_i
10559,j,8,40,330,66c9053ca6ac,3,test,0,10559_j
10559,k,9,79,571,1a564c3b431a,3,test,0,10559_k
10559,l,0,152,1124,74a4437fb448,3,test,0,10559_l
10559,m,10,31,241,bb85f1678e7b,3,test,0,10559_m
10559,x,11,27,228,a6b468be0905,3,test,0,10559_x
10559,y,10,31,241,bb85f1678e7b,3,test,0,10559_y
10559,z,11,27,228,a6b468be0905,3,test,0,10559_z
10585,C,0,701,5728,952b2cf80957,1,train,0,10585_C
10585,D,1,146,1135,081bb7220e6d,1,train,0,10585_D
10585,N,2,77,605,04924901354b,1,train,0,10585_N
10585,R,3,79,666,f61ec7398c1d,1,train,1,10585_R
10585,S,4,123,891,acc1daab5ade,1,train,0,10585_S
10585,T,5,394,3085,6733f306f625,1,train,0,10585_T
10585,U,6,75,575,6da19bcc0869,1,train,0,10585_U
10586,A,0,240,1789,58a2064b1cb9,2,train,0,10586_A
10586,B,1,229,1765,d08cc0c4eb0e,2,train,0,10586_B
10586,C,2,247,1902,a93e4554057e,2,train,0,10586_C
10586,D,3,232,1778,ff16d12a5da3,2,train,0,10586_D
10586,E,4,233,1743,43b556cdb4ce,2,train,0,10586_E
10586,F,5,234,1787,9f9a82e4863e,2,train,0,10586_F
10586,G,6,239,1853,8f201d0bd600,2,train,0,10586_G
10586,H,7,202,1507,f2158adc6aca,2,train,0,10586_H
10586,I,8,197,1453,275e9f47a830,2,train,0,10586_I
10586,J,9,204,1592,a81d37c87555,2,train,1,10586_J
10586,K,10,197,1552,449f653f06c1,2,train,0,10586_K
10586,L,11,201,1534,96cf096de882,2,train,0,10586_L
10586,M,12,212,1626,2bbf48dbefad,2,train,0,10586_M
10586,N,13,212,1620,6a7c971781f8,2,train,0,10586_N
10586,O,0,240,1789,58a2064b1cb9,2,train,0,10586_O
10586,P,1,229,1765,d08cc0c4eb0e,2,train,0,10586_P
10586,Q,2,247,1902,a93e4554057e,2,train,0,10586_Q
10586,R,3,232,1778,ff16d12a5da3,2,train,0,10586_R
10586,S,4,233,1743,43b556cdb4ce,2,train,0,10586_S
10586,T,5,234,1787,9f9a82e4863e,2,train,0,10586_T
10586,U,6,239,1853,8f201d0bd600,2,train,0,10586_U
10586,V,7,202,1507,f2158adc6aca,2,train,0,10586_V
10586,W,8,197,1453,275e9f47a830,2,train,0,10586_W
10586,X,9,204,1592,a81d37c87555,2,train,0,10586_X
10586,Y,10,197,1552,449f653f06c1,2,train,0,10586_Y
10586,Z,11,201,1534,96cf096de882,2,train,0,10586_Z
10586,a,12,212,1626,2bbf48dbefad,2,train,0,10586_a
10586,b,13,212,1620,6a7c971781f8,2,train,0,10586_b
10619,2,0,691,5514,59684a2c1c07,1,test,1,10619_2
10619,3,1,608,4782,706b3419ac73,1,test,0,10619_3
10619,4,2,598,4784,ba2f203e8644,1,test,0,10619_4
10619,5,3,577,4524,8189c9cfb2b0,1,test,0,10619_5
10619,6,4,679,5473,d50ec9bfc5c3,1,test,0,10619_6
10619,7,5,598,4727,718e7439c123,1,test,0,10619_7
10619,A,6,196,1613,b948cac78b55,1,test,0,10619_A
10619,B,7,176,1431,1542e4eaf4bf,1,test,0,10619_B
10619,C,8,194,1552,a47a349b7a4f,1,test,0,10619_C
10619,D,9,203,1679,d1e016543fc8,1,test,0,10619_D
10619,E,10,538,4380,2f7d2f4ca01c,1,test,0,10619_E
10655,C,0,271,2083,dc0ca816fa2a,1,train,0,10655_C
10655,D,1,208,1556,27483bce8f38,1,train,0,10655_D
10655,E,2,201,1552,59baeb04bdd4,1,train,0,10655_E
10655,F,3,177,1411,020a5720fed5,1,train,1,10655_F
10655,G,4,176,1323,77e24bd37b87,1,train,0,10655_G
10655,H,5,135,1023,e3a625d09ed0,1,train,0,10655_H
10655,I,6,134,979,6cf787d0b68e,1,train,0,10655_I
10655,J,7,142,1129,cfbedf730201,1,train,0,10655_J
10655,K,8,123,946,3eb0333c4afa,1,train,0,10655_K
10655,L,9,144,1053,00ba63904ba0,1,train,0,10655_L
10655,M,10,135,1063,3bdaf4075f0a,1,train,0,10655_M
10655,N,11,125,993,7cac24f04dc2,1,train,0,10655_N
10655,O,12,117,900,2e38524a23d7,1,train,0,10655_O
10655,P,13,114,917,f2f735ce1e57,1,train,0,10655_P
10655,Q,14,117,947,6b8dfeb549bf,1,train,0,10655_Q
10655,R,15,103,816,b3eb9333aa66,1,train,0,10655_R
10655,S,16,110,857,c4e9259c84c1,1,train,0,10655_S
10655,T,17,93,739,45296cc18fac,1,train,0,10655_T
10655,U,18,102,780,b52fee32a842,1,train,0,10655_U
10655,V,19,94,753,f168559556cf,1,train,0,10655_V
10655,W,20,76,580,b9fa0cd958ea,1,train,0,10655_W
10655,X,21,77,625,29a1aee1fff6,1,train,0,10655_X
10655,Y,22,62,501,4c6c48e026d9,1,train,0,10655_Y
10655,Z,23,58,449,f8d3ad4d81e1,1,train,0,10655_Z
10655,a,24,56,444,20662074c6dc,1,train,0,10655_a
10655,b,25,51,414,4db3d65547bc,1,train,0,10655_b
10655,c,26,46,377,917fd91fa1d1,1,train,0,10655_c
10655,d,27,64,504,e262703728ed,1,train,0,10655_d
10655,e,28,38,302,43ab24acc3be,1,train,0,10655_e
10665,A,0,696,5646,b20d542bcf91,1,val,0,10665_A
10665,B,1,698,5565,cebe8dfca2a6,1,val,0,10665_B
10665,C,2,772,6148,37e303e0d3f8,1,val,0,10665_C
10665,D,3,525,4252,53bc35e0e4db,1,val,0,10665_D
10665,E,4,448,3590,2801d0b52039,1,val,0,10665_E
10665,F,5,195,1538,ba41685fa661,1,val,0,10665_F
10665,G,6,158,1260,cd54008d35b0,1,val,1,10665_G
10696,A,0,318,2454,055de48adcd5,3,test,1,10696_A
10696,B,1,172,1399,c4b172a03c1e,3,test,0,10696_B
10696,C,0,318,2454,055de48adcd5,3,test,0,10696_C
10696,D,1,172,1399,c4b172a03c1e,3,test,0,10696_D
10696,E,0,318,2454,055de48adcd5,3,test,0,10696_E
10696,F,1,172,1399,c4b172a03c1e,3,test,0,10696_F
10711,1,0,329,2627,0f6236ed584e,1,train,0,10711_1
10711,2,1,469,3774,e87ae9a933a9,1,train,0,10711_2
10711,3,2,116,933,bb432a85ef29,1,train,0,10711_3
10711,4,3,485,3847,31c149f6f1b0,1,train,0,10711_4
10711,5,4,654,5197,c2d4d05412e2,1,train,0,10711_5
10711,6,5,180,1415,239a77c979e8,1,train,0,10711_6
10711,8,6,77,643,8cc08f7a04e8,1,train,0,10711_8
10711,9,7,86,672,a1f99e2da100,1,train,0,10711_9
10711,A,8,692,5258,1a2045638eb5,1,train,0,10711_A
10711,B,9,456,3528,bd4a6d421507,1,train,0,10711_B
10711,C,10,433,3426,361b42a0c7cb,1,train,0,10711_C
10711,D,11,86,681,06acbc105f53,1,train,0,10711_D
10711,E,12,317,2527,d2fe6df21bbe,1,train,0,10711_E
10711,F,13,121,990,c66c4b7d0712,1,train,0,10711_F
10711,G,14,239,1978,9e7d72ecf6b2,1,train,0,10711_G
10711,H,15,216,1688,4fba5e07c3df,1,train,0,10711_H
10711,I,16,190,1519,b89da977018d,1,train,0,10711_I
10711,J,17,179,1329,43fe98b31203,1,train,0,10711_J
10711,K,18,175,1377,f2910c20226e,1,train,0,10711_K
10711,L,19,89,691,55abadb97c36,1,train,0,10711_L
10711,M,20,117,912,87315852f324,1,train,0,10711_M
10711,O,21,77,591,177d78556de8,1,train,0,10711_O
10711,P,22,123,1030,1918d296ad42,1,train,0,10711_P
10711,Q,23,85,648,df3271d258d0,1,train,1,10711_Q
10711,R,24,106,884,0e3260e5b814,1,train,0,10711_R
10711,S,25,174,1430,1df70aad1e44,1,train,0,10711_S
10711,U,26,171,1345,288a2139d7bd,1,train,0,10711_U
10711,W,27,121,974,4d24bd386a26,1,train,0,10711_W
10711,X,28,167,1296,ab5a4712eafe,1,train,0,10711_X
10711,Y,29,123,1021,3925f8db24aa,1,train,0,10711_Y
10711,Z,30,181,1389,28231018ea06,1,train,0,10711_Z
10711,a,31,124,1030,70bc3d1a5347,1,train,0,10711_a
10711,b,32,64,490,bf1e6370f607,1,train,0,10711_b
10711,c,33,44,353,458d75b9c16d,1,train,0,10711_c
10711,d,34,90,760,c156e317c98d,1,train,0,10711_d
10711,e,35,52,436,51f2f5abbfa7,1,train,0,10711_e
10711,f,36,80,629,a556b6c0573c,1,train,0,10711_f
10711,g,37,76,617,543f9d594d25,1,train,0,10711_g
10711,h,38,136,1130,0f2c4eddf434,1,train,0,10711_h
10711,i,39,83,646,cac1da5c6488,1,train,0,10711_i
10711,j,40,90,724,b7d6b1669b69,1,train,0,10711_j
10711,n,41,114,914,409541878022,1,train,0,10711_n
10713,A,0,205,1609,e679bbeed099,1,val,1,10713_A
10713,B,1,214,1709,d198237cc924,1,val,0,10713_B
10713,C,2,220,1662,25123e10430a,1,val,0,10713_C
10713,E,3,260,2068,7f84d0a4a4a5,1,val,0,10713_E
10713,F,4,206,1609,ba99ccb30d77,1,val,0,10713_F
10713,G,5,226,1799,7c318baa6295,1,val,0,10713_G
10713,H,6,168,1362,d8a297d69519,1,val,0,10713_H
10713,I,7,188,1489,2fd203edc916,1,val,0,10713_I
10713,J,8,185,1494,bab9a1b32709,1,val,0,10713_J
10713,L,9,155,1213,863fefd66cc4,1,val,1,10713_L
10713,M,10,125,941,df460cbc05c5,1,val,0,10713_M
10713,N,11,150,1193,808b959b19bb,1,val,0,10713_N
10713,O,12,128,950,c7d897108ee8,1,val,0,10713_O
10713,P,13,127,1001,3d075926b6dd,1,val,0,10713_P
10713,Q,14,127,993,09eb004e78b8,1,val,0,10713_Q
10713,R,15,115,924,e557029ab619,1,val,0,10713_R
10713,S,16,135,1110,87e38c198b5b,1,val,0,10713_S
10713,T,17,143,1112,8e8903f81fcb,1,val,0,10713_T
10713,U,18,67,541,429c616a790f,1,val,0,10713_U
10713,V,19,87,685,d6efe2703a83,1,val,0,10713_V
10713,W,20,129,1019,ad261d0a35f2,1,val,0,10713_W
10713,X,21,144,1121,287699eabfa5,1,val,0,10713_X
10713,Y,22,134,1073,ccf91c80107f,1,val,1,10713_Y
10713,Z,23,63,512,c3cb97953b98,1,val,0,10713_Z
10713,b,24,81,611,7ff9df22447f,1,val,0,10713_b
10713,c,25,63,497,6ad42826fb10,1,val,0,10713_c
10713,d,26,27,219,3ba014667b9c,1,val,0,10713_d
10713,e,27,60,475,194517783a95,1,val,0,10713_e
10713,h,28,179,1416,83e49c1c0e45,1,val,0,10713_h
10713,i,29,261,2125,ee4549095878,1,val,0,10713_i
10713,j,30,55,465,b2c2d6a32f3c,1,val,0,10713_j
10713,l,31,286,2322,10755d2c90c0,1,val,0,10713_l
10713,t,32,667,5401,f80c6f7bc704,1,val,0,10713_t
10735,A,0,244,2019,a6147b11f703,3,test,0,10735_A
10735,B,0,244,2019,a6147b11f703,3,test,0,10735_B
10735,C,0,244,2019,a6147b11f703,3,test,0,10735_C
10735,H,1,121,977,b82effebe645,3,test,0,10735_H
10735,I,1,121,977,b82effebe645,3,test,0,10735_I
10735,J,1,121,977,b82effebe645,3,test,0,10735_J
10735,L,2,113,884,fd2492bebf48,3,test,1,10735_L
10735,M,2,113,884,fd2492bebf48,3,test,0,10735_M
10735,N,2,113,884,fd2492bebf48,3,test,0,10735_N
10746,1,0,193,1508,b5b6e51ac878,1,train,0,10746_1
10746,2,1,208,1620,260da2c34544,1,train,0,10746_2
10746,3,2,221,1706,b7818bfabcb8,1,train,0,10746_3
10746,4,3,198,1559,21fb2f6d62e0,1,train,0,10746_4
10746,A,4,743,5858,0026632ecc07,1,train,0,10746_A
10746,B,5,733,5857,84335fe8a3c4,1,train,0,10746_B
10746,C,6,80,612,4734aa689bf6,1,train,0,10746_C
10746,D,7,143,1132,c4e8f658a8e8,1,train,0,10746_D
10746,E,8,66,528,82923624df58,1,train,0,10746_E
10746,F,9,154,1206,fe8118da9ef7,1,train,0,10746_F
10746,G,10,97,757,7f19080e5eda,1,train,0,10746_G
10746,H,11,88,673,3fffcff0a654,1,train,0,10746_H
10746,I,12,31,240,d1e0c8ffae00,1,train,0,10746_I
10746,J,13,42,338,72f8880ba51e,1,train,0,10746_J
10746,K,14,81,569,7e7b0cfd3cec,1,train,1,10746_K
10746,L,15,157,1174,ea972ccd9ef5,1,train,0,10746_L
10746,N,16,97,724,4a4c3afaacca,1,train,0,10746_N
10760,A,0,266,2146,5e0ce9bb1f04,1,test,0,10760_A
10760,B,1,422,3214,25fd9ee4a2f7,1,test,0,10760_B
10760,C,2,208,1643,c6df22353b46,1,test,0,10760_C
10760,D,3,215,1741,9740666826ad,1,test,0,10760_D
10760,E,4,226,1743,c020d569bf87,1,test,0,10760_E
10760,F,5,227,1764,c5f9e471eff9,1,test,0,10760_F
10760,G,6,263,2083,fd70114a3e64,1,test,0,10760_G
10760,H,7,191,1509,4ef3fb36f1ac,1,test,0,10760_H
10760,I,8,237,1924,fc2d025b2d4e,1,test,1,10760_I
10760,J,9,190,1530,65bd7d3b8eab,1,test,0,10760_J
10760,K,10,206,1680,8fad14bc370d,1,test,0,10760_K
10760,L,11,182,1499,cfc1cd7aee31,1,test,0,10760_L
10760,M,12,98,828,74e01242decd,1,test,0,10760_M
10760,N,13,158,1296,d1fa898ed580,1,test,0,10760_N
10760,O,14,124,958,c01b67d63609,1,test,0,10760_O
10760,P,15,150,1208,d5901649de7b,1,test,0,10760_P
10760,Q,16,136,1016,687feef29ffd,1,test,0,10760_Q
10760,R,17,140,1154,b86a866670d9,1,test,0,10760_R
10760,S,18,141,1124,b091e9d800f9,1,test,0,10760_S
10760,T,19,126,1019,9865b5429c91,1,test,0,10760_T
10760,U,20,145,1194,d9a5cfa0f28f,1,test,0,10760_U
10760,V,21,141,1113,08e8e0d36211,1,test,0,10760_V
10760,W,22,104,822,24b38bc4cf14,1,test,0,10760_W
10760,X,23,82,620,7930a577d23a,1,test,0,10760_X
10760,Y,24,129,1034,41a8986a004d,1,test,0,10760_Y
10760,Z,25,142,1106,9380cb55ef18,1,test,0,10760_Z
10760,a,26,126,1021,a0ac828a8ec3,1,test,0,10760_a
10760,b,27,99,789,fb3626795cd0,1,test,0,10760_b
10760,c,28,84,659,380e48580243,1,test,0,10760_c
10760,d,29,64,506,ec0d369dadcd,1,test,0,10760_d
10760,e,30,53,445,fcea61b13250,1,test,0,10760_e
10760,f,31,71,582,5285820d522f,1,test,0,10760_f
10760,g,32,313,2437,ea475b3d65ec,1,test,0,10760_g
10760,i,33,59,473,ddc5ee24b670,1,test,0,10760_i
10760,j,34,109,883,ecaecb294f07,1,test,1,10760_j
10760,k,35,595,4693,431b6a3d98f7,1,test,0,10760_k
10760,l,36,25,240,494e634253f1,1,test,0,10760_l
10760,n,37,75,598,a39ba7e034ec,1,test,0,10760_n
10809,A,0,272,2109,a7fff5886b47,1,val,0,10809_A
10809,B,1,211,1571,d0dcce6d8c5e,1,val,0,10809_B
10809,C,2,199,1485,2f58cd80398e,1,val,0,10809_C
10809,D,3,176,865,8633bc45a63b,1,val,0,10809_D
10809,E,4,175,1327,d839d9f45a48,1,val,0,10809_E
10809,F,5,142,1122,df33630af326,1,val,0,10809_F
10809,G,6,122,945,3b62d90d7b25,1,val,0,10809_G
10809,H,7,144,1071,0ff616fb162e,1,val,0,10809_H
10809,I,8,137,1086,d759bedd0ba4,1,val,0,10809_I
10809,J,9,119,942,4d1729ea3afa,1,val,0,10809_J
10809,K,10,115,864,533346efef4a,1,val,0,10809_K
10809,L,11,117,919,b3b5818f329c,1,val,0,10809_L
10809,M,12,117,934,f18c89c79e66,1,val,0,10809_M
10809,N,13,103,806,775fe943b9c5,1,val,0,10809_N
10809,O,14,109,825,dec063ffc371,1,val,0,10809_O
10809,P,15,92,717,cd5f2ad99e24,1,val,0,10809_P
10809,Q,16,102,761,cd4fcf2198a7,1,val,1,10809_Q
10809,R,17,96,753,3e4571c3ad55,1,val,0,10809_R
10809,S,18,76,577,b64e7e4eff87,1,val,0,10809_S
10809,T,19,77,631,43c1a1e81406,1,val,0,10809_T
10809,U,20,61,490,09d78a90e8a5,1,val,0,10809_U
10809,V,21,57,453,24378c07e648,1,val,0,10809_V
10809,X,22,54,447,929abf3b6ec1,1,val,0,10809_X
10809,Y,23,51,426,3d2c76dc30ec,1,val,0,10809_Y
10809,Z,24,44,362,f8bc518e10d5,1,val,0,10809_Z
10809,a,25,63,508,5c8146fe3caa,1,val,0,10809_a
10809,b,26,38,294,859b04b88ea9,1,val,0,10809_b
10815,A,0,127,996,8b08d7610f09,1,train,0,10815_A
10815,B,1,177,1395,531eae2a4511,1,train,0,10815_B
10815,C,2,242,1999,79bdd95e1f7a,1,train,0,10815_C
10815,D,3,436,3452,80a06a7c2530,1,train,0,10815_D
10815,E,4,216,1688,4fba5e07c3df,1,train,0,10815_E
10815,F,5,460,3559,9fe68d14d0cc,1,train,0,10815_F
10815,G,6,694,5274,91e80b706141,1,train,0,10815_G
10815,H,7,340,2699,d683acdae90a,1,train,0,10815_H
10815,I,8,191,1526,3627607c6add,1,train,0,10815_I
10815,J,9,184,1452,28156d41d1d7,1,train,0,10815_J
10815,K,10,88,683,c13cdb190dd7,1,train,0,10815_K
10815,L,11,654,5197,c2d4d05412e2,1,train,0,10815_L
10815,M,12,485,3847,31c149f6f1b0,1,train,0,10815_M
10815,N,13,468,3766,d97e6fe61dbd,1,train,0,10815_N
10815,O,14,168,1305,7a7d70965e88,1,train,0,10815_O
10815,P,15,355,2812,d916baead4b5,1,train,0,10815_P
10815,Q,16,125,1037,c2b103eb01ae,1,train,0,10815_Q
10815,R,17,118,922,bfd118aae563,1,train,0,10815_R
10815,S,18,86,667,ec1099eb053e,1,train,0,10815_S
10815,T,19,81,620,77c58bae4642,1,train,0,10815_T
10815,U,20,88,667,6036b00bea3c,1,train,1,10815_U
10815,V,21,126,1028,935dcccaf770,1,train,0,10815_V
10815,W,22,123,1036,d158325e44c9,1,train,0,10815_W
10815,X,23,171,1345,288a2139d7bd,1,train,0,10815_X
10815,Y,24,179,1327,674de57994c1,1,train,0,10815_Y
10815,Z,25,122,983,2b36bad39b02,1,train,0,10815_Z
10815,a,26,86,681,06acbc105f53,1,train,0,10815_a
10815,b,27,78,639,9c7a6a4b0b18,1,train,0,10815_b
10815,c,28,182,1397,729699e95585,1,train,0,10815_c
10815,d,29,67,510,224be89a7afc,1,train,0,10815_d
10815,e,30,68,546,7761b9fc5b6d,1,train,0,10815_e
10815,f,31,137,1136,b955d423ad1a,1,train,0,10815_f
10815,g,32,198,1585,ef7b1648919a,1,train,0,10815_g
10815,h,33,113,909,8292c5bf5389,1,train,0,10815_h
10815,i,34,86,659,bc907b2add41,1,train,0,10815_i
10815,j,35,53,445,160556b4d991,1,train,0,10815_j
10815,k,36,47,373,1099d572e80d,1,train,0,10815_k
10815,l,37,125,1039,d4a70bc95118,1,train,0,10815_l
10815,m,38,92,735,093754294fd4,1,train,0,10815_m
10815,n,39,108,900,0182c9e86379,1,train,0,10815_n
10815,o,40,83,681,4506ad5f9924,1,train,0,10815_o
10815,p,41,91,766,85e112e081c9,1,train,0,10815_p
10836,A,0,399,3139,92e1444eaba3,1,test,1,10836_A
10836,B,1,415,3260,e81f8b3a4ecd,1,test,0,10836_B
10836,C,2,545,4352,5eba0d82bfdf,1,test,0,10836_C
10836,D,3,547,4380,485bb502b53d,1,test,0,10836_D
10836,K,4,24,214,eaa6d67de099,1,test,0,10836_K
10858,H,0,75,561,f4c640661143,10,test,1,10858_H
10858,I,0,75,561,f4c640661143,10,test,0,10858_I
10858,J,0,75,561,f4c640661143,10,test,0,10858_J
10858,K,0,75,561,f4c640661143,10,test,0,10858_K
10858,L,0,75,561,f4c640661143,10,test,0,10858_L
10858,M,0,75,561,f4c640661143,10,test,0,10858_M
10858,N,0,75,561,f4c640661143,10,test,0,10858_N
10858,O,0,75,561,f4c640661143,10,test,0,10858_O
10858,P,0,75,561,f4c640661143,10,test,0,10858_P
10858,Q,0,75,561,f4c640661143,10,test,0,10858_Q
10858,d,1,134,1062,5d8fffba61f9,1,test,1,10858_d
10858,e,2,68,537,bff9fec66ec7,1,test,0,10858_e
10858,g,3,224,1736,79be8cfbf098,1,test,0,10858_g
10869,c,0,219,1079,bc2550ac1e02,1,train,0,10869_c
10869,e,1,207,1592,da987a279359,1,train,1,10869_e
10869,f,2,155,1129,e555996cf58d,1,train,0,10869_f
10869,g,3,103,858,b3194f93f054,1,train,0,10869_g
10869,i,4,130,984,f7392f0957bd,1,train,0,10869_i
10869,l,5,114,836,208c7fd2c0a7,1,train,0,10869_l
10869,m,6,122,945,60986a50c64b,1,train,0,10869_m
10869,p,7,88,704,906fdf785282,1,train,0,10869_p
10869,q,8,80,632,0593593ed2a2,1,train,0,10869_q
10869,r,9,79,621,bc3a0cc8fdc6,1,train,0,10869_r
10869,s,10,53,434,58e9e76c8857,1,train,0,10869_s
10869,u,11,86,663,e14fce973a64,1,train,0,10869_u
10869,v,12,60,389,ff57e4773ecf,1,train,0,10869_v
10891,0,0,77,625,29a1aee1fff6,1,test,0,10891_0
10891,1,1,61,495,83f5ed01a64c,1,test,0,10891_1
10891,2,2,57,439,694b7a1fc791,1,test,0,10891_2
10891,3,3,55,434,68061776dea7,1,test,0,10891_3
10891,4,4,50,409,025d457889a6,1,test,0,10891_4
10891,6,5,46,377,917fd91fa1d1,1,test,0,10891_6
10891,7,6,64,504,e262703728ed,1,test,1,10891_7
10891,8,7,38,302,43ab24acc3be,1,test,0,10891_8
10891,c,8,271,2082,dc0ca816fa2a,1,test,0,10891_c
10891,d,9,209,1565,3949dea42f5c,1,test,0,10891_d
10891,e,10,201,1552,59baeb04bdd4,1,test,0,10891_e
10891,f,11,177,1410,020a5720fed5,1,test,0,10891_f
10891,g,12,176,1323,77e24bd37b87,1,test,0,10891_g
10891,h,13,39,287,a5efe226925d,1,test,0,10891_h
10891,j,14,142,1129,cfbedf730201,1,test,0,10891_j
10891,k,15,122,938,217b4e1f5707,1,test,0,10891_k
10891,l,16,143,1042,2a7c098bc13e,1,test,0,10891_l
10891,m,17,136,1074,6334c138321d,1,test,0,10891_m
10891,n,18,120,960,3de31a0153bf,1,test,0,10891_n
10891,o,19,116,892,cbc8767a2cdc,1,test,0,10891_o
10891,p,20,113,908,bfcc44e5fcc9,1,test,0,10891_p
10891,q,21,117,947,6b8dfeb549bf,1,test,0,10891_q
10891,r,22,99,791,2376a05f7ae2,1,test,0,10891_r
10891,s,23,109,845,b72dd5b450b3,1,test,0,10891_s
10891,t,24,93,738,45296cc18fac,1,test,0,10891_t
10891,u,25,102,779,b52fee32a842,1,test,0,10891_u
10891,w,26,94,753,f168559556cf,1,test,0,10891_w
10891,y,27,74,559,2f85d5801e23,1,test,0,10891_y
10891,z,28,35,275,601b812b4955,1,test,0,10891_z
10898,A,0,272,2109,a7fff5886b47,1,train,0,10898_A
10898,B,1,211,1571,d0dcce6d8c5e,1,train,0,10898_B
10898,C,2,199,1485,2f58cd80398e,1,train,0,10898_C
10898,D,3,176,865,8633bc45a63b,1,train,0,10898_D
10898,E,4,175,1327,d839d9f45a48,1,train,1,10898_E
10898,F,5,142,1122,df33630af326,1,train,0,10898_F
10898,G,6,122,945,3b62d90d7b25,1,train,1,10898_G
10898,H,7,144,1071,0ff616fb162e,1,train,0,10898_H
10898,I,8,137,1086,d759bedd0ba4,1,train,0,10898_I
10898,J,9,119,942,4d1729ea3afa,1,train,0,10898_J
10898,K,10,115,864,533346efef4a,1,train,0,10898_K
10898,L,11,117,919,b3b5818f329c,1,train,0,10898_L
10898,M,12,117,934,f18c89c79e66,1,train,0,10898_M
10898,N,13,103,806,775fe943b9c5,1,train,1,10898_N
10898,O,14,109,825,dec063ffc371,1,train,1,10898_O
10898,P,15,92,717,cd5f2ad99e24,1,train,0,10898_P
10898,Q,16,102,761,cd4fcf2198a7,1,train,0,10898_Q
10898,R,17,96,753,3e4571c3ad55,1,train,0,10898_R
10898,S,18,76,577,b64e7e4eff87,1,train,0,10898_S
10898,T,19,77,631,43c1a1e81406,1,train,0,10898_T
10898,U,20,61,490,09d78a90e8a5,1,train,1,10898_U
10898,V,21,57,453,24378c07e648,1,train,0,10898_V
10898,W,22,43,213,5034805a6ab2,1,train,0,10898_W
10898,X,23,54,447,929abf3b6ec1,1,train,0,10898_X
10898,Y,24,51,426,3d2c76dc30ec,1,train,0,10898_Y
10898,Z,25,44,362,f8bc518e10d5,1,train,0,10898_Z
10898,a,26,63,508,5c8146fe3caa,1,train,0,10898_a
10898,b,27,38,294,859b04b88ea9,1,train,0,10898_b
10995,1,0,197,1501,daad61468023,1,test,0,10995_1
10995,2,1,208,1609,68f3d10adf03,1,test,0,10995_2
10995,3,2,210,1609,4ac670bf1fb5,1,test,0,10995_3
10995,4,3,211,1637,5290f8817f3a,1,test,0,10995_4
10995,A,4,739,5799,e275f85b427b,1,test,0,10995_A
10995,B,5,730,5784,3fe89a92bcda,1,test,0,10995_B
10995,C,6,80,600,9a956eb3f370,1,test,0,10995_C
10995,D,7,141,1116,bfb4228f9a20,1,test,1,10995_D
10995,E,8,64,515,de168fb67192,1,test,0,10995_E
10995,F,9,163,1285,c4e33594550d,1,test,0,10995_F
10995,J,10,40,316,64683ba02af8,1,test,0,10995_J
11039,A,0,486,3708,0b5d7765a81d,1,train,0,11039_A
11039,B,1,495,3773,398f4f167cf9,1,train,0,11039_B
11039,C,2,501,3817,5f935db295ae,1,train,0,11039_C
11039,D,3,469,3558,546d95a88bb6,1,train,0,11039_D
11039,E,4,467,3539,12c13664849f,2,train,0,11039_E
11039,F,4,467,3539,12c13664849f,2,train,0,11039_F
11039,G,5,272,2115,864787ba9319,1,train,1,11039_G
11039,H,6,132,979,fbfadeb3baa6,1,train,0,11039_H
11039,I,7,47,369,2987a6b45e74,1,train,0,11039_I
11039,J,8,47,370,fec1868d680c,1,train,0,11039_J
11039,K,9,73,517,aa7975d0ca53,7,train,0,11039_K
11039,L,10,74,525,1341c3f297f6,1,train,0,11039_L
11039,M,9,73,517,aa7975d0ca53,7,train,0,11039_M
11039,N,9,73,517,aa7975d0ca53,7,train,0,11039_N
11039,O,9,73,517,aa7975d0ca53,7,train,0,11039_O
11039,P,9,73,517,aa7975d0ca53,7,train,0,11039_P
11039,Q,9,73,517,aa7975d0ca53,7,train,0,11039_Q
11039,R,9,73,517,aa7975d0ca53,7,train,0,11039_R
11039,S,11,188,1447,9dd13ff8c66e,1,train,0,11039_S
11039,b,12,72,612,a66b95acc06c,1,train,0,11039_b
11039,h,13,42,355,607ba45a1ef0,1,train,0,11039_h
11061,A,0,296,2298,fe10236e3909,1,train,0,11061_A
11061,B,1,245,1898,df17bc67af15,1,train,1,11061_B
11061,C,2,242,1867,820c7f61a484,1,train,0,11061_C
11061,D,3,58,449,7614a434b597,1,train,0,11061_D
11061,H,4,121,940,a7e435f2d262,1,train,0,11061_H
11061,L,5,108,821,893d881b244a,1,train,0,11061_L
11062,A,0,295,2290,f385e352ee7f,1,train,0,11062_A
11062,B,1,245,1898,df17bc67af15,1,train,0,11062_B
11062,C,2,242,1867,820c7f61a484,1,train,0,11062_C
11062,D,3,58,449,7614a434b597,1,train,0,11062_D
11062,H,4,120,922,5bcd690683d4,1,train,1,11062_H
11062,L,5,106,802,3300f67a9fd6,1,train,0,11062_L
11081,1,0,45,387,c396c1d8b09f,12,val,0,11081_1
11081,2,1,47,382,4ba9df286d72,7,val,0,11081_2
11081,3,0,45,387,c396c1d8b09f,12,val,0,11081_3
11081,4,2,46,374,8e481b036764,1,val,0,11081_4
11081,5,0,45,387,c396c1d8b09f,12,val,0,11081_5
11081,6,3,42,345,f572b737f058,1,val,0,11081_6
11081,A,4,40,352,7d0721a1a8ee,1,val,0,11081_A
11081,B,1,47,382,4ba9df286d72,7,val,0,11081_B
11081,C,0,45,387,c396c1d8b09f,12,val,0,11081_C
11081,D,5,48,388,940e7c1f2468,5,val,0,11081_D
11081,E,0,45,387,c396c1d8b09f,12,val,0,11081_E
11081,F,5,48,388,940e7c1f2468,5,val,0,11081_F
11081,G,0,45,387,c396c1d8b09f,12,val,0,11081_G
11081,H,6,251,1894,0f11edb5f25b,1,val,0,11081_H
11081,I,1,47,382,4ba9df286d72,7,val,0,11081_I
11081,J,7,44,382,23a1111d3914,1,val,0,11081_J
11081,K,1,47,382,4ba9df286d72,7,val,0,11081_K
11081,L,8,276,2185,6ef52dd8f056,1,val,0,11081_L
11081,M,9,299,2381,e60f41a4cb30,1,val,1,11081_M
11081,N,0,45,387,c396c1d8b09f,12,val,0,11081_N
11081,O,5,48,388,940e7c1f2468,5,val,0,11081_O
11081,P,0,45,387,c396c1d8b09f,12,val,0,11081_P
11081,Q,5,48,388,940e7c1f2468,5,val,0,11081_Q
11081,R,0,45,387,c396c1d8b09f,12,val,0,11081_R
11081,S,5,48,388,940e7c1f2468,5,val,0,11081_S
11081,T,0,45,387,c396c1d8b09f,12,val,0,11081_T
11081,U,1,47,382,4ba9df286d72,7,val,0,11081_U
11081,V,0,45,387,c396c1d8b09f,12,val,0,11081_V
11081,W,10,94,682,03b0d52a80cd,1,val,0,11081_W
11081,X,1,47,382,4ba9df286d72,7,val,0,11081_X
11081,Y,0,45,387,c396c1d8b09f,12,val,0,11081_Y
11081,Z,1,47,382,4ba9df286d72,7,val,0,11081_Z
11150,A,0,562,4704,cbe65429e916,1,train,0,11150_A
11150,B,1,112,951,501f4ede9fd7,1,train,0,11150_B
11150,C,2,285,2297,c73c793529fc,1,train,1,11150_C
11150,D,3,201,1680,36646b556ada,1,train,0,11150_D
11155,A,0,562,4704,cbe65429e916,1,train,1,11155_A
11155,B,1,112,951,501f4ede9fd7,1,train,0,11155_B
11155,C,2,284,2292,da1105f61fa5,1,train,0,11155_C
11155,D,3,201,1680,36646b556ada,1,train,0,11155_D
11227,G,0,272,2115,864787ba9319,1,train,1,11227_G
11227,H,1,132,979,fbfadeb3baa6,1,train,0,11227_H
11227,I,2,47,369,2987a6b45e74,1,train,0,11227_I
11227,K,3,73,517,aa7975d0ca53,3,train,0,11227_K
11227,L,3,73,517,aa7975d0ca53,3,train,0,11227_L
11227,M,4,74,525,1341c3f297f6,5,train,0,11227_M
11227,N,4,74,525,1341c3f297f6,5,train,0,11227_N
11227,O,4,74,525,1341c3f297f6,5,train,0,11227_O
11227,P,3,73,517,aa7975d0ca53,3,train,0,11227_P
11227,Q,4,74,525,1341c3f297f6,5,train,0,11227_Q
11227,R,4,74,525,1341c3f297f6,5,train,0,11227_R
11229,8,0,38,322,6952e694271b,1,test,0,11229_8
11229,C,1,89,662,6a5198015112,1,test,0,11229_C
11229,K,2,57,415,e8f299d9f9d5,1,test,0,11229_K
11229,L,3,31,240,63ead7090452,1,test,0,11229_L
11229,R,4,56,408,547e83f2b964,1,test,0,11229_R
11229,S,5,89,673,4ca38f82af46,1,test,0,11229_S
11229,a,6,226,1741,690f2847e555,1,test,0,11229_a
11229,b,7,209,1701,c1cf48169544,1,test,0,11229_b
11229,d,8,154,1266,801136d21d6c,1,test,0,11229_d
11229,e,9,41,335,3d7a2bc41302,1,test,0,11229_e
11229,f,10,83,693,e5121bdb68a7,1,test,0,11229_f
11229,g,11,79,629,042a36413058,1,test,1,11229_g
11229,h,12,62,514,b0fafcb718b3,1,test,0,11229_h
11229,j,13,48,400,52d9b96e1c78,1,test,0,11229_j
11229,k,14,36,177,953841eade68,1,test,0,11229_k
11233,A,0,238,1869,0b741ad4908a,12,val,1,11233_A
11233,B,1,568,4328,5c45ba00ea40,12,val,0,11233_B
11233,C,0,238,1869,0b741ad4908a,12,val,0,11233_C
11233,D,1,568,4328,5c45ba00ea40,12,val,0,11233_D
11233,E,0,238,1869,0b741ad4908a,12,val,0,11233_E
11233,F,1,568,4328,5c45ba00ea40,12,val,0,11233_F
11233,G,0,238,1869,0b741ad4908a,12,val,0,11233_G
11233,H,1,568,4328,5c45ba00ea40,12,val,0,11233_H
11233,I,0,238,1869,0b741ad4908a,12,val,0,11233_I
11233,J,1,568,4328,5c45ba00ea40,12,val,0,11233_J
11233,K,0,238,1869,0b741ad4908a,12,val,0,11233_K
11233,L,1,568,4328,5c45ba00ea40,12,val,0,11233_L
11233,M,0,238,1869,0b741ad4908a,12,val,0,11233_M
11233,N,1,568,4328,5c45ba00ea40,12,val,0,11233_N
11233,O,0,238,1869,0b741ad4908a,12,val,0,11233_O
11233,P,1,568,4328,5c45ba00ea40,12,val,0,11233_P
11233,Q,0,238,1869,0b741ad4908a,12,val,0,11233_Q
11233,R,1,568,4328,5c45ba00ea40,12,val,0,11233_R
11233,S,0,238,1869,0b741ad4908a,12,val,0,11233_S
11233,T,1,568,4328,5c45ba00ea40,12,val,0,11233_T
11233,U,0,238,1869,0b741ad4908a,12,val,0,11233_U
11233,V,1,568,4328,5c45ba00ea40,12,val,0,11233_V
11233,W,0,238,1869,0b741ad4908a,12,val,0,11233_W
11233,X,1,568,4328,5c45ba00ea40,12,val,0,11233_X
11241,1,0,430,3312,6b1986989859,1,test,0,11241_1
11241,2,1,213,1655,b9a54fc6d76f,1,test,0,11241_2
11241,3,2,688,5275,2e677e7bbbae,1,test,1,11241_3
11241,4,3,379,3034,49fb52ae3b35,1,test,0,11241_4
11241,5,4,208,1726,60718b601102,1,test,0,11241_5
11241,6,5,156,1247,e4d31e20ef79,1,test,0,11241_6
11241,9,6,176,1414,776739802a88,1,test,0,11241_9
11241,a,7,44,371,c65aab80d703,1,test,0,11241_a
11241,b,8,95,737,0233ce2ebc98,1,test,0,11241_b
11241,c,9,126,1024,029f24d4c5b8,1,test,1,11241_c
11241,d,10,297,2372,9d84bb7c9bbc,1,test,0,11241_d
11241,e,11,86,691,8ead98c3c4b0,1,test,0,11241_e
11241,f,12,113,917,f92054c8a279,1,test,0,11241_f
11241,g,13,114,969,6dcd8a80b7ee,1,test,0,11241_g
11241,h,14,95,761,088d86a825f4,1,test,1,11241_h
11241,i,15,145,1209,252de1f30348,1,test,0,11241_i
11241,j,16,82,660,55189730aa39,1,test,0,11241_j
11241,q,17,31,245,f8173340d86c,1,test,0,11241_q
11242,4,0,40,334,0f2b064990b5,1,train,0,11242_4
11242,A,1,97,787,88b86cd6f4a7,1,train,0,11242_A
11242,H,2,313,2494,254fedf9affe,1,train,1,11242_H
11242,J,3,167,1273,98cf001f3ac2,1,train,0,11242_J
11242,K,4,97,739,a68a2f627757,1,train,0,11242_K
11242,L,5,605,4796,ed301aa61769,1,train,0,11242_L
11242,M,6,458,3637,c28d02a5c760,1,train,0,11242_M
11242,N,7,347,2723,bfc5bab0e77b,1,train,0,11242_N
11242,V,8,139,1020,9fcd9e08a801,1,train,0,11242_V
11242,W,9,139,1155,c276712f76ad,1,train,0,11242_W
11242,X,10,87,701,5a4880b7bebb,1,train,0,11242_X
11242,Y,11,171,1403,1e813d7ea77e,1,train,0,11242_Y
11242,Z,12,171,1441,b58fd743e939,1,train,0,11242_Z
11242,k,13,319,2586,b99d3fba1350,1,train,0,11242_k
11242,l,14,105,874,e2964a7dbcee,1,train,0,11242_l
11242,m,15,80,626,7436ce2c4d55,1,train,0,11242_m
11242,n,16,79,634,e47c1a56df19,1,train,0,11242_n
11242,o,17,120,1004,fc4b7e690e35,1,train,0,11242_o
11242,p,18,128,1059,b9e62d10eea1,1,train,0,11242_p
11242,q,19,139,1142,2d518551ba3e,1,train,0,11242_q
11242,r,20,99,846,3f5457d3aa9c,1,train,0,11242_r
11242,s,21,122,1047,5b8d325dcac4,1,train,0,11242_s
11242,t,22,177,1520,f383085300ff,1,train,0,11242_t
11242,u,23,65,563,6365dc4d6617,1,train,0,11242_u
11242,v,24,155,1307,540759dec456,1,train,0,11242_v
11242,w,25,101,846,ef4ee770ede7,1,train,0,11242_w
11242,x,26,49,412,d94bbaa5a918,1,train,0,11242_x
11242,y,27,50,436,94400dc0fc94,1,train,0,11242_y
11242,z,28,70,576,56a4469d7a01,1,train,0,11242_z
11244,1,0,430,3312,6b1986989859,1,test,0,11244_1
11244,2,1,213,1655,b9a54fc6d76f,1,test,1,11244_2
11244,3,2,688,5275,2e677e7bbbae,1,test,0,11244_3
11244,4,3,429,3444,f6448f28cc54,1,test,0,11244_4
11244,5,4,208,1726,60718b601102,1,test,0,11244_5
11244,6,5,156,1247,e4d31e20ef79,1,test,0,11244_6
11244,9,6,176,1414,776739802a88,1,test,0,11244_9
11244,A,7,115,922,138fc1923b08,1,test,0,11244_A
11244,H,8,318,2528,91fe8c27f397,1,test,0,11244_H
11244,J,9,175,1344,9566c953ac21,1,test,0,11244_J
11244,K,10,97,739,a68a2f627757,1,test,1,11244_K
11244,L,11,605,4797,ed301aa61769,1,test,0,11244_L
11244,M,12,458,3637,c28d02a5c760,1,test,0,11244_M
11244,N,13,347,2723,bfc5bab0e77b,1,test,1,11244_N
11244,V,14,139,1020,9fcd9e08a801,1,test,0,11244_V
11244,W,15,139,1155,c276712f76ad,1,test,1,11244_W
11244,X,16,87,701,5a4880b7bebb,1,test,0,11244_X
11244,Y,17,171,1403,1e813d7ea77e,1,test,0,11244_Y
11244,Z,18,171,1441,b58fd743e939,1,test,0,11244_Z
11244,a,19,44,371,c65aab80d703,1,test,0,11244_a
11244,b,20,95,737,0233ce2ebc98,1,test,0,11244_b
11244,c,21,126,1024,029f24d4c5b8,1,test,0,11244_c
11244,d,22,340,2748,9bc871bab4c3,1,test,0,11244_d
11244,e,23,86,691,8ead98c3c4b0,1,test,0,11244_e
11244,f,24,113,917,f92054c8a279,1,test,0,11244_f
11244,g,25,114,969,6dcd8a80b7ee,1,test,0,11244_g
11244,h,26,95,761,088d86a825f4,1,test,0,11244_h
11244,i,27,145,1209,252de1f30348,1,test,0,11244_i
11244,j,28,82,660,55189730aa39,1,test,0,11244_j
11244,k,29,319,2586,b99d3fba1350,1,test,0,11244_k
11244,l,30,105,874,e2964a7dbcee,1,test,0,11244_l
11244,m,31,80,626,7436ce2c4d55,1,test,0,11244_m
11244,n,32,79,634,e47c1a56df19,1,test,0,11244_n
11244,o,33,120,1004,fc4b7e690e35,1,test,0,11244_o
11244,p,34,128,1059,b9e62d10eea1,1,test,0,11244_p
11244,q,35,139,1142,2d518551ba3e,1,test,0,11244_q
11244,r,36,99,846,3f5457d3aa9c,1,test,0,11244_r
11244,s,37,122,1047,5b8d325dcac4,1,test,1,11244_s
11244,t,38,177,1520,f383085300ff,1,test,0,11244_t
11244,u,39,65,563,6365dc4d6617,1,test,0,11244_u
11244,v,40,155,1307,540759dec456,1,test,0,11244_v
11244,w,41,101,846,ef4ee770ede7,1,test,0,11244_w
11244,x,42,49,412,d94bbaa5a918,1,test,0,11244_x
11244,y,43,50,436,94400dc0fc94,1,test,0,11244_y
11244,z,44,70,576,56a4469d7a01,1,test,0,11244_z
11245,1,0,430,3312,6b1986989859,1,train,0,11245_1
11245,2,1,213,1655,b9a54fc6d76f,1,train,0,11245_2
11245,3,2,688,5275,2e677e7bbbae,1,train,1,11245_3
11245,4,3,420,3377,c3414686df25,1,train,0,11245_4
11245,5,4,208,1726,60718b601102,1,train,0,11245_5
11245,6,5,156,1247,e4d31e20ef79,1,train,0,11245_6
11245,9,6,176,1414,776739802a88,1,train,1,11245_9
11245,A,7,110,880,39b139ffe221,1,train,0,11245_A
11245,H,8,314,2498,196faf3af331,1,train,0,11245_H
11245,J,9,169,1294,d0520711f0a9,1,train,1,11245_J
11245,K,10,97,739,a68a2f627757,1,train,0,11245_K
11245,L,11,605,4796,ed301aa61769,1,train,0,11245_L
11245,M,12,458,3637,c28d02a5c760,1,train,0,11245_M
11245,N,13,347,2723,bfc5bab0e77b,1,train,0,11245_N
11245,V,14,139,1020,9fcd9e08a801,1,train,0,11245_V
11245,W,15,139,1155,c276712f76ad,1,train,0,11245_W
11245,X,16,87,701,5a4880b7bebb,1,train,0,11245_X
11245,Y,17,171,1403,1e813d7ea77e,1,train,0,11245_Y
11245,Z,18,171,1441,b58fd743e939,1,train,0,11245_Z
11245,a,19,44,371,c65aab80d703,1,train,0,11245_a
11245,b,20,95,737,0233ce2ebc98,1,train,1,11245_b
11245,c,21,126,1024,029f24d4c5b8,1,train,0,11245_c
11245,d,22,297,2372,9d84bb7c9bbc,1,train,0,11245_d
11245,e,23,86,691,8ead98c3c4b0,1,train,0,11245_e
11245,f,24,113,917,f92054c8a279,1,train,0,11245_f
11245,g,25,114,969,6dcd8a80b7ee,1,train,0,11245_g
11245,h,26,95,761,088d86a825f4,1,train,0,11245_h
11245,i,27,145,1209,252de1f30348,1,train,0,11245_i
11245,j,28,82,660,55189730aa39,1,train,0,11245_j
11245,k,29,319,2586,b99d3fba1350,1,train,0,11245_k
11245,l,30,105,874,e2964a7dbcee,1,train,0,11245_l
11245,m,31,80,626,7436ce2c4d55,1,train,0,11245_m
11245,n,32,79,634,e47c1a56df19,1,train,0,11245_n
11245,o,33,120,1004,fc4b7e690e35,1,train,0,11245_o
11245,p,34,128,1059,b9e62d10eea1,1,train,0,11245_p
11245,q,35,139,1142,2d518551ba3e,1,train,0,11245_q
11245,r,36,99,846,3f5457d3aa9c,1,train,0,11245_r
11245,s,37,122,1047,5b8d325dcac4,1,train,0,11245_s
11245,t,38,177,1520,f383085300ff,1,train,0,11245_t
11245,u,39,65,563,6365dc4d6617,1,train,0,11245_u
11245,v,40,155,1307,540759dec456,1,train,0,11245_v
11245,w,41,101,846,ef4ee770ede7,1,train,0,11245_w
11245,x,42,49,412,d94bbaa5a918,1,train,0,11245_x
11245,y,43,50,436,94400dc0fc94,1,train,0,11245_y
11245,z,44,70,576,56a4469d7a01,1,train,0,11245_z
11246,1,0,430,3312,6b1986989859,1,train,0,11246_1
11246,2,1,213,1655,b9a54fc6d76f,1,train,0,11246_2
11246,3,2,688,5275,2e677e7bbbae,1,train,0,11246_3
11246,4,3,420,3377,c3414686df25,1,train,0,11246_4
11246,5,4,208,1726,60718b601102,1,train,0,11246_5
11246,6,5,156,1247,e4d31e20ef79,1,train,0,11246_6
11246,9,6,176,1414,776739802a88,1,train,0,11246_9
11246,A,7,110,880,39b139ffe221,1,train,0,11246_A
11246,H,8,314,2498,196faf3af331,1,train,0,11246_H
11246,J,9,169,1294,d0520711f0a9,1,train,0,11246_J
11246,K,10,97,739,a68a2f627757,1,train,0,11246_K
11246,L,11,605,4796,ed301aa61769,1,train,0,11246_L
11246,M,12,458,3637,c28d02a5c760,1,train,0,11246_M
11246,N,13,347,2723,bfc5bab0e77b,1,train,0,11246_N
11246,V,14,139,1020,9fcd9e08a801,1,train,0,11246_V
11246,W,15,139,1155,c276712f76ad,1,train,0,11246_W
11246,X,16,87,701,5a4880b7bebb,1,train,0,11246_X
11246,Y,17,171,1403,1e813d7ea77e,1,train,0,11246_Y
11246,Z,18,171,1441,b58fd743e939,1,train,0,11246_Z
11246,a,19,44,371,c65aab80d703,1,train,0,11246_a
11246,b,20,95,737,0233ce2ebc98,1,train,0,11246_b
11246,c,21,126,1024,029f24d4c5b8,1,train,0,11246_c
11246,d,22,297,2372,9d84bb7c9bbc,1,train,0,11246_d
11246,e,23,86,691,8ead98c3c4b0,1,train,0,11246_e
11246,f,24,113,917,f92054c8a279,1,train,1,11246_f
11246,g,25,114,969,6dcd8a80b7ee,1,train,0,11246_g
11246,h,26,95,761,088d86a825f4,1,train,0,11246_h
11246,i,27,145,1209,252de1f30348,1,train,0,11246_i
11246,j,28,82,660,55189730aa39,1,train,0,11246_j
11246,k,29,319,2586,b99d3fba1350,1,train,0,11246_k
11246,l,30,105,874,e2964a7dbcee,1,train,0,11246_l
11246,m,31,80,626,7436ce2c4d55,1,train,0,11246_m
11246,n,32,79,634,e47c1a56df19,1,train,0,11246_n
11246,o,33,120,1004,fc4b7e690e35,1,train,0,11246_o
11246,p,34,128,1059,b9e62d10eea1,1,train,0,11246_p
11246,q,35,139,1142,2d518551ba3e,1,train,0,11246_q
11246,r,36,99,846,3f5457d3aa9c,1,train,0,11246_r
11246,s,37,122,1047,5b8d325dcac4,1,train,0,11246_s
11246,t,38,177,1520,f383085300ff,1,train,0,11246_t
11246,u,39,65,563,6365dc4d6617,1,train,0,11246_u
11246,v,40,155,1307,540759dec456,1,train,0,11246_v
11246,w,41,101,846,ef4ee770ede7,1,train,0,11246_w
11246,x,42,49,412,d94bbaa5a918,1,train,0,11246_x
11246,y,43,50,436,94400dc0fc94,1,train,0,11246_y
11246,z,44,70,576,56a4469d7a01,1,train,0,11246_z
11247,1,0,430,3312,6b1986989859,1,train,1,11247_1
11247,2,1,213,1655,b9a54fc6d76f,1,train,0,11247_2
11247,3,2,688,5275,2e677e7bbbae,1,train,0,11247_3
11247,4,3,420,3377,c3414686df25,1,train,0,11247_4
11247,5,4,208,1726,60718b601102,1,train,0,11247_5
11247,6,5,156,1247,e4d31e20ef79,1,train,0,11247_6
11247,9,6,176,1414,776739802a88,1,train,0,11247_9
11247,A,7,110,880,39b139ffe221,1,train,0,11247_A
11247,H,8,312,2488,33d6adec0844,1,train,0,11247_H
11247,J,9,169,1294,d0520711f0a9,1,train,0,11247_J
11247,K,10,97,739,a68a2f627757,1,train,0,11247_K
11247,L,11,605,4796,ed301aa61769,1,train,0,11247_L
11247,M,12,458,3637,c28d02a5c760,1,train,0,11247_M
11247,N,13,347,2723,bfc5bab0e77b,1,train,0,11247_N
11247,V,14,139,1020,9fcd9e08a801,1,train,0,11247_V
11247,W,15,139,1155,c276712f76ad,1,train,0,11247_W
11247,X,16,87,701,5a4880b7bebb,1,train,0,11247_X
11247,Y,17,171,1403,1e813d7ea77e,1,train,0,11247_Y
11247,Z,18,171,1441,b58fd743e939,1,train,0,11247_Z
11247,a,19,44,371,c65aab80d703,1,train,0,11247_a
11247,b,20,95,737,0233ce2ebc98,1,train,0,11247_b
11247,c,21,126,1024,029f24d4c5b8,1,train,0,11247_c
11247,d,22,297,2372,9d84bb7c9bbc,1,train,0,11247_d
11247,e,23,86,691,8ead98c3c4b0,1,train,0,11247_e
11247,f,24,113,917,f92054c8a279,1,train,0,11247_f
11247,g,25,114,969,6dcd8a80b7ee,1,train,0,11247_g
11247,h,26,95,761,088d86a825f4,1,train,0,11247_h
11247,i,27,145,1209,252de1f30348,1,train,0,11247_i
11247,j,28,82,660,55189730aa39,1,train,0,11247_j
11247,k,29,319,2586,b99d3fba1350,1,train,0,11247_k
11247,l,30,105,874,e2964a7dbcee,1,train,0,11247_l
11247,m,31,80,626,7436ce2c4d55,1,train,0,11247_m
11247,n,32,79,634,e47c1a56df19,1,train,0,11247_n
11247,o,33,120,1004,fc4b7e690e35,1,train,0,11247_o
11247,p,34,128,1059,b9e62d10eea1,1,train,0,11247_p
11247,q,35,139,1142,2d518551ba3e,1,train,0,11247_q
11247,r,36,99,846,3f5457d3aa9c,1,train,0,11247_r
11247,s,37,122,1047,5b8d325dcac4,1,train,0,11247_s
11247,t,38,177,1520,f383085300ff,1,train,0,11247_t
11247,u,39,65,563,6365dc4d6617,1,train,0,11247_u
11247,v,40,155,1307,540759dec456,1,train,0,11247_v
11247,w,41,101,846,ef4ee770ede7,1,train,0,11247_w
11247,x,42,49,412,d94bbaa5a918,1,train,0,11247_x
11247,y,43,50,436,94400dc0fc94,1,train,0,11247_y
11247,z,44,70,576,56a4469d7a01,1,train,0,11247_z
11248,1,0,430,3312,6b1986989859,1,val,0,11248_1
11248,2,1,213,1655,b9a54fc6d76f,1,val,0,11248_2
11248,3,2,688,5275,2e677e7bbbae,1,val,0,11248_3
11248,4,3,429,3444,f6448f28cc54,1,val,0,11248_4
11248,5,4,208,1726,60718b601102,1,val,0,11248_5
11248,6,5,156,1247,e4d31e20ef79,1,val,0,11248_6
11248,9,6,176,1414,776739802a88,1,val,0,11248_9
11248,A,7,115,922,138fc1923b08,1,val,0,11248_A
11248,H,8,318,2528,91fe8c27f397,1,val,0,11248_H
11248,J,9,175,1344,9566c953ac21,1,val,0,11248_J
11248,K,10,97,739,a68a2f627757,1,val,1,11248_K
11248,L,11,605,4797,ed301aa61769,1,val,0,11248_L
11248,M,12,458,3637,c28d02a5c760,1,val,1,11248_M
11248,N,13,347,2723,bfc5bab0e77b,1,val,0,11248_N
11248,V,14,139,1020,9fcd9e08a801,1,val,0,11248_V
11248,W,15,139,1155,c276712f76ad,1,val,0,11248_W
11248,X,16,87,701,5a4880b7bebb,1,val,0,11248_X
11248,Y,17,171,1403,1e813d7ea77e,1,val,0,11248_Y
11248,Z,18,171,1441,b58fd743e939,1,val,0,11248_Z
11248,a,19,44,371,c65aab80d703,1,val,0,11248_a
11248,b,20,95,737,0233ce2ebc98,1,val,0,11248_b
11248,c,21,126,1024,029f24d4c5b8,1,val,0,11248_c
11248,d,22,340,2748,9bc871bab4c3,1,val,0,11248_d
11248,e,23,86,691,8ead98c3c4b0,1,val,0,11248_e
11248,f,24,113,917,f92054c8a279,1,val,0,11248_f
11248,g,25,114,969,6dcd8a80b7ee,1,val,0,11248_g
11248,h,26,95,761,088d86a825f4,1,val,0,11248_h
11248,i,27,145,1209,252de1f30348,1,val,0,11248_i
11248,j,28,82,660,55189730aa39,1,val,0,11248_j
11248,k,29,319,2586,b99d3fba1350,1,val,0,11248_k
11248,l,30,105,874,e2964a7dbcee,1,val,0,11248_l
11248,m,31,80,626,7436ce2c4d55,1,val,0,11248_m
11248,n,32,79,634,e47c1a56df19,1,val,0,11248_n
11248,o,33,120,1004,fc4b7e690e35,1,val,0,11248_o
11248,p,34,128,1059,b9e62d10eea1,1,val,0,11248_p
11248,q,35,139,1142,2d518551ba3e,1,val,0,11248_q
11248,r,36,99,846,3f5457d3aa9c,1,val,0,11248_r
11248,s,37,122,1047,5b8d325dcac4,1,val,0,11248_s
11248,t,38,177,1520,f383085300ff,1,val,0,11248_t
11248,u,39,65,563,6365dc4d6617,1,val,0,11248_u
11248,v,40,155,1307,540759dec456,1,val,0,11248_v
11248,w,41,101,846,ef4ee770ede7,1,val,0,11248_w
11248,x,42,49,412,d94bbaa5a918,1,val,0,11248_x
11248,y,43,50,436,94400dc0fc94,1,val,0,11248_y
11248,z,44,70,576,56a4469d7a01,1,val,0,11248_z
11249,1,0,430,3312,6b1986989859,1,train,0,11249_1
11249,2,1,213,1655,b9a54fc6d76f,1,train,0,11249_2
11249,3,2,688,5275,2e677e7bbbae,1,train,0,11249_3
11249,4,3,425,3414,83d54ad42c01,1,train,0,11249_4
11249,5,4,208,1726,60718b601102,1,train,0,11249_5
11249,6,5,156,1247,e4d31e20ef79,1,train,0,11249_6
11249,9,6,176,1414,776739802a88,1,train,0,11249_9
11249,A,7,104,842,b64702b9b643,1,train,0,11249_A
11249,H,8,318,2528,91fe8c27f397,1,train,0,11249_H
11249,J,9,169,1294,d0520711f0a9,1,train,0,11249_J
11249,K,10,97,739,a68a2f627757,1,train,0,11249_K
11249,L,11,605,4796,ed301aa61769,1,train,0,11249_L
11249,M,12,458,3637,c28d02a5c760,1,train,0,11249_M
11249,N,13,347,2723,bfc5bab0e77b,1,train,0,11249_N
11249,V,14,139,1020,9fcd9e08a801,1,train,0,11249_V
11249,W,15,139,1155,c276712f76ad,1,train,0,11249_W
11249,X,16,87,701,5a4880b7bebb,1,train,0,11249_X
11249,Y,17,171,1403,1e813d7ea77e,1,train,0,11249_Y
11249,Z,18,171,1441,b58fd743e939,1,train,0,11249_Z
11249,a,19,44,371,c65aab80d703,1,train,0,11249_a
11249,b,20,95,737,0233ce2ebc98,1,train,1,11249_b
11249,c,21,126,1024,029f24d4c5b8,1,train,0,11249_c
11249,d,22,297,2372,9d84bb7c9bbc,1,train,0,11249_d
11249,e,23,86,691,8ead98c3c4b0,1,train,0,11249_e
11249,f,24,113,917,f92054c8a279,1,train,0,11249_f
11249,g,25,114,969,6dcd8a80b7ee,1,train,0,11249_g
11249,h,26,95,761,088d86a825f4,1,train,0,11249_h
11249,i,27,145,1209,252de1f30348,1,train,0,11249_i
11249,j,28,82,660,55189730aa39,1,train,0,11249_j
11249,k,29,319,2586,b99d3fba1350,1,train,0,11249_k
11249,l,30,105,874,e2964a7dbcee,1,train,0,11249_l
11249,m,31,80,626,7436ce2c4d55,1,train,0,11249_m
11249,n,32,79,634,e47c1a56df19,1,train,0,11249_n
11249,o,33,120,1004,fc4b7e690e35,1,train,1,11249_o
11249,p,34,128,1059,b9e62d10eea1,1,train,0,11249_p
11249,q,35,139,1142,2d518551ba3e,1,train,0,11249_q
11249,r,36,99,846,3f5457d3aa9c,1,train,0,11249_r
11249,s,37,122,1047,5b8d325dcac4,1,train,0,11249_s
11249,t,38,177,1520,f383085300ff,1,train,0,11249_t
11249,u,39,65,563,6365dc4d6617,1,train,0,11249_u
11249,v,40,155,1307,540759dec456,1,train,0,11249_v
11249,w,41,101,846,ef4ee770ede7,1,train,0,11249_w
11249,x,42,49,412,d94bbaa5a918,1,train,0,11249_x
11249,y,43,50,436,94400dc0fc94,1,train,0,11249_y
11249,z,44,70,576,56a4469d7a01,1,train,1,11249_z
11250,1,0,430,3312,6b1986989859,1,train,0,11250_1
11250,2,1,213,1655,b9a54fc6d76f,1,train,0,11250_2
11250,3,2,688,5275,2e677e7bbbae,1,train,0,11250_3
11250,4,3,425,3414,83d54ad42c01,1,train,0,11250_4
11250,5,4,208,1726,60718b601102,1,train,1,11250_5
11250,6,5,156,1247,e4d31e20ef79,1,train,0,11250_6
11250,9,6,176,1414,776739802a88,1,train,0,11250_9
11250,A,7,104,842,b64702b9b643,1,train,0,11250_A
11250,H,8,318,2528,91fe8c27f397,1,train,0,11250_H
11250,J,9,169,1294,d0520711f0a9,1,train,0,11250_J
11250,K,10,97,739,a68a2f627757,1,train,0,11250_K
11250,L,11,605,4796,ed301aa61769,1,train,0,11250_L
11250,M,12,458,3637,c28d02a5c760,1,train,0,11250_M
11250,N,13,347,2723,bfc5bab0e77b,1,train,0,11250_N
11250,V,14,139,1020,9fcd9e08a801,1,train,0,11250_V
11250,W,15,139,1155,c276712f76ad,1,train,0,11250_W
11250,X,16,87,701,5a4880b7bebb,1,train,0,11250_X
11250,Y,17,171,1403,1e813d7ea77e,1,train,0,11250_Y
11250,Z,18,171,1441,b58fd743e939,1,train,0,11250_Z
11250,a,19,44,371,c65aab80d703,1,train,0,11250_a
11250,b,20,95,737,0233ce2ebc98,1,train,0,11250_b
11250,c,21,126,1024,029f24d4c5b8,1,train,0,11250_c
11250,d,22,297,2372,9d84bb7c9bbc,1,train,0,11250_d
11250,e,23,86,691,8ead98c3c4b0,1,train,0,11250_e
11250,f,24,113,917,f92054c8a279,1,train,0,11250_f
11250,g,25,114,969,6dcd8a80b7ee,1,train,0,11250_g
11250,h,26,95,761,088d86a825f4,1,train,0,11250_h
11250,i,27,145,1209,252de1f30348,1,train,1,11250_i
11250,j,28,82,660,55189730aa39,1,train,0,11250_j
11250,k,29,319,2586,b99d3fba1350,1,train,0,11250_k
11250,l,30,105,874,e2964a7dbcee,1,train,0,11250_l
11250,m,31,80,626,7436ce2c4d55,1,train,0,11250_m
11250,n,32,79,634,e47c1a56df19,1,train,0,11250_n
11250,o,33,120,1004,fc4b7e690e35,1,train,0,11250_o
11250,p,34,128,1059,b9e62d10eea1,1,train,0,11250_p
11250,q,35,139,1142,2d518551ba3e,1,train,0,11250_q
11250,r,36,99,846,3f5457d3aa9c,1,train,0,11250_r
11250,s,37,122,1047,5b8d325dcac4,1,train,0,11250_s
11250,t,38,177,1520,f383085300ff,1,train,0,11250_t
11250,u,39,65,563,6365dc4d6617,1,train,0,11250_u
11250,v,40,155,1307,540759dec456,1,train,1,11250_v
11250,w,41,101,846,ef4ee770ede7,1,train,0,11250_w
11250,x,42,49,412,d94bbaa5a918,1,train,0,11250_x
11250,y,43,50,436,94400dc0fc94,1,train,0,11250_y
11250,z,44,70,576,56a4469d7a01,1,train,0,11250_z
11251,1,0,430,3312,6b1986989859,1,train,0,11251_1
11251,2,1,213,1655,b9a54fc6d76f,1,train,0,11251_2
11251,3,2,688,5275,2e677e7bbbae,1,train,0,11251_3
11251,4,3,425,3414,83d54ad42c01,1,train,0,11251_4
11251,5,4,208,1726,60718b601102,1,train,0,11251_5
11251,6,5,156,1247,e4d31e20ef79,1,train,0,11251_6
11251,9,6,176,1414,776739802a88,1,train,0,11251_9
11251,A,7,104,842,b64702b9b643,1,train,0,11251_A
11251,H,8,318,2528,91fe8c27f397,1,train,0,11251_H
11251,J,9,169,1294,d0520711f0a9,1,train,0,11251_J
11251,K,10,97,739,a68a2f627757,1,train,0,11251_K
11251,L,11,605,4796,ed301aa61769,1,train,0,11251_L
11251,M,12,458,3637,c28d02a5c760,1,train,0,11251_M
11251,N,13,347,2723,bfc5bab0e77b,1,train,0,11251_N
11251,V,14,139,1020,9fcd9e08a801,1,train,0,11251_V
11251,W,15,139,1155,c276712f76ad,1,train,0,11251_W
11251,X,16,87,701,5a4880b7bebb,1,train,1,11251_X
11251,Y,17,171,1403,1e813d7ea77e,1,train,0,11251_Y
11251,Z,18,171,1441,b58fd743e939,1,train,0,11251_Z
11251,a,19,44,371,c65aab80d703,1,train,0,11251_a
11251,b,20,95,737,0233ce2ebc98,1,train,0,11251_b
11251,c,21,126,1024,029f24d4c5b8,1,train,0,11251_c
11251,d,22,297,2372,9d84bb7c9bbc,1,train,1,11251_d
11251,e,23,86,691,8ead98c3c4b0,1,train,0,11251_e
11251,f,24,113,917,f92054c8a279,1,train,0,11251_f
11251,g,25,114,969,6dcd8a80b7ee,1,train,0,11251_g
11251,h,26,95,761,088d86a825f4,1,train,0,11251_h
11251,i,27,145,1209,252de1f30348,1,train,0,11251_i
11251,j,28,82,660,55189730aa39,1,train,0,11251_j
11251,k,29,319,2586,b99d3fba1350,1,train,0,11251_k
11251,l,30,105,874,e2964a7dbcee,1,train,0,11251_l
11251,m,31,80,626,7436ce2c4d55,1,train,0,11251_m
11251,n,32,79,634,e47c1a56df19,1,train,0,11251_n
11251,o,33,120,1004,fc4b7e690e35,1,train,0,11251_o
11251,p,34,128,1059,b9e62d10eea1,1,train,0,11251_p
11251,q,35,139,1142,2d518551ba3e,1,train,0,11251_q
11251,r,36,99,846,3f5457d3aa9c,1,train,0,11251_r
11251,s,37,122,1047,5b8d325dcac4,1,train,0,11251_s
11251,t,38,177,1520,f383085300ff,1,train,0,11251_t
11251,u,39,65,563,6365dc4d6617,1,train,0,11251_u
11251,v,40,155,1307,540759dec456,1,train,0,11251_v
11251,w,41,101,846,ef4ee770ede7,1,train,0,11251_w
11251,x,42,49,412,d94bbaa5a918,1,train,0,11251_x
11251,y,43,50,436,94400dc0fc94,1,train,0,11251_y
11251,z,44,70,576,56a4469d7a01,1,train,0,11251_z
11252,1,0,430,3312,6b1986989859,1,test,0,11252_1
11252,2,1,213,1655,b9a54fc6d76f,1,test,0,11252_2
11252,3,2,688,5275,2e677e7bbbae,1,test,0,11252_3
11252,4,3,429,3444,f6448f28cc54,1,test,0,11252_4
11252,5,4,208,1726,60718b601102,1,test,0,11252_5
11252,6,5,156,1247,e4d31e20ef79,1,test,0,11252_6
11252,9,6,176,1414,776739802a88,1,test,0,11252_9
11252,A,7,115,922,138fc1923b08,1,test,1,11252_A
11252,H,8,318,2528,91fe8c27f397,1,test,0,11252_H
11252,J,9,175,1344,9566c953ac21,1,test,0,11252_J
11252,K,10,97,739,a68a2f627757,1,test,0,11252_K
11252,L,11,605,4797,ed301aa61769,1,test,0,11252_L
11252,M,12,458,3637,c28d02a5c760,1,test,0,11252_M
11252,N,13,347,2723,bfc5bab0e77b,1,test,0,11252_N
11252,V,14,139,1020,9fcd9e08a801,1,test,0,11252_V
11252,W,15,139,1155,c276712f76ad,1,test,1,11252_W
11252,X,16,87,701,5a4880b7bebb,1,test,0,11252_X
11252,Y,17,171,1403,1e813d7ea77e,1,test,0,11252_Y
11252,Z,18,171,1441,b58fd743e939,1,test,0,11252_Z
11252,a,19,44,371,c65aab80d703,1,test,0,11252_a
11252,b,20,95,737,0233ce2ebc98,1,test,0,11252_b
11252,c,21,126,1024,029f24d4c5b8,1,test,0,11252_c
11252,d,22,340,2748,9bc871bab4c3,1,test,1,11252_d
11252,e,23,86,691,8ead98c3c4b0,1,test,0,11252_e
11252,f,24,113,917,f92054c8a279,1,test,0,11252_f
11252,g,25,114,969,6dcd8a80b7ee,1,test,0,11252_g
11252,h,26,95,761,088d86a825f4,1,test,0,11252_h
11252,i,27,145,1209,252de1f30348,1,test,0,11252_i
11252,j,28,82,660,55189730aa39,1,test,0,11252_j
11252,k,29,319,2586,b99d3fba1350,1,test,0,11252_k
11252,l,30,105,874,e2964a7dbcee,1,test,0,11252_l
11252,m,31,80,626,7436ce2c4d55,1,test,0,11252_m
11252,n,32,79,634,e47c1a56df19,1,test,1,11252_n
11252,o,33,120,1004,fc4b7e690e35,1,test,0,11252_o
11252,p,34,128,1059,b9e62d10eea1,1,test,0,11252_p
11252,q,35,139,1142,2d518551ba3e,1,test,0,11252_q
11252,r,36,99,846,3f5457d3aa9c,1,test,0,11252_r
11252,s,37,122,1047,5b8d325dcac4,1,test,0,11252_s
11252,t,38,177,1520,f383085300ff,1,test,0,11252_t
11252,u,39,65,563,6365dc4d6617,1,test,0,11252_u
11252,v,40,155,1307,540759dec456,1,test,0,11252_v
11252,w,41,101,846,ef4ee770ede7,1,test,0,11252_w
11252,x,42,49,412,d94bbaa5a918,1,test,0,11252_x
11252,y,43,50,436,94400dc0fc94,1,test,0,11252_y
11252,z,44,70,576,56a4469d7a01,1,test,0,11252_z
11253,1,0,430,3312,6b1986989859,1,train,0,11253_1
11253,2,1,213,1655,b9a54fc6d76f,1,train,0,11253_2
11253,3,2,688,5275,2e677e7bbbae,1,train,0,11253_3
11253,4,3,425,3414,83d54ad42c01,1,train,0,11253_4
11253,5,4,208,1726,60718b601102,1,train,1,11253_5
11253,6,5,156,1247,e4d31e20ef79,1,train,0,11253_6
11253,9,6,176,1414,776739802a88,1,train,0,11253_9
11253,A,7,110,880,39b139ffe221,1,train,0,11253_A
11253,H,8,314,2498,196faf3af331,1,train,0,11253_H
11253,J,9,166,1264,e7cb502d1150,1,train,0,11253_J
11253,K,10,97,739,a68a2f627757,1,train,0,11253_K
11253,L,11,605,4796,ed301aa61769,1,train,0,11253_L
11253,M,12,458,3637,c28d02a5c760,1,train,0,11253_M
11253,N,13,347,2723,bfc5bab0e77b,1,train,0,11253_N
11253,V,14,139,1020,9fcd9e08a801,1,train,0,11253_V
11253,W,15,139,1155,c276712f76ad,1,train,0,11253_W
11253,X,16,87,701,5a4880b7bebb,1,train,0,11253_X
11253,Y,17,171,1403,1e813d7ea77e,1,train,0,11253_Y
11253,Z,18,171,1441,b58fd743e939,1,train,0,11253_Z
11253,a,19,44,371,c65aab80d703,1,train,0,11253_a
11253,b,20,95,737,0233ce2ebc98,1,train,0,11253_b
11253,c,21,126,1024,029f24d4c5b8,1,train,0,11253_c
11253,d,22,297,2372,9d84bb7c9bbc,1,train,0,11253_d
11253,e,23,86,691,8ead98c3c4b0,1,train,0,11253_e
11253,f,24,113,917,f92054c8a279,1,train,0,11253_f
11253,g,25,114,969,6dcd8a80b7ee,1,train,0,11253_g
11253,h,26,95,761,088d86a825f4,1,train,0,11253_h
11253,i,27,145,1209,252de1f30348,1,train,0,11253_i
11253,j,28,82,660,55189730aa39,1,train,0,11253_j
11253,k,29,319,2586,b99d3fba1350,1,train,0,11253_k
11253,l,30,105,874,e2964a7dbcee,1,train,0,11253_l
11253,m,31,80,626,7436ce2c4d55,1,train,0,11253_m
11253,n,32,79,634,e47c1a56df19,1,train,0,11253_n
11253,o,33,120,1004,fc4b7e690e35,1,train,0,11253_o
11253,p,34,128,1059,b9e62d10eea1,1,train,0,11253_p
11253,q,35,139,1142,2d518551ba3e,1,train,0,11253_q
11253,r,36,99,846,3f5457d3aa9c,1,train,0,11253_r
11253,s,37,122,1047,5b8d325dcac4,1,train,0,11253_s
11253,t,38,177,1520,f383085300ff,1,train,0,11253_t
11253,u,39,65,563,6365dc4d6617,1,train,0,11253_u
11253,v,40,155,1307,540759dec456,1,train,0,11253_v
11253,w,41,101,846,ef4ee770ede7,1,train,0,11253_w
11253,x,42,49,412,d94bbaa5a918,1,train,0,11253_x
11253,y,43,50,436,94400dc0fc94,1,train,0,11253_y
11253,z,44,70,576,56a4469d7a01,1,train,0,11253_z
11254,1,0,430,3312,6b1986989859,1,train,0,11254_1
11254,2,1,213,1655,b9a54fc6d76f,1,train,0,11254_2
11254,3,2,688,5275,2e677e7bbbae,1,train,0,11254_3
11254,4,3,425,3414,83d54ad42c01,1,train,0,11254_4
11254,5,4,208,1726,60718b601102,1,train,0,11254_5
11254,6,5,156,1247,e4d31e20ef79,1,train,0,11254_6
11254,9,6,176,1414,776739802a88,1,train,0,11254_9
11254,A,7,110,880,39b139ffe221,1,train,1,11254_A
11254,H,8,314,2498,196faf3af331,1,train,0,11254_H
11254,J,9,167,1273,98cf001f3ac2,1,train,0,11254_J
11254,K,10,97,739,a68a2f627757,1,train,0,11254_K
11254,L,11,557,4415,027a85411530,1,train,0,11254_L
11254,M,12,458,3637,c28d02a5c760,1,train,0,11254_M
11254,N,13,347,2723,bfc5bab0e77b,1,train,0,11254_N
11254,V,14,27,204,ad3c06efb22f,1,train,0,11254_V
11254,W,15,139,1155,c276712f76ad,1,train,0,11254_W
11254,X,16,87,701,5a4880b7bebb,1,train,0,11254_X
11254,Y,17,171,1403,1e813d7ea77e,1,train,0,11254_Y
11254,Z,18,171,1441,b58fd743e939,1,train,0,11254_Z
11254,a,19,44,371,c65aab80d703,1,train,0,11254_a
11254,b,20,95,737,0233ce2ebc98,1,train,0,11254_b
11254,c,21,126,1024,029f24d4c5b8,1,train,0,11254_c
11254,d,22,297,2372,9d84bb7c9bbc,1,train,0,11254_d
11254,e,23,86,691,8ead98c3c4b0,1,train,0,11254_e
11254,f,24,113,917,f92054c8a279,1,train,0,11254_f
11254,g,25,114,969,6dcd8a80b7ee,1,train,0,11254_g
11254,h,26,95,761,088d86a825f4,1,train,0,11254_h
11254,i,27,145,1209,252de1f30348,1,train,0,11254_i
11254,j,28,82,660,55189730aa39,1,train,0,11254_j
11254,k,29,319,2586,b99d3fba1350,1,train,0,11254_k
11254,l,30,105,874,e2964a7dbcee,1,train,1,11254_l
11254,m,31,80,626,7436ce2c4d55,1,train,0,11254_m
11254,n,32,79,634,e47c1a56df19,1,train,0,11254_n
11254,o,33,120,1004,fc4b7e690e35,1,train,0,11254_o
11254,p,34,128,1059,b9e62d10eea1,1,train,0,11254_p
11254,q,35,139,1142,2d518551ba3e,1,train,0,11254_q
11254,r,36,99,846,3f5457d3aa9c,1,train,0,11254_r
11254,s,37,122,1047,5b8d325dcac4,1,train,0,11254_s
11254,t,38,177,1520,f383085300ff,1,train,0,11254_t
11254,u,39,65,563,6365dc4d6617,1,train,0,11254_u
11254,v,40,155,1307,540759dec456,1,train,0,11254_v
11254,w,41,101,846,ef4ee770ede7,1,train,0,11254_w
11254,x,42,49,412,d94bbaa5a918,1,train,0,11254_x
11254,y,43,50,436,94400dc0fc94,1,train,0,11254_y
11254,z,44,70,576,56a4469d7a01,1,train,0,11254_z
11255,1,0,430,3312,6b1986989859,1,test,0,11255_1
11255,2,1,213,1655,b9a54fc6d76f,1,test,0,11255_2
11255,3,2,688,5275,2e677e7bbbae,1,test,0,11255_3
11255,4,3,425,3414,83d54ad42c01,1,test,0,11255_4
11255,5,4,208,1726,60718b601102,1,test,0,11255_5
11255,6,5,156,1247,e4d31e20ef79,1,test,0,11255_6
11255,9,6,176,1414,776739802a88,1,test,0,11255_9
11255,A,7,110,880,39b139ffe221,1,test,0,11255_A
11255,H,8,314,2498,196faf3af331,1,test,0,11255_H
11255,J,9,167,1273,98cf001f3ac2,1,test,0,11255_J
11255,K,10,97,739,a68a2f627757,1,test,0,11255_K
11255,L,11,557,4415,027a85411530,1,test,0,11255_L
11255,M,12,458,3637,c28d02a5c760,1,test,0,11255_M
11255,N,13,347,2723,bfc5bab0e77b,1,test,0,11255_N
11255,V,14,27,204,ad3c06efb22f,1,test,0,11255_V
11255,W,15,139,1155,c276712f76ad,1,test,0,11255_W
11255,X,16,87,701,5a4880b7bebb,1,test,0,11255_X
11255,Y,17,171,1403,1e813d7ea77e,1,test,0,11255_Y
11255,Z,18,171,1441,b58fd743e939,1,test,0,11255_Z
11255,a,19,44,371,c65aab80d703,1,test,0,11255_a
11255,b,20,95,737,0233ce2ebc98,1,test,0,11255_b
11255,c,21,126,1024,029f24d4c5b8,1,test,0,11255_c
11255,d,22,297,2372,9d84bb7c9bbc,1,test,0,11255_d
11255,e,23,86,691,8ead98c3c4b0,1,test,0,11255_e
11255,f,24,113,917,f92054c8a279,1,test,0,11255_f
11255,g,25,114,969,6dcd8a80b7ee,1,test,0,11255_g
11255,h,26,95,761,088d86a825f4,1,test,1,11255_h
11255,i,27,145,1209,252de1f30348,1,test,0,11255_i
11255,j,28,82,660,55189730aa39,1,test,0,11255_j
11255,k,29,319,2586,b99d3fba1350,1,test,0,11255_k
11255,l,30,105,874,e2964a7dbcee,1,test,0,11255_l
11255,m,31,80,626,7436ce2c4d55,1,test,0,11255_m
11255,n,32,79,634,e47c1a56df19,1,test,0,11255_n
11255,o,33,120,1004,fc4b7e690e35,1,test,0,11255_o
11255,p,34,128,1059,b9e62d10eea1,1,test,0,11255_p
11255,q,35,139,1142,2d518551ba3e,1,test,0,11255_q
11255,r,36,99,846,3f5457d3aa9c,1,test,0,11255_r
11255,s,37,122,1047,5b8d325dcac4,1,test,0,11255_s
11255,t,38,177,1520,f383085300ff,1,test,0,11255_t
11255,u,39,65,563,6365dc4d6617,1,test,0,11255_u
11255,v,40,155,1307,540759dec456,1,test,0,11255_v
11255,w,41,101,846,ef4ee770ede7,1,test,0,11255_w
11255,x,42,49,412,d94bbaa5a918,1,test,0,11255_x
11255,y,43,50,436,94400dc0fc94,1,test,0,11255_y
11255,z,44,70,576,56a4469d7a01,1,test,0,11255_z
11256,1,0,430,3312,6b1986989859,1,train,0,11256_1
11256,2,1,213,1655,b9a54fc6d76f,1,train,0,11256_2
11256,3,2,688,5275,2e677e7bbbae,1,train,0,11256_3
11256,4,3,429,3444,f6448f28cc54,1,train,0,11256_4
11256,5,4,208,1726,60718b601102,1,train,0,11256_5
11256,6,5,156,1247,e4d31e20ef79,1,train,0,11256_6
11256,9,6,176,1414,776739802a88,1,train,0,11256_9
11256,A,7,115,922,138fc1923b08,1,train,0,11256_A
11256,H,8,318,2528,91fe8c27f397,1,train,0,11256_H
11256,J,9,175,1344,9566c953ac21,1,train,0,11256_J
11256,K,10,97,739,a68a2f627757,1,train,0,11256_K
11256,L,11,605,4797,ed301aa61769,1,train,0,11256_L
11256,M,12,458,3637,c28d02a5c760,1,train,0,11256_M
11256,N,13,347,2723,bfc5bab0e77b,1,train,0,11256_N
11256,V,14,139,1020,9fcd9e08a801,1,train,0,11256_V
11256,W,15,139,1155,c276712f76ad,1,train,0,11256_W
11256,X,16,87,701,5a4880b7bebb,1,train,0,11256_X
11256,Y,17,171,1403,1e813d7ea77e,1,train,0,11256_Y
11256,Z,18,171,1441,b58fd743e939,1,train,0,11256_Z
11256,a,19,44,371,c65aab80d703,1,train,0,11256_a
11256,b,20,95,737,0233ce2ebc98,1,train,0,11256_b
11256,c,21,126,1024,029f24d4c5b8,1,train,0,11256_c
11256,d,22,340,2748,9bc871bab4c3,1,train,0,11256_d
11256,e,23,86,691,8ead98c3c4b0,1,train,0,11256_e
11256,f,24,113,917,f92054c8a279,1,train,1,11256_f
11256,g,25,114,969,6dcd8a80b7ee,1,train,0,11256_g
11256,h,26,95,761,088d86a825f4,1,train,0,11256_h
11256,i,27,145,1209,252de1f30348,1,train,0,11256_i
11256,j,28,82,660,55189730aa39,1,train,0,11256_j
11256,k,29,319,2586,b99d3fba1350,1,train,0,11256_k
11256,l,30,105,874,e2964a7dbcee,1,train,0,11256_l
11256,m,31,80,626,7436ce2c4d55,1,train,0,11256_m
11256,n,32,79,634,e47c1a56df19,1,train,0,11256_n
11256,o,33,120,1004,fc4b7e690e35,1,train,0,11256_o
11256,p,34,128,1059,b9e62d10eea1,1,train,0,11256_p
11256,q,35,139,1142,2d518551ba3e,1,train,0,11256_q
11256,r,36,99,846,3f5457d3aa9c,1,train,0,11256_r
11256,s,37,122,1047,5b8d325dcac4,1,train,0,11256_s
11256,t,38,177,1520,f383085300ff,1,train,0,11256_t
11256,u,39,65,563,6365dc4d6617,1,train,0,11256_u
11256,v,40,155,1307,540759dec456,1,train,0,11256_v
11256,w,41,101,846,ef4ee770ede7,1,train,1,11256_w
11256,x,42,49,412,d94bbaa5a918,1,train,0,11256_x
11256,y,43,50,436,94400dc0fc94,1,train,0,11256_y
11256,z,44,70,576,56a4469d7a01,1,train,0,11256_z
11257,1,0,430,3312,6b1986989859,1,train,0,11257_1
11257,2,1,213,1655,b9a54fc6d76f,1,train,0,11257_2
11257,3,2,688,5275,2e677e7bbbae,1,train,0,11257_3
11257,4,3,420,3377,c3414686df25,1,train,0,11257_4
11257,5,4,208,1726,60718b601102,1,train,0,11257_5
11257,6,5,156,1247,e4d31e20ef79,1,train,0,11257_6
11257,9,6,176,1414,776739802a88,1,train,0,11257_9
11257,A,7,110,880,39b139ffe221,1,train,0,11257_A
11257,H,8,313,2489,d5c8d393e3db,1,train,0,11257_H
11257,J,9,167,1273,98cf001f3ac2,1,train,1,11257_J
11257,K,10,97,739,a68a2f627757,1,train,0,11257_K
11257,L,11,605,4796,ed301aa61769,1,train,0,11257_L
11257,M,12,458,3637,c28d02a5c760,1,train,0,11257_M
11257,N,13,347,2723,bfc5bab0e77b,1,train,0,11257_N
11257,V,14,139,1020,9fcd9e08a801,1,train,0,11257_V
11257,W,15,139,1155,c276712f76ad,1,train,1,11257_W
11257,X,16,87,701,5a4880b7bebb,1,train,0,11257_X
11257,Y,17,171,1403,1e813d7ea77e,1,train,0,11257_Y
11257,Z,18,171,1441,b58fd743e939,1,train,0,11257_Z
11257,a,19,44,371,c65aab80d703,1,train,0,11257_a
11257,b,20,95,737,0233ce2ebc98,1,train,0,11257_b
11257,c,21,126,1024,029f24d4c5b8,1,train,0,11257_c
11257,d,22,297,2372,9d84bb7c9bbc,1,train,0,11257_d
11257,e,23,86,691,8ead98c3c4b0,1,train,0,11257_e
11257,f,24,113,917,f92054c8a279,1,train,0,11257_f
11257,g,25,114,969,6dcd8a80b7ee,1,train,0,11257_g
11257,h,26,95,761,088d86a825f4,1,train,0,11257_h
11257,i,27,145,1209,252de1f30348,1,train,0,11257_i
11257,j,28,82,660,55189730aa39,1,train,0,11257_j
11257,k,29,319,2586,b99d3fba1350,1,train,0,11257_k
11257,l,30,105,874,e2964a7dbcee,1,train,0,11257_l
11257,m,31,80,626,7436ce2c4d55,1,train,0,11257_m
11257,n,32,79,634,e47c1a56df19,1,train,0,11257_n
11257,o,33,120,1004,fc4b7e690e35,1,train,0,11257_o
11257,p,34,128,1059,b9e62d10eea1,1,train,0,11257_p
11257,q,35,139,1142,2d518551ba3e,1,train,0,11257_q
11257,r,36,99,846,3f5457d3aa9c,1,train,0,11257_r
11257,s,37,122,1047,5b8d325dcac4,1,train,0,11257_s
11257,t,38,177,1520,f383085300ff,1,train,0,11257_t
11257,u,39,65,563,6365dc4d6617,1,train,0,11257_u
11257,v,40,155,1307,540759dec456,1,train,0,11257_v
11257,w,41,101,846,ef4ee770ede7,1,train,0,11257_w
11257,x,42,49,412,d94bbaa5a918,1,train,0,11257_x
11257,y,43,50,436,94400dc0fc94,1,train,0,11257_y
11257,z,44,70,576,56a4469d7a01,1,train,0,11257_z
11258,1,0,430,3312,6b1986989859,1,train,1,11258_1
11258,2,1,213,1655,b9a54fc6d76f,1,train,0,11258_2
11258,3,2,688,5275,2e677e7bbbae,1,train,0,11258_3
11258,4,3,420,3377,c3414686df25,1,train,0,11258_4
11258,5,4,208,1726,60718b601102,1,train,0,11258_5
11258,6,5,156,1247,e4d31e20ef79,1,train,0,11258_6
11258,9,6,176,1414,776739802a88,1,train,0,11258_9
11258,A,7,110,880,39b139ffe221,1,train,0,11258_A
11258,H,8,313,2489,d5c8d393e3db,1,train,0,11258_H
11258,J,9,167,1273,98cf001f3ac2,1,train,0,11258_J
11258,K,10,97,739,a68a2f627757,1,train,0,11258_K
11258,L,11,605,4796,ed301aa61769,1,train,0,11258_L
11258,M,12,458,3637,c28d02a5c760,1,train,0,11258_M
11258,N,13,347,2723,bfc5bab0e77b,1,train,0,11258_N
11258,V,14,139,1020,9fcd9e08a801,1,train,0,11258_V
11258,W,15,139,1155,c276712f76ad,1,train,0,11258_W
11258,X,16,87,701,5a4880b7bebb,1,train,0,11258_X
11258,Y,17,171,1403,1e813d7ea77e,1,train,0,11258_Y
11258,Z,18,171,1441,b58fd743e939,1,train,0,11258_Z
11258,a,19,44,371,c65aab80d703,1,train,0,11258_a
11258,b,20,95,737,0233ce2ebc98,1,train,0,11258_b
11258,c,21,126,1024,029f24d4c5b8,1,train,0,11258_c
11258,d,22,297,2372,9d84bb7c9bbc,1,train,0,11258_d
11258,e,23,86,691,8ead98c3c4b0,1,train,0,11258_e
11258,f,24,113,917,f92054c8a279,1,train,0,11258_f
11258,g,25,114,969,6dcd8a80b7ee,1,train,0,11258_g
11258,h,26,95,761,088d86a825f4,1,train,0,11258_h
11258,i,27,145,1209,252de1f30348,1,train,0,11258_i
11258,j,28,82,660,55189730aa39,1,train,0,11258_j
11258,k,29,319,2586,b99d3fba1350,1,train,0,11258_k
11258,l,30,105,874,e2964a7dbcee,1,train,0,11258_l
11258,m,31,80,626,7436ce2c4d55,1,train,0,11258_m
11258,n,32,79,634,e47c1a56df19,1,train,0,11258_n
11258,o,33,120,1004,fc4b7e690e35,1,train,0,11258_o
11258,p,34,128,1059,b9e62d10eea1,1,train,0,11258_p
11258,q,35,139,1142,2d518551ba3e,1,train,0,11258_q
11258,r,36,99,846,3f5457d3aa9c,1,train,0,11258_r
11258,s,37,122,1047,5b8d325dcac4,1,train,0,11258_s
11258,t,38,177,1520,f383085300ff,1,train,0,11258_t
11258,u,39,65,563,6365dc4d6617,1,train,0,11258_u
11258,v,40,155,1307,540759dec456,1,train,0,11258_v
11258,w,41,101,846,ef4ee770ede7,1,train,0,11258_w
11258,x,42,49,412,d94bbaa5a918,1,train,0,11258_x
11258,y,43,50,436,94400dc0fc94,1,train,0,11258_y
11258,z,44,70,576,56a4469d7a01,1,train,0,11258_z
11261,1,0,430,3312,6b1986989859,1,val,0,11261_1
11261,2,1,213,1655,b9a54fc6d76f,1,val,0,11261_2
11261,3,2,688,5275,2e677e7bbbae,1,val,0,11261_3
11261,4,3,419,3368,2e0f0d616c60,1,val,0,11261_4
11261,5,4,208,1726,60718b601102,1,val,0,11261_5
11261,6,5,156,1247,e4d31e20ef79,1,val,0,11261_6
11261,9,6,176,1414,776739802a88,1,val,0,11261_9
11261,A,7,110,880,39b139ffe221,1,val,0,11261_A
11261,H,8,311,2479,c45787f181b0,1,val,0,11261_H
11261,J,9,175,1344,9566c953ac21,1,val,0,11261_J
11261,K,10,97,739,a68a2f627757,1,val,0,11261_K
11261,L,11,605,4797,ed301aa61769,1,val,0,11261_L
11261,M,12,458,3637,c28d02a5c760,1,val,0,11261_M
11261,N,13,347,2723,bfc5bab0e77b,1,val,0,11261_N
11261,V,14,48,336,6c6ab57d706a,1,val,0,11261_V
11261,W,15,139,1155,c276712f76ad,1,val,0,11261_W
11261,X,16,87,701,5a4880b7bebb,1,val,0,11261_X
11261,Y,17,171,1403,1e813d7ea77e,1,val,0,11261_Y
11261,Z,18,171,1441,b58fd743e939,1,val,0,11261_Z
11261,a,19,44,371,c65aab80d703,1,val,0,11261_a
11261,b,20,95,737,0233ce2ebc98,1,val,1,11261_b
11261,c,21,126,1024,029f24d4c5b8,1,val,0,11261_c
11261,d,22,297,2372,9d84bb7c9bbc,1,val,0,11261_d
11261,e,23,86,691,8ead98c3c4b0,1,val,0,11261_e
11261,f,24,113,917,f92054c8a279,1,val,0,11261_f
11261,g,25,114,969,6dcd8a80b7ee,1,val,0,11261_g
11261,h,26,95,761,088d86a825f4,1,val,0,11261_h
11261,i,27,145,1209,252de1f30348,1,val,0,11261_i
11261,j,28,82,660,55189730aa39,1,val,0,11261_j
11261,k,29,319,2586,b99d3fba1350,1,val,0,11261_k
11261,l,30,105,874,e2964a7dbcee,1,val,0,11261_l
11261,m,31,80,626,7436ce2c4d55,1,val,1,11261_m
11261,n,32,79,634,e47c1a56df19,1,val,0,11261_n
11261,o,33,120,1004,fc4b7e690e35,1,val,0,11261_o
11261,p,34,128,1059,b9e62d10eea1,1,val,0,11261_p
11261,q,35,139,1142,2d518551ba3e,1,val,0,11261_q
11261,r,36,99,846,3f5457d3aa9c,1,val,0,11261_r
11261,s,37,122,1047,5b8d325dcac4,1,val,0,11261_s
11261,t,38,177,1520,f383085300ff,1,val,1,11261_t
11261,u,39,65,563,6365dc4d6617,1,val,0,11261_u
11261,v,40,155,1307,540759dec456,1,val,0,11261_v
11261,w,41,101,846,ef4ee770ede7,1,val,0,11261_w
11261,x,42,49,412,d94bbaa5a918,1,val,0,11261_x
11261,y,43,50,436,94400dc0fc94,1,val,0,11261_y
11261,z,44,70,576,56a4469d7a01,1,val,0,11261_z
11262,1,0,430,3312,6b1986989859,1,test,0,11262_1
11262,2,1,213,1655,b9a54fc6d76f,1,test,0,11262_2
11262,3,2,688,5275,2e677e7bbbae,1,test,0,11262_3
11262,4,3,410,3288,f1b0adce0972,1,test,0,11262_4
11262,5,4,208,1726,60718b601102,1,test,0,11262_5
11262,6,5,156,1247,e4d31e20ef79,1,test,0,11262_6
11262,9,6,176,1414,776739802a88,1,test,0,11262_9
11262,A,7,110,880,39b139ffe221,1,test,0,11262_A
11262,H,8,311,2479,c45787f181b0,1,test,0,11262_H
11262,J,9,175,1344,9566c953ac21,1,test,0,11262_J
11262,K,10,97,739,a68a2f627757,1,test,0,11262_K
11262,L,11,539,4275,68d286b1a778,1,test,0,11262_L
11262,M,12,458,3637,c28d02a5c760,1,test,0,11262_M
11262,N,13,347,2723,bfc5bab0e77b,1,test,0,11262_N
11262,W,14,139,1155,c276712f76ad,1,test,0,11262_W
11262,X,15,87,701,5a4880b7bebb,1,test,0,11262_X
11262,Y,16,171,1403,1e813d7ea77e,1,test,0,11262_Y
11262,Z,17,171,1441,b58fd743e939,1,test,0,11262_Z
11262,a,18,44,371,c65aab80d703,1,test,0,11262_a
11262,b,19,95,737,0233ce2ebc98,1,test,0,11262_b
11262,c,20,126,1024,029f24d4c5b8,1,test,0,11262_c
11262,d,21,297,2372,9d84bb7c9bbc,1,test,0,11262_d
11262,e,22,86,691,8ead98c3c4b0,1,test,0,11262_e
11262,f,23,113,917,f92054c8a279,1,test,0,11262_f
11262,g,24,114,969,6dcd8a80b7ee,1,test,0,11262_g
11262,h,25,95,761,088d86a825f4,1,test,0,11262_h
11262,i,26,145,1209,252de1f30348,1,test,0,11262_i
11262,j,27,82,660,55189730aa39,1,test,0,11262_j
11262,k,28,319,2586,b99d3fba1350,1,test,1,11262_k
11262,l,29,105,874,e2964a7dbcee,1,test,1,11262_l
11262,m,30,80,626,7436ce2c4d55,1,test,0,11262_m
11262,n,31,79,634,e47c1a56df19,1,test,0,11262_n
11262,o,32,120,1004,fc4b7e690e35,1,test,0,11262_o
11262,p,33,128,1059,b9e62d10eea1,1,test,0,11262_p
11262,q,34,139,1142,2d518551ba3e,1,test,0,11262_q
11262,r,35,99,846,3f5457d3aa9c,1,test,0,11262_r
11262,s,36,122,1047,5b8d325dcac4,1,test,0,11262_s
11262,t,37,177,1520,f383085300ff,1,test,0,11262_t
11262,u,38,65,563,6365dc4d6617,1,test,0,11262_u
11262,v,39,155,1307,540759dec456,1,test,0,11262_v
11262,w,40,101,846,ef4ee770ede7,1,test,0,11262_w
11262,x,41,49,412,d94bbaa5a918,1,test,0,11262_x
11262,y,42,50,436,94400dc0fc94,1,test,0,11262_y
11262,z,43,70,576,56a4469d7a01,1,test,0,11262_z
11263,1,0,430,3312,6b1986989859,1,train,0,11263_1
11263,2,1,213,1655,b9a54fc6d76f,1,train,0,11263_2
11263,3,2,688,5275,2e677e7bbbae,1,train,0,11263_3
11263,4,3,380,3043,9bdba88d2c2e,1,train,0,11263_4
11263,5,4,208,1726,60718b601102,1,train,0,11263_5
11263,6,5,156,1247,e4d31e20ef79,1,train,0,11263_6
11263,9,6,176,1414,776739802a88,1,train,0,11263_9
11263,A,7,110,880,39b139ffe221,1,train,0,11263_A
11263,H,8,311,2479,c45787f181b0,1,train,0,11263_H
11263,J,9,175,1344,9566c953ac21,1,train,1,11263_J
11263,K,10,97,739,a68a2f627757,1,train,0,11263_K
11263,L,11,539,4275,68d286b1a778,1,train,0,11263_L
11263,M,12,454,3601,1ddeed54a409,1,train,0,11263_M
11263,N,13,347,2723,bfc5bab0e77b,1,train,0,11263_N
11263,W,14,139,1155,c276712f76ad,1,train,0,11263_W
11263,X,15,87,701,5a4880b7bebb,1,train,0,11263_X
11263,Y,16,171,1403,1e813d7ea77e,1,train,0,11263_Y
11263,Z,17,171,1441,b58fd743e939,1,train,0,11263_Z
11263,a,18,44,371,c65aab80d703,1,train,0,11263_a
11263,b,19,95,737,0233ce2ebc98,1,train,0,11263_b
11263,c,20,126,1024,029f24d4c5b8,1,train,0,11263_c
11263,d,21,297,2372,9d84bb7c9bbc,1,train,0,11263_d
11263,e,22,86,691,8ead98c3c4b0,1,train,0,11263_e
11263,f,23,113,917,f92054c8a279,1,train,0,11263_f
11263,g,24,114,969,6dcd8a80b7ee,1,train,0,11263_g
11263,h,25,95,761,088d86a825f4,1,train,0,11263_h
11263,i,26,145,1209,252de1f30348,1,train,0,11263_i
11263,j,27,82,660,55189730aa39,1,train,0,11263_j
11263,k,28,319,2586,b99d3fba1350,1,train,0,11263_k
11263,l,29,105,874,e2964a7dbcee,1,train,0,11263_l
11263,m,30,80,626,7436ce2c4d55,1,train,0,11263_m
11263,n,31,79,634,e47c1a56df19,1,train,0,11263_n
11263,o,32,120,1004,fc4b7e690e35,1,train,0,11263_o
11263,p,33,128,1059,b9e62d10eea1,1,train,0,11263_p
11263,q,34,139,1142,2d518551ba3e,1,train,0,11263_q
11263,r,35,99,846,3f5457d3aa9c,1,train,0,11263_r
11263,s,36,122,1047,5b8d325dcac4,1,train,0,11263_s
11263,t,37,177,1520,f383085300ff,1,train,0,11263_t
11263,u,38,65,563,6365dc4d6617,1,train,0,11263_u
11263,v,39,155,1307,540759dec456,1,train,0,11263_v
11263,w,40,101,846,ef4ee770ede7,1,train,0,11263_w
11263,x,41,49,412,d94bbaa5a918,1,train,0,11263_x
11263,y,42,50,436,94400dc0fc94,1,train,0,11263_y
11263,z,43,70,576,56a4469d7a01,1,train,0,11263_z
11301,B,0,206,1624,509f205d0495,1,test,0,11301_B
11301,C,1,213,1729,aa2b4e72a48a,1,test,1,11301_C
11301,D,2,218,1682,c36dceaeb865,1,test,0,11301_D
11301,E,3,262,2076,7a6daa02623c,1,test,0,11301_E
11301,F,4,225,1748,981f15287eae,1,test,0,11301_F
11301,G,5,230,1862,fb47701beb5a,1,test,0,11301_G
11301,H,6,186,1501,1238a305d357,1,test,0,11301_H
11301,I,7,205,1682,fbea195b77ee,1,test,0,11301_I
11301,J,8,180,1499,bdc506180619,1,test,0,11301_J
11301,K,9,189,1495,1c183b697401,1,test,0,11301_K
11301,L,10,151,1229,72f9e0f1c438,1,test,0,11301_L
11301,M,11,95,800,e9bf5a804034,1,test,0,11301_M
11301,N,12,149,1202,df3b35a908be,1,test,0,11301_N
11301,O,13,123,953,7821060708d5,1,test,0,11301_O
11301,P,14,122,897,753321b4ed8d,1,test,0,11301_P
11301,Q,15,120,984,d367c3aea27b,1,test,0,11301_Q
11301,R,16,139,1109,ea6c4e21cc6e,1,test,0,11301_R
11301,S,17,130,1050,62e2245ad097,1,test,0,11301_S
11301,T,18,143,1184,83e2b19ba899,1,test,1,11301_T
11301,U,19,144,1122,d751c3719cde,1,test,0,11301_U
11301,V,20,101,803,db95529fad07,1,test,0,11301_V
11301,W,21,129,1034,41a8986a004d,1,test,0,11301_W
11301,X,22,141,1098,eacbd46b2869,1,test,0,11301_X
11301,Y,23,124,1014,c345558b90bc,1,test,0,11301_Y
11301,Z,24,82,625,e5356a0a5838,1,test,0,11301_Z
11301,a,25,72,574,48af581d5572,1,test,0,11301_a
11301,b,26,82,640,cea9b78434d6,1,test,0,11301_b
11301,d,27,61,479,1e46b6bbb991,1,test,1,11301_d
11301,e,28,56,430,b5a6767026de,1,test,0,11301_e
11301,f,29,54,455,09a17ec29b6c,1,test,0,11301_f
11301,g,30,64,477,ac9ac62038ba,1,test,0,11301_g
11301,i,31,29,239,d0d86cc3ff18,1,test,0,11301_i
11301,j,32,314,2440,531ccb30ebaf,1,test,0,11301_j
11301,u,33,615,4954,2049b9bdfb4f,1,test,0,11301_u
11310,B,0,206,1624,509f205d0495,1,val,0,11310_B
11310,C,1,213,1729,aa2b4e72a48a,1,val,0,11310_C
11310,D,2,218,1682,c36dceaeb865,1,val,0,11310_D
11310,E,3,262,2076,7a6daa02623c,1,val,0,11310_E
11310,F,4,225,1748,981f15287eae,1,val,0,11310_F
11310,G,5,230,1862,fb47701beb5a,1,val,0,11310_G
11310,H,6,186,1501,1238a305d357,1,val,0,11310_H
11310,I,7,205,1682,fbea195b77ee,1,val,0,11310_I
11310,J,8,180,1499,bdc506180619,1,val,0,11310_J
11310,K,9,189,1495,1c183b697401,1,val,0,11310_K
11310,L,10,151,1229,72f9e0f1c438,1,val,0,11310_L
11310,M,11,95,800,e9bf5a804034,1,val,0,11310_M
11310,N,12,149,1202,df3b35a908be,1,val,0,11310_N
11310,O,13,123,953,7821060708d5,1,val,0,11310_O
11310,P,14,135,1006,95fc0a388941,1,val,0,11310_P
11310,Q,15,120,984,d367c3aea27b,1,val,0,11310_Q
11310,R,16,139,1109,ea6c4e21cc6e,1,val,0,11310_R
11310,S,17,132,1066,0706d85ced18,1,val,0,11310_S
11310,T,18,143,1184,83e2b19ba899,1,val,0,11310_T
11310,U,19,144,1122,d751c3719cde,1,val,0,11310_U
11310,V,20,101,803,db95529fad07,1,val,0,11310_V
11310,W,21,129,1034,41a8986a004d,1,val,0,11310_W
11310,X,22,141,1098,eacbd46b2869,1,val,0,11310_X
11310,Y,23,124,1014,c345558b90bc,1,val,0,11310_Y
11310,Z,24,82,625,e5356a0a5838,1,val,1,11310_Z
11310,a,25,72,574,48af581d5572,1,val,0,11310_a
11310,b,26,82,640,cea9b78434d6,1,val,0,11310_b
11310,c,27,101,814,41997dc39665,1,val,0,11310_c
11310,d,28,61,479,1e46b6bbb991,1,val,0,11310_d
11310,e,29,56,422,b5a6767026de,1,val,0,11310_e
11310,f,30,54,455,09a17ec29b6c,1,val,0,11310_f
11310,g,31,72,553,4a8d6b7fd3e7,1,val,0,11310_g
11310,i,32,29,239,d0d86cc3ff18,1,val,0,11310_i
11310,j,33,314,2440,531ccb30ebaf,1,val,0,11310_j
11310,u,34,615,4954,2049b9bdfb4f,1,val,0,11310_u
11320,A,0,216,1705,c7740f253a2e,1,test,0,11320_A
11320,B,1,213,1729,aa2b4e72a48a,1,test,0,11320_B
11320,C,2,218,1690,c36dceaeb865,1,test,0,11320_C
11320,D,3,225,1752,981f15287eae,1,test,0,11320_D
11320,E,4,262,2076,7a6daa02623c,1,test,0,11320_E
11320,F,5,190,1501,14eb3eb6f56d,1,test,0,11320_F
11320,G,6,230,1862,fb47701beb5a,1,test,0,11320_G
11320,H,7,186,1501,1238a305d357,1,test,0,11320_H
11320,I,8,205,1682,fbea195b77ee,1,test,0,11320_I
11320,J,9,180,1499,bdc506180619,1,test,0,11320_J
11320,K,10,97,816,df1b3d7505bb,1,test,0,11320_K
11320,L,11,151,1229,72f9e0f1c438,1,test,0,11320_L
11320,M,12,123,953,7821060708d5,1,test,0,11320_M
11320,N,13,149,1202,df3b35a908be,1,test,0,11320_N
11320,O,14,135,1010,95fc0a388941,1,test,0,11320_O
11320,P,15,124,1016,75d13cb07f76,1,test,1,11320_P
11320,Q,16,142,1128,28aa64eb8d77,1,test,0,11320_Q
11320,R,17,132,1068,0706d85ced18,1,test,0,11320_R
11320,S,18,143,1184,83e2b19ba899,1,test,0,11320_S
11320,T,19,144,1122,d751c3719cde,1,test,1,11320_T
11320,U,20,101,803,db95529fad07,1,test,1,11320_U
11320,V,21,83,636,de08bdd7e7c0,1,test,0,11320_V
11320,W,22,129,1034,41a8986a004d,1,test,0,11320_W
11320,X,23,141,1098,eacbd46b2869,1,test,0,11320_X
11320,Y,24,124,1014,c345558b90bc,1,test,0,11320_Y
11320,Z,25,72,574,48af581d5572,1,test,0,11320_Z
11320,a,26,101,814,41997dc39665,1,test,0,11320_a
11320,b,27,82,640,cea9b78434d6,1,test,0,11320_b
11320,c,28,61,479,1e46b6bbb991,1,test,0,11320_c
11320,d,29,55,458,5096f80ca211,1,test,0,11320_d
11320,e,30,56,441,b5a6767026de,1,test,0,11320_e
11320,f,31,72,585,4a8d6b7fd3e7,1,test,1,11320_f
11320,g,32,314,2440,531ccb30ebaf,1,test,0,11320_g
11320,h,33,25,239,494e634253f1,1,test,0,11320_h
11320,j,34,33,267,690c9da920e3,1,test,0,11320_j
11322,D,0,225,1752,981f15287eae,1,test,0,11322_D
11322,F,1,190,1501,14eb3eb6f56d,1,test,0,11322_F
11322,K,2,97,816,df1b3d7505bb,1,test,0,11322_K
11322,M,3,123,953,7821060708d5,1,test,0,11322_M
11322,P,4,124,1016,75d13cb07f76,1,test,1,11322_P
11322,Q,5,142,1128,28aa64eb8d77,1,test,0,11322_Q
11322,R,6,81,671,6b144447e306,1,test,1,11322_R
11322,S,7,143,1184,83e2b19ba899,1,test,0,11322_S
11322,T,8,144,1122,d751c3719cde,1,test,0,11322_T
11322,U,9,101,803,db95529fad07,1,test,0,11322_U
11322,Z,10,72,574,48af581d5572,1,test,0,11322_Z
11322,c,11,61,479,1e46b6bbb991,1,test,1,11322_c
11322,d,12,55,458,5096f80ca211,1,test,0,11322_d
11322,f,13,72,585,4a8d6b7fd3e7,1,test,0,11322_f
11322,g,14,314,2440,531ccb30ebaf,1,test,0,11322_g
11377,A,0,114,923,59f60e923908,1,train,0,11377_A
11377,B,1,156,1247,b921cdd7fab5,1,train,0,11377_B
11377,C,2,207,1721,9b6ef0251f05,1,train,1,11377_C
11377,D,3,429,3451,8619922dfb05,1,train,0,11377_D
11377,E,4,212,1648,cc90603a9410,1,train,0,11377_E
11377,F,5,428,3300,8cd41462c207,1,train,0,11377_F
11377,G,6,688,5296,18e4d1b87fae,1,train,1,11377_G
11377,H,7,317,2530,54465567fb5d,1,train,0,11377_H
11377,I,8,178,1431,c498cd0791a1,1,train,0,11377_I
11377,J,9,170,1290,9d94731542af,1,train,0,11377_J
11377,K,10,97,727,354431f78a87,1,train,0,11377_K
11377,L,11,605,4790,dd6a1cefa0ac,1,train,0,11377_L
11377,M,12,458,3622,b158da039ed0,1,train,0,11377_M
11377,N,13,343,2686,20db9311a06e,1,train,0,11377_N
11377,O,14,320,2607,a397ff849e8b,1,train,0,11377_O
11377,P,15,342,2748,f6518a6e4321,1,train,0,11377_P
11377,Q,16,125,1015,855bd932a7b3,1,train,0,11377_Q
11377,R,17,94,738,b897764d59a7,1,train,0,11377_R
11377,S,18,83,667,dfa73139940a,1,train,0,11377_S
11377,T,19,76,611,6effc821342a,1,train,0,11377_T
11377,U,20,86,692,06e9b21de6c5,1,train,0,11377_U
11377,V,21,114,927,51d33e54e65d,1,train,0,11377_V
11377,W,22,114,970,e0e9b93ecd0b,1,train,0,11377_W
11377,X,23,171,1396,53d2693f9490,1,train,0,11377_X
11377,Y,24,140,1037,068d7975de53,1,train,0,11377_Y
11377,Z,25,141,1167,5bea779f9101,1,train,0,11377_Z
11377,a,26,68,556,29e1de93eb3b,1,train,1,11377_a
11377,b,27,80,628,aaa7b2179663,1,train,0,11377_b
11377,c,28,48,398,1b1a36fe9ee2,1,train,0,11377_c
11377,d,29,120,996,4582a253bfd7,1,train,0,11377_d
11377,e,30,105,877,0a12861bd6fa,1,train,0,11377_e
11377,f,31,53,456,deec047f41d1,1,train,0,11377_f
11377,g,32,101,850,524d47a6c7ac,1,train,0,11377_g
11377,h,33,138,1162,4522c82ad6a8,1,train,0,11377_h
11377,i,34,93,778,caf761c4b2a0,1,train,0,11377_i
11377,j,35,62,537,de0e4fb3f50b,1,train,0,11377_j
11377,k,36,75,609,4e799d43ce60,1,train,0,11377_k
11377,l,37,154,1294,ff8f50e879b8,1,train,0,11377_l
11377,m,38,126,1050,710844179dfb,1,train,0,11377_m
11377,n,39,177,1534,f6766f6d2aca,1,train,0,11377_n
11377,o,40,111,957,67a1bb5661c3,1,train,0,11377_o
11377,p,41,169,1433,1ffe6ef1a6ed,1,train,0,11377_p
11377,q,42,143,1192,b8e461764ee0,1,train,0,11377_q
11377,r,43,99,794,750896d1b801,1,train,0,11377_r
11377,s,44,41,344,f1132627cd8a,1,train,0,11377_s
11440,A,0,216,1705,c7740f253a2e,1,val,0,11440_A
11440,B,1,213,1729,aa2b4e72a48a,1,val,0,11440_B
11440,C,2,218,1690,c36dceaeb865,1,val,0,11440_C
11440,D,3,225,1752,981f15287eae,1,val,0,11440_D
11440,E,4,262,2076,7a6daa02623c,1,val,0,11440_E
11440,F,5,189,1495,1c183b697401,1,val,0,11440_F
11440,G,6,230,1862,fb47701beb5a,1,val,0,11440_G
11440,H,7,186,1501,1238a305d357,1,val,0,11440_H
11440,I,8,205,1682,fbea195b77ee,1,val,0,11440_I
11440,J,9,180,1499,bdc506180619,1,val,0,11440_J
11440,K,10,95,800,e9bf5a804034,1,val,0,11440_K
11440,L,11,151,1229,72f9e0f1c438,1,val,1,11440_L
11440,M,12,123,953,7821060708d5,1,val,0,11440_M
11440,N,13,149,1202,df3b35a908be,1,val,0,11440_N
11440,O,14,135,1009,95fc0a388941,1,val,1,11440_O
11440,P,15,120,984,d367c3aea27b,1,val,0,11440_P
11440,Q,16,139,1109,ea6c4e21cc6e,1,val,0,11440_Q
11440,R,17,122,990,6735a32f70da,1,val,0,11440_R
11440,S,18,143,1184,83e2b19ba899,1,val,0,11440_S
11440,T,19,144,1122,d751c3719cde,1,val,0,11440_T
11440,U,20,101,803,db95529fad07,1,val,0,11440_U
11440,V,21,82,625,e5356a0a5838,1,val,0,11440_V
11440,W,22,129,1034,41a8986a004d,1,val,0,11440_W
11440,X,23,141,1098,eacbd46b2869,1,val,0,11440_X
11440,Y,24,124,1014,c345558b90bc,1,val,0,11440_Y
11440,Z,25,72,574,48af581d5572,1,val,0,11440_Z
11440,b,26,82,640,cea9b78434d6,1,val,0,11440_b
11440,c,27,61,479,1e46b6bbb991,1,val,0,11440_c
11440,d,28,55,458,5096f80ca211,1,val,0,11440_d
11440,e,29,56,442,b5a6767026de,1,val,0,11440_e
11440,f,30,63,510,8cf2b3a2875b,1,val,0,11440_f
11440,g,31,314,2440,531ccb30ebaf,1,val,0,11440_g
11440,x,32,175,1365,d66f8ed9c3d2,1,val,0,11440_x
11440,y,33,317,2490,106a1aaf84e1,1,val,1,11440_y
11456,A,0,221,1741,72e7b031bc55,1,test,0,11456_A
11456,B,1,214,1738,06c8150af7df,1,test,0,11456_B
11456,C,2,222,1725,35e533f6f3bb,1,test,0,11456_C
11456,D,3,227,1765,c3475cf6ce69,1,test,0,11456_D
11456,E,4,262,2076,7a6daa02623c,1,test,0,11456_E
11456,F,5,184,1461,55b415f1dd39,1,test,0,11456_F
11456,G,6,237,1923,fc2d025b2d4e,1,test,0,11456_G
11456,H,7,186,1497,1cfdad65f9f5,1,test,0,11456_H
11456,I,8,206,1686,1ad75645ccd8,1,test,0,11456_I
11456,J,9,185,1525,b53c168820b1,1,test,0,11456_J
11456,K,10,98,827,74e01242decd,1,test,0,11456_K
11456,L,11,153,1247,982957c84f9d,1,test,0,11456_L
11456,M,12,122,942,2dde97275a18,1,test,0,11456_M
11456,N,13,150,1208,d5901649de7b,1,test,0,11456_N
11456,O,14,140,1049,9e4366f9dbe0,1,test,0,11456_O
11456,P,15,129,1061,0cd1865f7f6d,1,test,0,11456_P
11456,Q,16,144,1142,7a97a524be64,1,test,1,11456_Q
11456,R,17,135,1090,b2dfb14025dd,1,test,0,11456_R
11456,S,18,145,1198,d65a4ac5a1ca,1,test,0,11456_S
11456,T,19,143,1112,357aefc129d2,1,test,0,11456_T
11456,U,20,103,817,bc24dfb529fb,1,test,0,11456_U
11456,V,21,83,636,de08bdd7e7c0,1,test,0,11456_V
11456,W,22,129,1034,41a8986a004d,1,test,0,11456_W
11456,X,23,141,1098,eacbd46b2869,1,test,0,11456_X
11456,Y,24,131,1065,ef498eade7ba,1,test,0,11456_Y
11456,Z,25,75,598,a39ba7e034ec,1,test,0,11456_Z
11456,a,26,102,821,fa70ace8483c,1,test,0,11456_a
11456,b,27,83,651,386ed138b41d,1,test,0,11456_b
11456,c,28,64,506,ec0d369dadcd,1,test,0,11456_c
11456,d,29,55,459,5096f80ca211,1,test,0,11456_d
11456,e,30,42,342,4e259d3f97f4,1,test,0,11456_e
11456,f,31,67,548,f6b13230735d,1,test,0,11456_f
11456,g,32,313,2436,ea475b3d65ec,1,test,0,11456_g
11456,i,33,110,865,44775cf0158d,1,test,0,11456_i
11456,y,34,72,603,12f61b1da6c7,1,test,0,11456_y
11457,A,0,145,1192,91f5789cc65b,1,val,0,11457_A
11457,B,1,143,1112,8e8903f81fcb,1,val,0,11457_B
11457,C,2,101,805,654f16ff5309,1,val,0,11457_C
11457,D,3,87,684,d6efe2703a83,1,val,0,11457_D
11457,E,4,129,1021,514365257b36,1,val,0,11457_E
11457,H,5,144,1121,287699eabfa5,1,val,0,11457_H
11457,I,6,134,1073,ccf91c80107f,1,val,0,11457_I
11457,J,7,69,558,46aa478dea19,1,val,0,11457_J
11457,K,8,97,769,e7a50485e7e1,1,val,0,11457_K
11457,L,9,81,610,7ff9df22447f,1,val,0,11457_L
11457,N,10,63,497,6ad42826fb10,1,val,0,11457_N
11457,O,11,53,442,3f8f9e54a4c7,1,val,0,11457_O
11457,P,12,46,370,22d76a591caa,1,val,0,11457_P
11457,Q,13,73,556,6fa832bb3e1e,1,val,0,11457_Q
11457,R,14,313,2403,b6c4908d700c,1,val,0,11457_R
11457,T,15,111,870,c5359f621633,1,val,0,11457_T
11457,i,16,206,1583,33a8154d407f,1,val,0,11457_i
11457,j,17,216,1722,c36f6365e07a,1,val,0,11457_j
11457,k,18,217,1635,f8ec9412d21c,1,val,0,11457_k
11457,l,19,223,1734,2689b74103d5,1,val,0,11457_l
11457,m,20,260,2068,7f84d0a4a4a5,1,val,0,11457_m
11457,n,21,206,1609,ba99ccb30d77,1,val,0,11457_n
11457,o,22,218,1755,9dc0d1f9f429,1,val,0,11457_o
11457,p,23,185,1486,e3e099d9ec6d,1,val,0,11457_p
11457,q,24,188,1489,2fd203edc916,1,val,1,11457_q
11457,r,25,185,1494,bab9a1b32709,1,val,0,11457_r
11457,s,26,92,741,fdb3c0e7bda4,1,val,0,11457_s
11457,t,27,146,1168,bbf003ecd862,1,val,0,11457_t
11457,u,28,124,890,b329d453d01d,1,val,0,11457_u
11457,v,29,150,1192,808b959b19bb,1,val,1,11457_v
11457,w,30,128,949,c7d897108ee8,1,val,1,11457_w
11457,x,31,119,939,24e14690def2,1,val,0,11457_x
11457,y,32,141,1105,8f43a7d54478,1,val,0,11457_y
11457,z,33,125,1001,48c18e0e1a06,1,val,0,11457_z
11492,B,0,1592,12841,e2a5e78ff888,1,train,0,11492_B
11492,D,1,319,2465,554ac739c419,1,train,1,11492_D
11492,F,2,1117,8931,de3297c4ffa7,1,train,0,11492_F
11492,H,3,98,655,0e7c8ecc5d5c,1,train,0,11492_H
11518,A,0,216,1705,c7740f253a2e,1,val,0,11518_A
11518,B,1,213,1729,aa2b4e72a48a,1,val,0,11518_B
11518,C,2,218,1690,c36dceaeb865,1,val,0,11518_C
11518,D,3,225,1752,981f15287eae,1,val,0,11518_D
11518,E,4,262,2076,7a6daa02623c,1,val,0,11518_E
11518,F,5,189,1495,1c183b697401,1,val,0,11518_F
11518,G,6,230,1862,fb47701beb5a,1,val,0,11518_G
11518,H,7,186,1501,1238a305d357,1,val,0,11518_H
11518,I,8,205,1682,fbea195b77ee,1,val,0,11518_I
11518,J,9,180,1499,bdc506180619,1,val,0,11518_J
11518,K,10,95,800,e9bf5a804034,1,val,0,11518_K
11518,L,11,151,1229,72f9e0f1c438,1,val,0,11518_L
11518,M,12,123,953,7821060708d5,1,val,0,11518_M
11518,N,13,149,1202,df3b35a908be,1,val,0,11518_N
11518,O,14,135,1009,95fc0a388941,1,val,0,11518_O
11518,P,15,120,984,d367c3aea27b,1,val,0,11518_P
11518,Q,16,139,1109,ea6c4e21cc6e,1,val,0,11518_Q
11518,R,17,122,990,6735a32f70da,1,val,0,11518_R
11518,S,18,139,1151,0a50bfa6ac51,1,val,0,11518_S
11518,T,19,144,1122,d751c3719cde,1,val,0,11518_T
11518,U,20,101,803,db95529fad07,1,val,0,11518_U
11518,V,21,82,625,e5356a0a5838,1,val,0,11518_V
11518,W,22,129,1034,41a8986a004d,1,val,0,11518_W
11518,X,23,141,1098,eacbd46b2869,1,val,0,11518_X
11518,Y,24,124,1014,c345558b90bc,1,val,1,11518_Y
11518,Z,25,69,549,ac928cbae319,1,val,0,11518_Z
11518,b,26,82,640,cea9b78434d6,1,val,0,11518_b
11518,c,27,61,479,1e46b6bbb991,1,val,0,11518_c
11518,d,28,55,459,5096f80ca211,1,val,0,11518_d
11518,e,29,47,375,87f9b370a88d,1,val,0,11518_e
11518,f,30,59,478,a0d365f17bc1,1,val,0,11518_f
11518,g,31,314,2439,531ccb30ebaf,1,val,0,11518_g
11518,k,32,430,2886,689da45a5f7c,1,val,0,11518_k
11518,x,33,178,1391,5e4ce1f10e47,1,val,0,11518_x
11518,y,34,325,2246,6510949648e8,1,val,0,11518_y
11518,z,35,265,1317,11e6ee4a5396,1,val,0,11518_z
11519,A,0,216,1705,c7740f253a2e,1,train,0,11519_A
11519,B,1,211,1715,549f9fae5d48,1,train,0,11519_B
11519,C,2,216,1674,f3614fd528ef,1,train,0,11519_C
11519,D,3,224,1745,3704d5724c44,1,train,0,11519_D
11519,E,4,255,2031,367b30bfa580,1,train,0,11519_E
11519,F,5,184,1461,55b415f1dd39,1,train,0,11519_F
11519,G,6,223,1802,f159cd7bebca,1,train,0,11519_G
11519,H,7,179,1446,36d893e1ef83,1,train,0,11519_H
11519,I,8,199,1638,a5c1cae592c7,1,train,1,11519_I
11519,J,9,176,1465,395a9bd5cb25,1,train,0,11519_J
11519,K,10,95,799,f080c6fcf6c2,1,train,0,11519_K
11519,L,11,136,1127,c6ceda75fa89,1,train,0,11519_L
11519,M,12,108,837,853731668b08,1,train,0,11519_M
11519,N,13,149,1202,df3b35a908be,1,train,0,11519_N
11519,O,14,126,947,c78e9f2353a3,1,train,0,11519_O
11519,P,15,131,1072,816aa6b606fc,1,train,0,11519_P
11519,Q,16,140,1116,4733bf76ec43,1,train,0,11519_Q
11519,R,17,121,983,e7364d46ab48,1,train,0,11519_R
11519,S,18,141,1162,33a023f15e40,1,train,0,11519_S
11519,T,19,141,1094,52eec3e1bbb2,1,train,0,11519_T
11519,U,20,98,774,aecaae95d586,1,train,0,11519_U
11519,V,21,83,636,de08bdd7e7c0,1,train,0,11519_V
11519,W,22,129,1034,41a8986a004d,1,train,0,11519_W
11519,X,23,139,1080,09f362ed7f28,1,train,0,11519_X
11519,Y,24,122,987,a8f885fe07dc,1,train,0,11519_Y
11519,Z,25,70,557,6aa289922018,1,train,0,11519_Z
11519,b,26,77,611,6ad445ece5b3,1,train,0,11519_b
11519,c,27,61,479,1e46b6bbb991,1,train,0,11519_c
11519,d,28,55,458,5096f80ca211,1,train,0,11519_d
11519,e,29,50,398,fd45287098ca,1,train,0,11519_e
11519,f,30,57,465,3fbdbc4022a3,1,train,0,11519_f
11519,g,31,295,2306,27d31ad3e985,1,train,0,11519_g
11519,j,32,115,928,9c88d7424d86,1,train,0,11519_j
11519,k,33,430,2117,689da45a5f7c,1,train,0,11519_k
11519,y,34,233,1838,e1af1bddcdf1,1,train,0,11519_y
11519,z,35,373,3041,691a8d529bc9,1,train,0,11519_z
11521,A,0,216,1705,c7740f253a2e,1,train,0,11521_A
11521,B,1,211,1715,549f9fae5d48,1,train,0,11521_B
11521,C,2,216,1674,f3614fd528ef,1,train,0,11521_C
11521,D,3,224,1745,3704d5724c44,1,train,0,11521_D
11521,E,4,255,2031,367b30bfa580,1,train,0,11521_E
11521,F,5,184,1461,55b415f1dd39,1,train,0,11521_F
11521,G,6,223,1802,f159cd7bebca,1,train,0,11521_G
11521,H,7,179,1446,36d893e1ef83,1,train,0,11521_H
11521,I,8,199,1638,a5c1cae592c7,1,train,0,11521_I
11521,J,9,176,1465,395a9bd5cb25,1,train,0,11521_J
11521,K,10,95,799,f080c6fcf6c2,1,train,0,11521_K
11521,L,11,136,1127,c6ceda75fa89,1,train,1,11521_L
11521,M,12,108,837,853731668b08,1,train,0,11521_M
11521,N,13,149,1202,df3b35a908be,1,train,0,11521_N
11521,O,14,126,947,c78e9f2353a3,1,train,0,11521_O
11521,P,15,132,1077,4189bf3b81e6,1,train,0,11521_P
11521,Q,16,140,1116,4733bf76ec43,1,train,0,11521_Q
11521,R,17,132,1066,0706d85ced18,1,train,0,11521_R
11521,S,18,141,1162,33a023f15e40,1,train,0,11521_S
11521,T,19,141,1094,52eec3e1bbb2,1,train,0,11521_T
11521,U,20,98,774,aecaae95d586,1,train,0,11521_U
11521,V,21,83,636,de08bdd7e7c0,1,train,0,11521_V
11521,W,22,129,1034,41a8986a004d,1,train,0,11521_W
11521,X,23,139,1080,09f362ed7f28,1,train,0,11521_X
11521,Y,24,122,987,a8f885fe07dc,1,train,0,11521_Y
11521,Z,25,82,638,82e94564f598,1,train,0,11521_Z
11521,b,26,77,611,6ad445ece5b3,1,train,0,11521_b
11521,c,27,61,479,1e46b6bbb991,1,train,0,11521_c
11521,d,28,54,450,1ff44dc8f69d,1,train,0,11521_d
11521,e,29,50,398,fd45287098ca,1,train,0,11521_e
11521,f,30,57,465,3fbdbc4022a3,1,train,0,11521_f
11521,g,31,295,2306,27d31ad3e985,1,train,0,11521_g
11521,h,32,99,792,fde6b0af66d8,1,train,0,11521_h
11521,j,33,116,934,5f1321c0f381,1,train,0,11521_j
11521,z,34,349,2803,c40cc4f98971,1,train,1,11521_z
11523,A,0,529,3984,9463f6593801,6,val,0,11523_A
11523,B,0,529,3977,9463f6593801,6,val,0,11523_B
11523,C,0,529,3977,9463f6593801,6,val,0,11523_C
11523,D,1,528,3970,d1d82b730780,1,val,0,11523_D
11523,E,0,529,3977,9463f6593801,6,val,0,11523_E
11523,F,0,529,3977,9463f6593801,6,val,0,11523_F
11523,G,0,529,3977,9463f6593801,6,val,0,11523_G
11523,H,2,699,5401,153b43eeda73,1,val,1,11523_H
11523,I,3,710,4734,0f0babdc1242,1,val,0,11523_I
11523,J,4,661,4318,37686a481680,1,val,0,11523_J
11548,A,0,144,1081,be911bc0d87f,1,train,0,11548_A
11548,B,1,98,757,981c52d7aec4,1,train,0,11548_B
11548,C,2,95,733,c593105095ed,1,train,0,11548_C
11548,D,3,131,988,a4390613a668,1,train,0,11548_D
11548,E,4,258,1946,11fb1807b5ee,1,train,0,11548_E
11548,F,5,261,1984,37d0c3ec9841,1,train,1,11548_F
11548,G,6,262,1989,d4c223debf0d,1,train,0,11548_G
11548,H,7,258,1942,128f7f6a3a20,1,train,0,11548_H
11548,I,8,135,1017,ecddd80a233a,1,train,0,11548_I
11548,J,9,144,1093,e8fcd1470454,1,train,0,11548_J
11548,K,10,145,1111,c5aa449835b5,1,train,0,11548_K
11548,L,11,140,1078,a3329d063f6e,1,train,0,11548_L
11569,A,0,1722,14270,3fc56f209055,1,train,0,11569_A
11569,B,1,895,6953,a75aa133becc,1,train,0,11569_B
11569,C,2,224,1703,99803aff4102,1,train,0,11569_C
11569,D,3,315,2481,7b002db07627,1,train,0,11569_D
11569,E,4,78,629,144d46adb172,1,train,0,11569_E
11569,F,5,299,2230,d614cc775911,1,train,0,11569_F
11569,L,6,202,1611,cc7b59c6d6d2,1,train,0,11569_L
11569,O,7,252,2108,149b46aa8ee2,1,train,0,11569_O
11569,P,8,195,1577,f39f7c35d97f,1,train,0,11569_P
11569,Q,9,142,1162,cc3fbc755cd5,1,train,0,11569_Q
11569,R,10,87,681,9bd4933e5900,1,train,0,11569_R
11569,S,11,30,230,b4163132a859,1,train,0,11569_S
11569,T,12,203,1669,fb9f50bffcd5,1,train,0,11569_T
11569,V,13,163,1081,8c6a8ac837d2,1,train,1,11569_V
11569,p,14,325,2372,d2e9c2dbdc87,1,train,0,11569_p
11569,r,15,35,259,89221c06aafe,1,train,0,11569_r
11569,s,16,20,158,aff08878781c,1,train,0,11569_s
11569,t,17,56,418,f9d6a2582503,1,train,0,11569_t
11569,u,18,157,1286,d796e5b19c67,1,train,0,11569_u
11569,x,19,30,239,9cf55d85df6f,1,train,0,11569_x
11588,1,0,192,1405,79c80b85dc76,2,train,0,11588_1
11588,2,1,215,1666,215dd9f0244e,1,train,0,11588_2
11588,3,2,241,1844,15d772e30952,1,train,0,11588_3
11588,4,3,207,1631,18ab6e1b780a,1,train,0,11588_4
11588,5,4,229,1786,11b0af8336cc,1,train,0,11588_5
11588,6,5,231,1787,52dbedbc28bd,1,train,1,11588_6
11588,7,6,221,1698,6410bdd52471,1,train,0,11588_7
11588,8,7,219,1669,ff37c701f968,1,train,0,11588_8
11588,9,8,183,1406,96711c6d72d6,1,train,0,11588_9
11588,A,9,741,5824,7f50b1bd4658,1,train,0,11588_A
11588,B,10,731,5796,3aed81c718e6,1,train,0,11588_B
11588,C,11,80,601,f25182e3ceb6,1,train,0,11588_C
11588,D,12,143,1124,b6e3b047bcab,1,train,0,11588_D
11588,E,13,64,509,b4c377b27a8e,1,train,0,11588_E
11588,F,14,165,1277,bea34bfc4c22,1,train,0,11588_F
11588,G,15,99,727,708169bb08b8,1,train,0,11588_G
11588,H,16,94,729,5a4927ec0ff1,1,train,0,11588_H
11588,I,17,35,270,907ca98ab75d,1,train,0,11588_I
11588,J,18,41,316,a546eaf96698,1,train,0,11588_J
11588,K,19,86,613,3ee1d7272077,1,train,0,11588_K
11588,L,20,157,1165,c09f66fe4700,1,train,0,11588_L
11588,M,21,31,239,bb370deea30a,1,train,0,11588_M
11588,O,22,87,679,fb2edf1719d9,1,train,0,11588_O
11588,a,0,192,1405,79c80b85dc76,2,train,0,11588_a
11608,A,0,222,1729,82ff7071651c,1,train,0,11608_A
11608,B,1,206,1605,ba99ccb30d77,1,train,0,11608_B
11608,C,2,92,754,fdb3c0e7bda4,1,train,0,11608_C
11608,D,3,121,875,508797d31f02,1,train,0,11608_D
11608,E,4,117,916,aa889e8271d0,1,train,0,11608_E
11608,F,5,141,1105,8f43a7d54478,1,train,0,11608_F
11608,H,6,121,948,b9db6ec87155,1,train,0,11608_H
11608,I,7,145,1188,91f5789cc65b,1,train,0,11608_I
11608,J,8,143,1112,8e8903f81fcb,1,train,0,11608_J
11608,K,9,100,797,0a6320450fc7,1,train,0,11608_K
11608,L,10,82,651,8e8a91bc4568,1,train,0,11608_L
11608,M,11,53,442,3f8f9e54a4c7,1,train,0,11608_M
11608,N,12,73,560,abb93bfcaab8,1,train,0,11608_N
11608,O,13,312,2383,b170344b09fe,1,train,0,11608_O
11608,P,14,206,1603,33a8154d407f,1,train,0,11608_P
11608,Q,15,226,1798,d358491ffc7d,1,train,0,11608_Q
11608,R,16,216,1626,571d9eaa95bd,1,train,0,11608_R
11608,S,17,258,2056,025b1157bcdd,1,train,0,11608_S
11608,T,18,228,1815,d74cba459a94,1,train,0,11608_T
11608,U,19,184,1473,a36264762a3e,1,train,0,11608_U
11608,V,20,187,1476,e6faf0c37434,1,train,0,11608_V
11608,W,21,184,1479,c709f6d2bc86,1,train,0,11608_W
11608,X,22,142,1142,c364ee8e55e5,1,train,0,11608_X
11608,Y,23,150,1192,808b959b19bb,1,train,0,11608_Y
11608,Z,24,127,923,f468ddcbbce5,1,train,0,11608_Z
11608,a,25,87,673,d6efe2703a83,1,train,0,11608_a
11608,b,26,129,1021,514365257b36,1,train,0,11608_b
11608,c,27,144,1121,287699eabfa5,1,train,0,11608_c
11608,d,28,134,1073,ccf91c80107f,1,train,0,11608_d
11608,e,29,97,765,e7a50485e7e1,1,train,0,11608_e
11608,f,30,81,610,7ff9df22447f,1,train,0,11608_f
11608,g,31,60,472,194517783a95,1,train,1,11608_g
11608,h,32,63,491,6ad42826fb10,1,train,0,11608_h
11608,x,33,582,4608,1f09faa7d7e4,1,train,0,11608_x
11608,y,34,79,624,3f5afeb11550,1,train,0,11608_y
11608,z,35,120,896,c095bc185b91,1,train,0,11608_z
11614,A,0,429,3328,689841054868,1,train,1,11614_A
11614,B,1,219,1702,3833e27bb7bb,1,train,0,11614_B
11614,C,2,693,5288,62788d77f0cf,1,train,0,11614_C
11614,D,3,177,1438,5a1609f2a7c0,1,train,0,11614_D
11614,E,4,153,1215,5caa2de029db,1,train,0,11614_E
11614,F,5,178,1518,4e4592bdfd8a,1,train,0,11614_F
11614,G,6,382,3049,8f1d8cda64d7,1,train,0,11614_G
11614,H,7,318,2493,2d8bfadb6d35,1,train,0,11614_H
11614,I,8,481,3754,cc75dc091863,1,train,0,11614_I
11614,J,9,96,800,984e5d556934,1,train,0,11614_J
11614,K,10,85,667,ce63ba5899f7,1,train,0,11614_K
11614,M,11,482,3825,8c27168396d7,1,train,0,11614_M
11614,N,12,149,1201,c95861a6f6db,1,train,0,11614_N
11614,O,13,111,874,f82a8ed81ea5,1,train,0,11614_O
11614,P,14,71,554,0364abbd8d68,1,train,0,11614_P
11614,Q,15,92,722,cffba61e5154,1,train,0,11614_Q
11614,R,16,129,1039,091b5de57670,1,train,0,11614_R
11614,S,17,101,821,ea411b706c9b,1,train,0,11614_S
11614,T,18,328,2535,f10914ac21e5,1,train,0,11614_T
11614,U,19,122,1011,4be6a3afd7e1,1,train,1,11614_U
11614,V,20,57,461,0343dec5d46a,1,train,0,11614_V
11614,W,21,37,273,ad8f37ae82b2,1,train,0,11614_W
11614,X,22,103,843,60150dcd07a6,1,train,0,11614_X
11614,Y,23,98,774,ae8bd01c4c9f,1,train,0,11614_Y
11614,Z,24,140,1103,75910426a790,1,train,0,11614_Z
11614,a,25,600,4677,36609e19ef06,1,train,0,11614_a
11614,b,26,63,519,0a4b0ca906ae,1,train,0,11614_b
11614,c,27,99,744,c3c0e1cdf6aa,1,train,0,11614_c
11614,d,28,66,329,1b18644c45c6,1,train,0,11614_d
11614,e,29,84,417,55253420959a,1,train,0,11614_e
11614,f,30,76,640,0ebe74e7f36e,1,train,0,11614_f
11614,g,31,47,386,9648cce564d6,1,train,0,11614_g
11614,h,32,28,232,1a3e96bbb06e,1,train,0,11614_h
11614,i,33,66,514,d398a2009243,1,train,0,11614_i
11614,j,34,68,582,abe6d0c9d371,1,train,0,11614_j
11614,k,35,78,614,73052cb0f6da,1,train,0,11614_k
11614,l,36,23,112,134df8960a0c,1,train,0,11614_l
11614,m,37,69,605,5e7c39e8d2e0,1,train,0,11614_m
11614,n,38,27,205,31cd48ba5537,1,train,0,11614_n
11614,o,39,202,1568,2d34e352bd90,1,train,0,11614_o
11614,p,40,224,1705,745a26a6ca17,1,train,1,11614_p
11614,q,41,228,1736,6b930de9aa0c,1,train,0,11614_q
11614,r,42,24,120,4f130f23896b,1,train,0,11614_r
11614,s,43,20,100,ebd3d4adf970,1,train,0,11614_s
11614,t,44,31,232,5476220093e0,1,train,0,11614_t
11615,A,0,429,3328,689841054868,1,train,0,11615_A
11615,B,1,219,1702,3833e27bb7bb,1,train,0,11615_B
11615,C,2,693,5288,62788d77f0cf,1,train,1,11615_C
11615,D,3,177,1438,5a1609f2a7c0,1,train,0,11615_D
11615,E,4,153,1215,5caa2de029db,1,train,0,11615_E
11615,F,5,178,1518,4e4592bdfd8a,1,train,0,11615_F
11615,G,6,382,3049,8f1d8cda64d7,1,train,0,11615_G
11615,H,7,318,2493,2d8bfadb6d35,1,train,0,11615_H
11615,I,8,481,3754,cc75dc091863,1,train,0,11615_I
11615,J,9,96,800,984e5d556934,1,train,0,11615_J
11615,K,10,85,667,ce63ba5899f7,1,train,0,11615_K
11615,N,11,149,1201,c95861a6f6db,1,train,0,11615_N
11615,O,12,111,874,f82a8ed81ea5,1,train,0,11615_O
11615,P,13,71,554,0364abbd8d68,1,train,0,11615_P
11615,Q,14,92,722,cffba61e5154,1,train,0,11615_Q
11615,R,15,121,977,e382eb9f95a1,1,train,0,11615_R
11615,S,16,101,821,ea411b706c9b,1,train,0,11615_S
11615,T,17,328,2535,f10914ac21e5,1,train,0,11615_T
11615,U,18,122,1011,4be6a3afd7e1,1,train,0,11615_U
11615,V,19,57,461,0343dec5d46a,1,train,0,11615_V
11615,W,20,37,273,ad8f37ae82b2,1,train,0,11615_W
11615,X,21,103,843,60150dcd07a6,1,train,0,11615_X
11615,Y,22,98,774,ae8bd01c4c9f,1,train,0,11615_Y
11615,Z,23,140,1103,75910426a790,1,train,0,11615_Z
11615,c,24,99,744,c3c0e1cdf6aa,1,train,0,11615_c
11615,i,25,63,492,01be2a4367e8,1,train,0,11615_i
11615,j,26,68,582,abe6d0c9d371,1,train,0,11615_j
11615,k,27,78,614,73052cb0f6da,1,train,0,11615_k
11615,n,28,27,205,31cd48ba5537,1,train,0,11615_n
11615,o,29,202,1568,2d34e352bd90,1,train,0,11615_o
11615,p,30,224,1705,745a26a6ca17,1,train,1,11615_p
11615,q,31,228,1736,6b930de9aa0c,1,train,0,11615_q
11615,r,32,24,120,4f130f23896b,1,train,0,11615_r
11615,z,33,499,3992,c27ea3aa8e10,1,train,0,11615_z
11647,A,0,624,4948,4e6b7849f5c6,2,train,1,11647_A
11647,B,0,624,4948,4e6b7849f5c6,2,train,0,11647_B
11647,H,1,220,1634,fd99e700fa7c,2,train,0,11647_H
11647,I,1,220,1634,fd99e700fa7c,2,train,0,11647_I
11647,L,2,218,1694,3aeaffb89e26,2,train,0,11647_L
11647,M,2,218,1694,3aeaffb89e26,2,train,0,11647_M
11689,A,0,550,4211,85e2f95a0580,1,train,1,11689_A
11689,B,1,544,4178,58775a2d6345,1,train,0,11689_B
11736,A,0,1381,10848,a8c04441a8a8,1,train,0,11736_A
11736,B,1,1097,8680,7707947113bf,1,train,0,11736_B
11736,C,2,343,2736,b5b911334622,1,train,0,11736_C
11736,D,3,124,1001,9ad0bec8d302,1,train,0,11736_D
11736,E,4,209,1715,4608ab884c1e,1,train,0,11736_E
11736,F,5,78,627,f5a9b708012a,1,train,0,11736_F
11736,G,6,189,1509,c46a332f1422,1,train,0,11736_G
11736,H,7,148,1186,5ecc3d72561c,1,train,0,11736_H
11736,I,8,107,849,41f7a792f566,1,train,0,11736_I
11736,J,9,66,524,9dc80bd5775a,1,train,0,11736_J
11736,K,10,107,856,0119067884ff,1,train,0,11736_K
11736,L,11,46,388,7f9133b12265,1,train,0,11736_L
11736,M,12,400,3211,de7410a27aae,1,train,0,11736_M
11736,N,13,186,1448,2bc388f865c6,1,train,0,11736_N
11736,O,14,512,4075,2583010e2dcd,1,train,0,11736_O
11736,P,15,146,1147,1ab7fee74fb1,1,train,0,11736_P
11736,Q,16,104,883,63d6cb15f5a0,1,train,1,11736_Q
11742,A,0,1381,10848,a8c04441a8a8,1,val,0,11742_A
11742,B,1,1097,8680,7707947113bf,1,val,0,11742_B
11742,C,2,343,2736,b5b911334622,1,val,0,11742_C
11742,D,3,124,1001,9ad0bec8d302,1,val,0,11742_D
11742,E,4,209,1715,4608ab884c1e,1,val,0,11742_E
11742,F,5,78,627,f5a9b708012a,1,val,0,11742_F
11742,G,6,189,1509,c46a332f1422,1,val,0,11742_G
11742,H,7,148,1186,5ecc3d72561c,1,val,0,11742_H
11742,I,8,107,849,41f7a792f566,1,val,0,11742_I
11742,J,9,66,524,9dc80bd5775a,1,val,0,11742_J
11742,K,10,107,856,0119067884ff,1,val,1,11742_K
11742,L,11,46,388,7f9133b12265,1,val,0,11742_L
11742,M,12,375,3025,e2dbdcc339bf,1,val,0,11742_M
11742,N,13,186,1448,2bc388f865c6,1,val,1,11742_N
11742,O,14,512,4075,2583010e2dcd,1,val,0,11742_O
11742,P,15,146,1147,1ab7fee74fb1,1,val,0,11742_P
11742,Q,16,104,883,63d6cb15f5a0,1,val,0,11742_Q
11751,B,0,224,1753,17ba6a78e3f0,1,train,0,11751_B
11751,C,1,211,1653,ae2567a714b8,1,train,1,11751_C
11751,G,2,151,1181,5c08f8084d17,1,train,0,11751_G
11751,I,3,127,1021,76319acb2a25,1,train,0,11751_I
11751,J,4,100,803,37e44b337fec,1,train,0,11751_J
11751,M,5,115,891,090f089167f0,1,train,0,11751_M
11751,N,6,100,805,cf4f643df59e,1,train,0,11751_N
11751,S,7,83,663,05edfaf08281,1,train,0,11751_S
11753,B,0,224,1753,17ba6a78e3f0,1,test,0,11753_B
11753,C,1,211,1653,ae2567a714b8,1,test,0,11753_C
11753,G,2,147,1151,db49eb718a29,1,test,0,11753_G
11753,I,3,127,1022,76319acb2a25,1,test,1,11753_I
11753,J,4,99,795,4ee9d962899d,1,test,0,11753_J
11753,M,5,114,883,46b922774b79,1,test,0,11753_M
11753,N,6,100,805,cf4f643df59e,1,test,0,11753_N
11753,S,7,82,658,9342079556b1,1,test,0,11753_S
11766,D,0,205,1643,a0946ea8f78f,1,train,1,11766_D
11766,E,1,156,1152,d490880d0ec2,1,train,0,11766_E
11766,F,2,106,862,54347e8699c5,1,train,0,11766_F
11766,H,3,129,979,1885ae2d39ac,1,train,0,11766_H
11766,K,4,116,866,22daef56d84b,1,train,0,11766_K
11766,L,5,122,947,8f33672ef458,1,train,0,11766_L
11766,O,6,88,714,f67f34c3f6b1,1,train,0,11766_O
11766,P,7,82,649,070016caff40,1,train,0,11766_P
11766,Q,8,80,648,b08ac46412db,1,train,0,11766_Q
11766,R,9,65,535,7b922c710c8c,1,train,0,11766_R
11766,T,10,86,670,a0b793c8f19b,1,train,0,11766_T
11766,X,11,151,1174,1344a7f9779a,1,train,0,11766_X
11783,A,0,547,4170,1b6020d39798,1,train,0,11783_A
11783,B,1,294,2184,8784ffbaee3d,1,train,0,11783_B
11783,C,2,260,2069,6d82187f4769,2,train,1,11783_C
11783,D,2,260,2069,6d82187f4769,2,train,0,11783_D
11810,A,0,89,727,935f68eb172e,1,train,0,11810_A
11810,B,1,155,1241,e9b57fe47677,1,train,0,11810_B
11810,C,2,206,1712,1fb150045743,1,train,0,11810_C
11810,D,3,418,3368,815bf4851ce1,1,train,0,11810_D
11810,E,4,210,1639,dabe697797ff,1,train,0,11810_E
11810,F,5,428,3301,aec3dacc0925,1,train,0,11810_F
11810,G,6,687,5287,0f57f0c71648,1,train,0,11810_G
11810,H,7,307,2455,9ece631b9ffe,1,train,0,11810_H
11810,I,8,178,1408,c498cd0791a1,1,train,0,11810_I
11810,J,9,170,1267,9d94731542af,1,train,0,11810_J
11810,K,10,97,727,354431f78a87,1,train,0,11810_K
11810,L,11,605,4790,dd6a1cefa0ac,1,train,0,11810_L
11810,M,12,458,3622,b158da039ed0,1,train,0,11810_M
11810,N,13,343,2686,20db9311a06e,1,train,0,11810_N
11810,O,14,320,2607,a397ff849e8b,1,train,0,11810_O
11810,P,15,290,2297,45177f580e32,1,train,0,11810_P
11810,Q,16,125,1015,855bd932a7b3,1,train,0,11810_Q
11810,R,17,94,738,b897764d59a7,1,train,0,11810_R
11810,S,18,82,659,8d24d6ebd3a1,1,train,0,11810_S
11810,T,19,73,588,ca68a47f78bc,1,train,0,11810_T
11810,U,20,88,706,e73a416a387c,1,train,0,11810_U
11810,V,21,112,915,0d90b24aaf99,1,train,0,11810_V
11810,W,22,114,970,e0e9b93ecd0b,1,train,0,11810_W
11810,X,23,171,1396,53d2693f9490,1,train,0,11810_X
11810,Y,24,140,1037,068d7975de53,1,train,0,11810_Y
11810,Z,25,139,1152,1c401ac46263,1,train,0,11810_Z
11810,a,26,68,556,29e1de93eb3b,1,train,0,11810_a
11810,b,27,82,643,b8cd3b182ce7,1,train,0,11810_b
11810,c,28,46,381,fd911c25e605,1,train,0,11810_c
11810,d,29,119,985,79709416e74b,1,train,0,11810_d
11810,e,30,104,870,de7e1996c919,1,train,0,11810_e
11810,f,31,50,424,ecb61f1be0d7,1,train,0,11810_f
11810,g,32,101,850,524d47a6c7ac,1,train,0,11810_g
11810,h,33,137,1153,7ac67ee30469,1,train,1,11810_h
11810,i,34,95,802,07a3b048d736,1,train,0,11810_i
11810,j,35,63,542,962d6b62d396,1,train,0,11810_j
11810,k,36,78,630,6e6a17f5c2df,1,train,0,11810_k
11810,l,37,156,1312,f3880bbf98f7,1,train,1,11810_l
11810,m,38,125,1044,8c1363816eb2,1,train,0,11810_m
11810,n,39,176,1527,da0e177fb1dd,1,train,0,11810_n
11810,o,40,114,984,f7ac9e974c65,1,train,0,11810_o
11810,p,41,168,1424,9f268216cc6b,1,train,0,11810_p
11810,q,42,143,1192,b8e461764ee0,1,train,0,11810_q
11810,r,43,95,768,8b8ac31af15d,1,train,0,11810_r
11810,s,44,39,329,0b69213a3eab,1,train,0,11810_s
11811,A,0,92,751,d0fa8c484938,1,train,0,11811_A
11811,B,1,155,1241,e9b57fe47677,1,train,0,11811_B
11811,C,2,207,1721,9b6ef0251f05,1,train,0,11811_C
11811,D,3,416,3356,6437c84bd8d2,1,train,0,11811_D
11811,E,4,210,1639,dabe697797ff,1,train,0,11811_E
11811,F,5,428,3301,aec3dacc0925,1,train,0,11811_F
11811,G,6,686,5281,814dedbaa40f,1,train,0,11811_G
11811,H,7,304,2431,3475ef2fd245,1,train,0,11811_H
11811,I,8,178,1408,c498cd0791a1,1,train,0,11811_I
11811,J,9,170,1268,33067b189a8d,1,train,0,11811_J
11811,K,10,97,727,354431f78a87,1,train,0,11811_K
11811,L,11,605,4790,dd6a1cefa0ac,1,train,0,11811_L
11811,M,12,458,3622,b158da039ed0,1,train,0,11811_M
11811,N,13,343,2686,20db9311a06e,1,train,0,11811_N
11811,O,14,319,2599,3e420d7525ce,1,train,0,11811_O
11811,P,15,288,2281,15988f3e69c1,1,train,0,11811_P
11811,Q,16,125,1015,855bd932a7b3,1,train,0,11811_Q
11811,R,17,94,738,b897764d59a7,1,train,0,11811_R
11811,S,18,82,659,8d24d6ebd3a1,1,train,0,11811_S
11811,T,19,72,584,9e242a10c6ae,1,train,0,11811_T
11811,U,20,88,706,e73a416a387c,1,train,0,11811_U
11811,V,21,112,915,0d90b24aaf99,1,train,0,11811_V
11811,W,22,114,970,e0e9b93ecd0b,1,train,0,11811_W
11811,X,23,171,1396,53d2693f9490,1,train,0,11811_X
11811,Y,24,140,1037,068d7975de53,1,train,0,11811_Y
11811,Z,25,139,1152,1c401ac46263,1,train,0,11811_Z
11811,a,26,68,556,29e1de93eb3b,1,train,0,11811_a
11811,b,27,82,643,b8cd3b182ce7,1,train,0,11811_b
11811,c,28,46,381,fd911c25e605,1,train,0,11811_c
11811,d,29,119,985,79709416e74b,1,train,0,11811_d
11811,e,30,104,870,de7e1996c919,1,train,0,11811_e
11811,f,31,51,433,3da3884364fa,1,train,0,11811_f
11811,g,32,102,858,462faf2ff044,1,train,0,11811_g
11811,h,33,137,1153,7ac67ee30469,1,train,1,11811_h
11811,i,34,95,802,07a3b048d736,1,train,0,11811_i
11811,j,35,62,537,de0e4fb3f50b,1,train,0,11811_j
11811,k,36,77,626,f239c3c2636e,1,train,0,11811_k
11811,l,37,156,1312,f3880bbf98f7,1,train,0,11811_l
11811,m,38,125,1044,8c1363816eb2,1,train,0,11811_m
11811,n,39,176,1527,da0e177fb1dd,1,train,0,11811_n
11811,o,40,114,984,f7ac9e974c65,1,train,0,11811_o
11811,p,41,168,1424,9f268216cc6b,1,train,0,11811_p
11811,q,42,143,1192,b8e461764ee0,1,train,0,11811_q
11811,r,43,95,768,8b8ac31af15d,1,train,0,11811_r
11811,s,44,39,329,0b69213a3eab,1,train,0,11811_s
11824,A,0,1248,10017,4f760a1c7264,1,train,0,11824_A
11824,B,1,1126,9060,69297fa19cc8,1,train,0,11824_B
11824,C,2,303,2475,175163450b9c,1,train,0,11824_C
11824,E,3,184,1495,bd191f21bcef,1,train,0,11824_E
11824,F,4,103,849,2d0b236757d4,1,train,0,11824_F
11824,G,5,158,1233,e4c64eb657c7,1,train,0,11824_G
11824,I,6,694,5807,529e599596a5,1,train,1,11824_I
11824,J,7,61,490,ac28ea1a8155,1,train,0,11824_J
11824,K,8,708,5776,d790842032e2,1,train,0,11824_K
11824,S,9,126,1036,7d78e302ca46,1,train,0,11824_S
11824,W,10,637,5207,5ece994be6ef,1,train,0,11824_W
11843,A,0,1268,10188,c8a1ef0cd240,1,train,0,11843_A
11843,B,1,1129,9091,24ac1eb64e52,1,train,0,11843_B
11843,C,2,304,2484,f5d5f53159eb,1,train,0,11843_C
11843,E,3,184,1495,bd191f21bcef,1,train,0,11843_E
11843,F,4,103,849,2d0b236757d4,1,train,0,11843_F
11843,G,5,153,1192,795fd71e9f7d,1,train,0,11843_G
11843,I,6,665,5573,ef5e5e6b8f3f,1,train,1,11843_I
11843,J,7,61,490,ac28ea1a8155,1,train,0,11843_J
11843,S,8,164,1330,b4bf5d6ac9a2,1,train,0,11843_S
11862,C,0,275,2111,936f4648fdf3,1,test,0,11862_C
11862,D,1,207,1575,4cb3ef7a6d88,1,test,0,11862_D
11862,E,2,205,1561,3a5542f4e0b9,1,test,1,11862_E
11862,F,3,178,1404,6f786a4007d0,1,test,0,11862_F
11862,G,4,175,1342,60454cff4fef,1,test,0,11862_G
11862,I,5,133,981,b02b098eb757,1,test,0,11862_I
11862,J,6,142,1123,a36592e1b6b6,1,test,1,11862_J
11862,K,7,122,920,1ac431f7fc25,1,test,0,11862_K
11862,L,8,146,1081,589600411892,1,test,0,11862_L
11862,M,9,138,1097,2a563dabf5f5,1,test,0,11862_M
11862,N,10,119,953,129e6932f02b,1,test,1,11862_N
11862,O,11,120,912,38140c6b5d71,1,test,1,11862_O
11862,Q,12,117,940,0e4e48792241,1,test,0,11862_Q
11862,R,13,558,4498,cd83e687a84d,1,test,0,11862_R
11862,S,14,109,842,dce378a57519,1,test,0,11862_S
11862,U,15,100,754,0459294e005a,1,test,0,11862_U
11862,V,16,82,630,97a27f1571f8,1,test,0,11862_V
11862,X,17,58,444,af2cab34a8fb,1,test,0,11862_X
11862,Y,18,84,667,6b6346d9868b,1,test,0,11862_Y
11862,Z,19,58,455,9c39b8a50df4,1,test,0,11862_Z
11862,a,20,114,936,c13356c50d35,1,test,0,11862_a
11862,b,21,54,426,c93d5ae5a109,1,test,0,11862_b
11862,c,22,48,401,962d0d8a6849,1,test,0,11862_c
11862,d,23,44,367,f83017b248b3,1,test,0,11862_d
11862,e,24,64,512,8e1bfcff7ab1,1,test,0,11862_e
11862,f,25,36,288,4293e8d18bb3,1,test,0,11862_f
11862,g,26,101,786,5ea5b7503c10,1,test,0,11862_g
11862,h,27,93,752,1b566f897a45,1,test,0,11862_h
11862,i,28,65,530,0357e2e3d9a5,1,test,0,11862_i
11864,C,0,275,2111,936f4648fdf3,1,val,0,11864_C
11864,D,1,207,1575,4cb3ef7a6d88,1,val,0,11864_D
11864,E,2,205,1561,3a5542f4e0b9,1,val,0,11864_E
11864,F,3,178,1404,6f786a4007d0,1,val,0,11864_F
11864,G,4,175,1342,60454cff4fef,1,val,0,11864_G
11864,I,5,133,981,b02b098eb757,1,val,0,11864_I
11864,J,6,142,1123,a36592e1b6b6,1,val,0,11864_J
11864,K,7,122,920,1ac431f7fc25,1,val,0,11864_K
11864,L,8,146,1081,589600411892,1,val,0,11864_L
11864,M,9,138,1097,2a563dabf5f5,1,val,0,11864_M
11864,N,10,119,953,129e6932f02b,1,val,0,11864_N
11864,O,11,120,912,38140c6b5d71,1,val,1,11864_O
11864,Q,12,117,940,0e4e48792241,1,val,0,11864_Q
11864,R,13,433,3519,d1a85eb71c52,1,val,0,11864_R
11864,S,14,109,842,dce378a57519,1,val,0,11864_S
11864,U,15,100,754,0459294e005a,1,val,1,11864_U
11864,V,16,82,630,97a27f1571f8,1,val,1,11864_V
11864,X,17,58,444,af2cab34a8fb,1,val,0,11864_X
11864,Z,18,58,455,9c39b8a50df4,1,val,0,11864_Z
11864,a,19,114,936,c13356c50d35,1,val,0,11864_a
11864,b,20,54,426,c93d5ae5a109,1,val,0,11864_b
11864,c,21,48,401,962d0d8a6849,1,val,0,11864_c
11864,d,22,44,367,f83017b248b3,1,val,0,11864_d
11864,e,23,64,512,8e1bfcff7ab1,1,val,0,11864_e
11864,f,24,36,288,4293e8d18bb3,1,val,0,11864_f
11864,g,25,101,786,5ea5b7503c10,1,val,0,11864_g
11864,h,26,93,752,1b566f897a45,1,val,0,11864_h
11864,i,27,65,530,0357e2e3d9a5,1,val,0,11864_i
11872,A,0,92,779,e3d6aa98b8f7,1,train,0,11872_A
11872,H,1,311,2439,d60fd12f034d,1,train,0,11872_H
11872,J,2,147,1162,a5bd9d87a5b5,1,train,0,11872_J
11872,K,3,90,707,3f2cd39422ac,1,train,0,11872_K
11872,L,4,26,208,369fe6ba9b25,1,train,0,11872_L
11872,M,5,262,2126,9bada282a176,1,train,0,11872_M
11872,N,6,488,3820,5ff398322ae7,1,train,0,11872_N
11872,O,7,122,956,806002d37180,1,train,0,11872_O
11872,X,8,97,767,5a26eb878481,1,train,0,11872_X
11872,Z,9,98,798,6a621fd0f6b4,1,train,0,11872_Z
11872,a,10,58,469,70d790fd6623,1,train,0,11872_a
11872,b,11,40,295,a4dc16b59377,1,train,0,11872_b
11872,d,12,75,592,49269f825bdb,1,train,1,11872_d
11872,e,13,65,557,5c7b9fb2fd67,1,train,0,11872_e
11872,f,14,101,763,695a7a8bb348,1,train,0,11872_f
11872,i,15,70,614,80fbac222b46,1,train,0,11872_i
11872,v,16,30,226,286e5090c0a5,1,train,0,11872_v
11872,x,17,214,1659,dac7e5413aeb,1,train,0,11872_x
11872,y,18,268,2032,997500717703,1,train,0,11872_y
11872,z,19,233,1772,a65ab1e351e0,1,train,0,11872_z
11873,B,0,157,1244,c34097bc35b8,1,train,0,11873_B
11873,C,1,185,1581,5f303d5e0eaf,1,train,0,11873_C
11873,D,2,385,3077,de7e3324d754,1,train,0,11873_D
11873,E,3,192,1500,ed81f570961f,1,train,0,11873_E
11873,F,4,434,3368,46be77058af6,1,train,0,11873_F
11873,G,5,688,5252,6a517659736e,1,train,0,11873_G
11873,I,6,165,1349,d1e2b8de07a0,1,train,0,11873_I
11873,P,7,332,2560,c9b4e52e692c,1,train,0,11873_P
11873,Q,8,119,939,ddc4ea980cde,1,train,0,11873_Q
11873,R,9,62,482,2977bc9756c7,1,train,0,11873_R
11873,S,10,93,727,03d400902e4b,1,train,0,11873_S
11873,U,11,83,650,470a8b9dd826,1,train,1,11873_U
11873,V,12,140,1123,bbfa9d7087cc,1,train,0,11873_V
11873,W,13,112,904,e15a3b14999e,1,train,0,11873_W
11873,Z,14,27,199,d27076bad24f,1,train,0,11873_Z
11873,q,15,65,536,d24fe025d52b,1,train,0,11873_q
11875,A,0,92,785,e3d6aa98b8f7,1,train,0,11875_A
11875,B,1,157,1244,c34097bc35b8,1,train,0,11875_B
11875,C,2,185,1581,5f303d5e0eaf,1,train,0,11875_C
11875,D,3,385,3077,de7e3324d754,1,train,0,11875_D
11875,E,4,192,1500,ed81f570961f,1,train,0,11875_E
11875,F,5,434,3368,46be77058af6,1,train,0,11875_F
11875,G,6,688,5252,6a517659736e,1,train,0,11875_G
11875,H,7,324,2536,26a62c9e3110,1,train,0,11875_H
11875,I,8,169,1381,4c13d0d98da8,1,train,0,11875_I
11875,J,9,138,1093,f1c15c0e8289,1,train,0,11875_J
11875,K,10,88,692,f12cda6cbefa,1,train,0,11875_K
11875,L,11,615,4807,9d52d415cff0,1,train,0,11875_L
11875,M,12,487,3887,e67d41f278c9,1,train,0,11875_M
11875,N,13,488,3820,5ff398322ae7,1,train,0,11875_N
11875,P,14,331,2556,f7b4ed01d41e,1,train,0,11875_P
11875,Q,15,119,939,ddc4ea980cde,1,train,0,11875_Q
11875,R,16,62,482,2977bc9756c7,1,train,1,11875_R
11875,S,17,93,728,03d400902e4b,1,train,0,11875_S
11875,T,18,84,667,6bfb069ad7c5,1,train,0,11875_T
11875,U,19,83,650,470a8b9dd826,1,train,0,11875_U
11875,V,20,140,1123,bbfa9d7087cc,1,train,0,11875_V
11875,W,21,108,880,8c2217cb1c2e,1,train,0,11875_W
11875,X,22,96,763,517d0c43baf0,1,train,0,11875_X
11875,Z,23,125,997,3286ad0153a3,1,train,0,11875_Z
11875,a,24,58,470,70d790fd6623,1,train,0,11875_a
11875,b,25,40,295,a4dc16b59377,1,train,0,11875_b
11875,c,26,76,617,f64008ce6828,1,train,0,11875_c
11875,d,27,75,592,49269f825bdb,1,train,0,11875_d
11875,e,28,64,546,7562d0a178d3,1,train,0,11875_e
11875,f,29,100,752,014e83518d02,1,train,0,11875_f
11875,g,30,72,586,04ab6b2b31fc,1,train,0,11875_g
11875,i,31,85,737,6543cb9d6141,1,train,0,11875_i
11875,j,32,51,415,afc39bd62823,1,train,0,11875_j
11875,k,33,47,374,f3d4ce4517a9,1,train,0,11875_k
11875,l,34,46,360,d4e415fd60dd,1,train,0,11875_l
11875,m,35,67,565,4b2c88a1f365,1,train,0,11875_m
11875,n,36,109,911,576bd67a1791,1,train,0,11875_n
11875,o,37,80,657,0c659db708f9,1,train,0,11875_o
11875,p,38,93,778,5c05940fd7fb,1,train,0,11875_p
11875,q,39,63,520,8e011a8aab42,1,train,0,11875_q
11875,v,40,30,226,286e5090c0a5,1,train,0,11875_v
11875,x,41,214,1659,dac7e5413aeb,1,train,0,11875_x
11875,y,42,268,2032,997500717703,1,train,0,11875_y
11875,z,43,233,1772,a65ab1e351e0,1,train,0,11875_z
11876,A,0,92,785,e3d6aa98b8f7,1,train,1,11876_A
11876,B,1,157,1244,c34097bc35b8,1,train,0,11876_B
11876,C,2,185,1581,5f303d5e0eaf,1,train,0,11876_C
11876,D,3,385,3077,de7e3324d754,1,train,0,11876_D
11876,E,4,192,1500,ed81f570961f,1,train,0,11876_E
11876,F,5,434,3368,46be77058af6,1,train,0,11876_F
11876,G,6,688,5252,6a517659736e,1,train,1,11876_G
11876,H,7,324,2536,26a62c9e3110,1,train,0,11876_H
11876,I,8,169,1381,4c13d0d98da8,1,train,0,11876_I
11876,J,9,138,1093,f1c15c0e8289,1,train,0,11876_J
11876,K,10,90,707,3f2cd39422ac,1,train,0,11876_K
11876,L,11,615,4807,9d52d415cff0,1,train,0,11876_L
11876,M,12,487,3887,e67d41f278c9,1,train,0,11876_M
11876,N,13,488,3820,5ff398322ae7,1,train,0,11876_N
11876,O,14,122,956,806002d37180,1,train,0,11876_O
11876,P,15,332,2560,c9b4e52e692c,1,train,0,11876_P
11876,Q,16,119,939,ddc4ea980cde,1,train,0,11876_Q
11876,R,17,62,482,2977bc9756c7,1,train,0,11876_R
11876,S,18,93,727,03d400902e4b,1,train,0,11876_S
11876,T,19,84,667,6bfb069ad7c5,1,train,0,11876_T
11876,U,20,79,616,9ffac3bfe0b0,1,train,0,11876_U
11876,V,21,140,1123,bbfa9d7087cc,1,train,0,11876_V
11876,W,22,110,893,a159b23258dc,1,train,0,11876_W
11876,X,23,97,767,5a26eb878481,1,train,0,11876_X
11876,Z,24,124,990,7eb65b2644b7,1,train,0,11876_Z
11876,a,25,58,469,70d790fd6623,1,train,0,11876_a
11876,b,26,39,288,ebddf7fe1399,1,train,0,11876_b
11876,c,27,73,595,b0da0372200e,1,train,0,11876_c
11876,d,28,73,574,53f07455bdc7,1,train,0,11876_d
11876,e,29,64,546,7562d0a178d3,1,train,0,11876_e
11876,f,30,98,734,7e0d2a4e22ed,1,train,0,11876_f
11876,g,31,75,615,6789ca5be6ff,1,train,0,11876_g
11876,i,32,83,721,2f6cb64db388,1,train,0,11876_i
11876,j,33,51,415,afc39bd62823,1,train,0,11876_j
11876,k,34,47,374,f3d4ce4517a9,1,train,0,11876_k
11876,l,35,50,384,b61c46b573df,1,train,0,11876_l
11876,m,36,69,569,f720f8886591,1,train,0,11876_m
11876,n,37,109,911,576bd67a1791,1,train,0,11876_n
11876,o,38,77,631,1dce9db6f496,1,train,0,11876_o
11876,p,39,93,778,5c05940fd7fb,1,train,0,11876_p
11876,q,40,65,536,d24fe025d52b,1,train,0,11876_q
11876,v,41,30,226,286e5090c0a5,1,train,0,11876_v
11876,x,42,211,1637,f5a495ea3269,1,train,0,11876_x
11876,y,43,263,2001,d4f617bf6319,1,train,0,11876_y
11876,z,44,232,1763,812977c8287f,1,train,0,11876_z
11877,A,0,121,999,41b946f6fc22,1,train,0,11877_A
11877,H,1,293,2237,06f88dbd931f,1,train,0,11877_H
11877,J,2,145,1120,54bba7d2e657,1,train,0,11877_J
11877,K,3,104,798,1daf50d8a1a7,1,train,0,11877_K
11877,L,4,536,4111,ca96595c0e19,1,train,0,11877_L
11877,M,5,438,3425,5307cb669552,1,train,0,11877_M
11877,N,6,375,2967,56c88487306c,1,train,0,11877_N
11877,O,7,161,1336,777342b2f25c,1,train,0,11877_O
11877,T,8,83,645,79d6d50f0b99,1,train,0,11877_T
11877,X,9,99,816,1ba5e8fdaeda,1,train,0,11877_X
11877,Y,10,205,1583,9a98b82ed63e,1,train,0,11877_Y
11877,Z,11,124,1003,b9fabc326ad5,1,train,0,11877_Z
11877,a,12,60,515,6020e535c987,1,train,1,11877_a
11877,c,13,97,785,f1ab6d77afbf,1,train,1,11877_c
11877,d,14,80,650,1da23b883af5,1,train,0,11877_d
11877,e,15,71,592,d7fd8e4c251d,1,train,0,11877_e
11877,f,16,111,877,a1dd5f42dfb1,1,train,0,11877_f
11877,g,17,147,1176,8c5b5d2e6234,1,train,0,11877_g
11877,h,18,77,625,298f1424dbaf,1,train,0,11877_h
11877,i,19,111,922,a889982c25d3,1,train,0,11877_i
11877,k,20,44,367,d2e7b0f16935,1,train,0,11877_k
11877,l,21,127,1018,b2d9fb7db3e7,1,train,0,11877_l
11877,m,22,111,934,b19f12b4cfaf,1,train,0,11877_m
11877,n,23,120,1008,9c73e622b71c,1,train,0,11877_n
11877,o,24,83,704,5f76502ccf66,1,train,0,11877_o
11877,p,25,155,1287,7a03c9154b47,1,train,0,11877_p
11877,s,26,115,933,04cb71ee8756,1,train,0,11877_s
11877,t,27,82,706,a843bda8bc3a,1,train,0,11877_t
11877,x,28,250,1967,52ce564efd15,1,train,0,11877_x
11877,y,29,308,2316,273f6e4c0dfa,1,train,0,11877_y
11877,z,30,226,1687,ba8247e5f314,1,train,0,11877_z
11878,A,0,92,779,e3d6aa98b8f7,1,train,0,11878_A
11878,B,1,157,1244,c34097bc35b8,1,train,0,11878_B
11878,C,2,185,1581,5f303d5e0eaf,1,train,0,11878_C
11878,D,3,385,3077,de7e3324d754,1,train,0,11878_D
11878,E,4,192,1500,ed81f570961f,1,train,0,11878_E
11878,F,5,434,3368,46be77058af6,1,train,0,11878_F
11878,G,6,688,5252,6a517659736e,1,train,0,11878_G
11878,H,7,311,2439,d60fd12f034d,1,train,0,11878_H
11878,I,8,165,1349,d1e2b8de07a0,1,train,0,11878_I
11878,J,9,147,1162,a5bd9d87a5b5,1,train,0,11878_J
11878,K,10,90,707,3f2cd39422ac,1,train,0,11878_K
11878,L,11,615,4807,9d52d415cff0,1,train,0,11878_L
11878,M,12,487,3887,e67d41f278c9,1,train,0,11878_M
11878,N,13,488,3820,5ff398322ae7,1,train,0,11878_N
11878,O,14,122,956,806002d37180,1,train,1,11878_O
11878,P,15,332,2560,c9b4e52e692c,1,train,0,11878_P
11878,Q,16,119,939,ddc4ea980cde,1,train,1,11878_Q
11878,R,17,62,482,2977bc9756c7,1,train,0,11878_R
11878,S,18,93,727,03d400902e4b,1,train,0,11878_S
11878,T,19,84,667,6bfb069ad7c5,1,train,0,11878_T
11878,U,20,83,650,470a8b9dd826,1,train,0,11878_U
11878,V,21,140,1123,bbfa9d7087cc,1,train,0,11878_V
11878,W,22,112,904,e15a3b14999e,1,train,0,11878_W
11878,X,23,97,767,5a26eb878481,1,train,0,11878_X
11878,Z,24,125,997,3286ad0153a3,1,train,1,11878_Z
11878,a,25,58,469,70d790fd6623,1,train,0,11878_a
11878,b,26,40,295,a4dc16b59377,1,train,0,11878_b
11878,c,27,76,617,f64008ce6828,1,train,0,11878_c
11878,d,28,75,592,49269f825bdb,1,train,0,11878_d
11878,e,29,65,557,5c7b9fb2fd67,1,train,0,11878_e
11878,f,30,101,763,695a7a8bb348,1,train,0,11878_f
11878,g,31,75,615,6789ca5be6ff,1,train,0,11878_g
11878,i,32,85,737,6543cb9d6141,1,train,0,11878_i
11878,j,33,51,415,afc39bd62823,1,train,0,11878_j
11878,k,34,47,374,f3d4ce4517a9,1,train,0,11878_k
11878,l,35,66,502,b244ae4aae27,1,train,0,11878_l
11878,m,36,70,577,cba539a42850,1,train,0,11878_m
11878,n,37,109,911,576bd67a1791,1,train,0,11878_n
11878,o,38,80,657,0c659db708f9,1,train,0,11878_o
11878,p,39,93,778,5c05940fd7fb,1,train,0,11878_p
11878,q,40,65,536,d24fe025d52b,1,train,0,11878_q
11878,v,41,30,226,286e5090c0a5,1,train,0,11878_v
11878,x,42,214,1659,dac7e5413aeb,1,train,0,11878_x
11878,y,43,268,2032,997500717703,1,train,0,11878_y
11878,z,44,233,1772,a65ab1e351e0,1,train,0,11878_z
11880,A,0,121,999,41b946f6fc22,1,train,0,11880_A
11880,B,1,154,1206,9bdc2285b2ad,1,train,0,11880_B
11880,C,2,216,1808,7939fefbac1a,1,train,0,11880_C
11880,D,3,395,3178,d507f5e1b047,1,train,0,11880_D
11880,E,4,235,1806,1ac5784b21e5,1,train,0,11880_E
11880,F,5,430,3322,7ac339866a65,1,train,0,11880_F
11880,G,6,682,5166,a7b77dc9fa38,1,train,0,11880_G
11880,H,7,293,2237,06f88dbd931f,1,train,0,11880_H
11880,I,8,199,1602,0f16573e8c05,1,train,0,11880_I
11880,J,9,145,1120,54bba7d2e657,1,train,0,11880_J
11880,K,10,104,798,1daf50d8a1a7,1,train,0,11880_K
11880,L,11,536,4111,ca96595c0e19,1,train,0,11880_L
11880,M,12,438,3425,5307cb669552,1,train,0,11880_M
11880,N,13,375,2967,56c88487306c,1,train,0,11880_N
11880,O,14,161,1336,777342b2f25c,1,train,0,11880_O
11880,P,15,347,2701,dfdcbf3235a7,1,train,1,11880_P
11880,Q,16,162,1276,43e5ba374d5a,1,train,1,11880_Q
11880,R,17,108,812,a0018d6e101c,1,train,0,11880_R
11880,S,18,95,716,f84ef02d648b,1,train,0,11880_S
11880,T,19,83,645,79d6d50f0b99,1,train,0,11880_T
11880,U,20,84,655,1bbd8fc3e125,1,train,0,11880_U
11880,V,21,134,1052,938025336685,1,train,0,11880_V
11880,W,22,127,1074,2a037e10439f,1,train,0,11880_W
11880,X,23,99,816,1ba5e8fdaeda,1,train,0,11880_X
11880,Y,24,205,1583,9a98b82ed63e,1,train,0,11880_Y
11880,Z,25,124,1003,b9fabc326ad5,1,train,0,11880_Z
11880,a,26,60,515,6020e535c987,1,train,0,11880_a
11880,c,27,97,785,f1ab6d77afbf,1,train,0,11880_c
11880,d,28,80,650,1da23b883af5,1,train,0,11880_d
11880,e,29,71,592,d7fd8e4c251d,1,train,0,11880_e
11880,f,30,111,877,a1dd5f42dfb1,1,train,0,11880_f
11880,g,31,147,1176,8c5b5d2e6234,1,train,0,11880_g
11880,h,32,77,625,298f1424dbaf,1,train,0,11880_h
11880,i,33,111,922,a889982c25d3,1,train,0,11880_i
11880,k,34,44,367,d2e7b0f16935,1,train,0,11880_k
11880,l,35,127,1018,b2d9fb7db3e7,1,train,0,11880_l
11880,m,36,111,934,b19f12b4cfaf,1,train,0,11880_m
11880,n,37,120,1008,9c73e622b71c,1,train,0,11880_n
11880,o,38,83,704,5f76502ccf66,1,train,0,11880_o
11880,p,39,155,1287,7a03c9154b47,1,train,0,11880_p
11880,q,40,28,243,2131fcf6d9f9,1,train,0,11880_q
11880,r,41,60,493,741de6955a2e,1,train,0,11880_r
11880,s,42,115,933,04cb71ee8756,1,train,0,11880_s
11880,t,43,82,706,a843bda8bc3a,1,train,0,11880_t
11880,x,44,250,1967,52ce564efd15,1,train,0,11880_x
11880,y,45,308,2316,273f6e4c0dfa,1,train,0,11880_y
11880,z,46,226,1687,ba8247e5f314,1,train,0,11880_z
11889,0,0,536,3993,596016741322,1,train,0,11889_0
11889,1,1,83,659,a3231f2c6c6e,1,train,0,11889_1
11889,E,2,272,2083,f2f2a7b7a250,1,train,0,11889_E
11889,F,3,206,1569,2bcb2d95ed91,1,train,0,11889_F
11889,G,4,205,1561,3a5542f4e0b9,1,train,1,11889_G
11889,H,5,164,1284,67b39f07e813,1,train,0,11889_H
11889,I,6,175,1342,60454cff4fef,1,train,0,11889_I
11889,K,7,132,974,8425467ee0b7,1,train,0,11889_K
11889,L,8,113,886,622b56ada755,1,train,0,11889_L
11889,N,9,142,1123,a36592e1b6b6,1,train,0,11889_N
11889,O,10,122,920,1ac431f7fc25,1,train,0,11889_O
11889,P,11,146,1081,589600411892,1,train,0,11889_P
11889,Q,12,135,1076,127ef82e1a2a,1,train,0,11889_Q
11889,R,13,119,953,129e6932f02b,1,train,0,11889_R
11889,S,14,120,912,38140c6b5d71,1,train,0,11889_S
11889,T,15,115,944,f377afbb8b93,1,train,0,11889_T
11889,U,16,117,940,0e4e48792241,1,train,0,11889_U
11889,V,17,100,781,d0ee20b92c61,1,train,0,11889_V
11889,W,18,109,842,dce378a57519,1,train,0,11889_W
11889,X,19,90,725,403a3c2ba127,1,train,0,11889_X
11889,Y,20,101,762,b225c81f5878,1,train,0,11889_Y
11889,a,21,81,624,9dbd147d6361,1,train,0,11889_a
11889,b,22,58,444,af2cab34a8fb,1,train,0,11889_b
11889,c,23,65,530,0357e2e3d9a5,1,train,0,11889_c
11889,d,24,58,455,9c39b8a50df4,1,train,0,11889_d
11889,f,25,53,418,2f88997d6556,1,train,0,11889_f
11889,g,26,48,401,962d0d8a6849,1,train,0,11889_g
11889,h,27,44,367,f83017b248b3,1,train,0,11889_h
11889,i,28,64,512,8e1bfcff7ab1,1,train,0,11889_i
11889,j,29,37,296,c74c82bf8754,1,train,0,11889_j
11900,1,0,47,390,9dfb0badae93,1,train,0,11900_1
11900,2,1,43,367,7aa6ed4cdd31,1,train,0,11900_2
11900,3,2,64,521,1603a3dcb83b,1,train,0,11900_3
11900,4,3,37,295,ff25cb651fe8,1,train,0,11900_4
11900,C,4,274,2094,1749e50ddc37,1,train,0,11900_C
11900,D,5,215,1627,2a243e83d1c8,1,train,0,11900_D
11900,E,6,206,1572,614e2817a042,1,train,0,11900_E
11900,F,7,158,778,258b7cc3a8a3,1,train,0,11900_F
11900,G,8,175,1263,b61646ede4e3,1,train,0,11900_G
11900,H,9,145,1149,686b50c16ee0,1,train,0,11900_H
11900,I,10,122,918,30deb0e3b8c7,1,train,0,11900_I
11900,J,11,146,1086,dba8a0729344,1,train,0,11900_J
11900,K,12,137,1071,63ee6a2a9970,1,train,0,11900_K
11900,L,13,120,925,2db13dc496a5,1,train,0,11900_L
11900,M,14,119,882,7b2116843ebb,1,train,0,11900_M
11900,N,15,114,889,71185b78f48a,1,train,1,11900_N
11900,O,16,116,942,25d890d39331,1,train,0,11900_O
11900,P,17,102,790,3d1f034c9a23,1,train,0,11900_P
11900,Q,18,112,854,90eaef3608ec,1,train,0,11900_Q
11900,R,19,89,715,869f36fec77f,1,train,0,11900_R
11900,S,20,100,755,cb673a1235dc,1,train,0,11900_S
11900,T,21,94,722,a04baf2399d0,1,train,0,11900_T
11900,U,22,79,597,e4181655b6ad,1,train,0,11900_U
11900,V,23,49,379,c2ae08cdb63e,1,train,0,11900_V
11900,W,24,67,541,bafa0bf7a430,1,train,1,11900_W
11900,X,25,58,449,942668cc4e69,1,train,0,11900_X
11900,Z,26,48,360,cf663a1c8a51,1,train,0,11900_Z
11989,A,0,650,5005,90693664cc62,1,train,0,11989_A
11989,B,1,610,4706,3c2cbce943b7,1,train,0,11989_B
11989,C,2,130,1005,989e3ca04271,1,train,1,11989_C
11989,D,3,119,904,ee51b633c3a0,1,train,0,11989_D
11990,A,0,650,5005,90693664cc62,1,train,1,11990_A
11990,B,1,600,4632,20eac5cae777,1,train,0,11990_B
11990,C,2,129,996,4d4215f0777e,1,train,0,11990_C
11990,D,3,116,908,c7d4be9fd55a,1,train,0,11990_D
12037,C,0,706,5752,ea916d28762d,1,val,0,12037_C
12037,D,1,151,1209,352ab93a9cc3,1,val,0,12037_D
12037,H,2,423,3472,1e23ba9f89e2,1,val,0,12037_H
12037,K,3,69,598,916aa88fb9c1,1,val,1,12037_K
12037,L,4,283,2268,6615c6bcbd36,1,val,0,12037_L
12037,N,5,76,599,720576e4a6de,1,val,0,12037_N
12037,P,6,76,643,b73ba27d73bd,1,val,0,12037_P
12037,R,7,81,677,f124e78b1958,1,val,0,12037_R
12037,S,8,138,1097,a716907eaf19,1,val,1,12037_S
12037,T,9,321,2536,4c47bafeaa53,1,val,0,12037_T
12037,U,10,75,594,6da19bcc0869,1,val,0,12037_U
12037,Y,11,253,2046,0f4e6c8b8b12,1,val,0,12037_Y
12041,C,0,423,3398,8569cf7c4eb8,1,train,1,12041_C
12041,D,1,151,1209,352ab93a9cc3,1,train,0,12041_D
12041,H,2,423,3472,1e23ba9f89e2,1,train,0,12041_H
12041,N,3,76,599,720576e4a6de,1,train,0,12041_N
12041,R,4,81,677,f124e78b1958,1,train,0,12041_R
12041,U,5,75,594,6da19bcc0869,1,train,0,12041_U
12050,C,0,634,5157,40f5dd0d3fa6,1,train,0,12050_C
12050,H,1,216,1832,45fd5b6aff69,1,train,1,12050_H
12050,R,2,81,677,f124e78b1958,1,train,0,12050_R
12103,B,0,63,480,a71398842613,1,test,0,12103_B
12103,C,1,337,2679,7bb987528b1d,1,test,0,12103_C
12103,D,2,485,3644,fcf1ed2ade3f,1,test,0,12103_D
12103,E,3,165,1305,1aef9df9d8fb,1,test,1,12103_E
12103,X,4,425,3162,61da70b1107f,1,test,0,12103_X
12165,A,0,526,4121,7849344a3827,1,train,1,12165_A
12165,B,1,498,3518,7536a95c3b05,1,train,0,12165_B
12165,C,2,298,2254,2864a84d29af,1,train,0,12165_C
12171,1,0,273,2170,139c936c0d7f,1,test,1,12171_1
12171,2,1,256,1958,6ee150ed3ad4,1,test,0,12171_2
12171,3,2,236,1849,5bddbd5d357c,1,test,0,12171_3
12171,4,3,40,297,c0c6b7df8910,1,test,0,12171_4
12172,1,0,274,2179,99e8f474452c,1,train,0,12172_1
12172,2,1,250,1911,14322ff2b117,1,train,0,12172_2
12172,3,2,236,1849,5bddbd5d357c,1,train,1,12172_3
12172,4,3,41,307,876dff03c2b3,1,train,0,12172_4
12172,B,4,84,641,495445a891e7,1,train,0,12172_B
12177,C,0,357,2825,bbfd10fa0b6b,1,train,0,12177_C
12177,D,1,89,739,aaae21070bc2,1,train,0,12177_D
12177,E,2,128,1016,e966c3f5d42b,2,train,1,12177_E
12177,F,3,62,526,3b2c252b423c,1,train,0,12177_F
12177,G,4,339,2686,ac91618e0992,1,train,0,12177_G
12177,H,5,94,780,a73ef2fe3011,1,train,0,12177_H
12177,I,2,128,1016,e966c3f5d42b,2,train,0,12177_I
12177,J,6,64,541,801030c8671f,1,train,0,12177_J
12177,K,7,313,2436,a488d4939d9a,1,train,0,12177_K
12178,b,0,163,1299,bdb119fe3a54,1,val,1,12178_b
12178,d,1,196,1595,019366a61223,1,val,0,12178_d
12178,e,2,157,1169,5d0006511650,1,val,0,12178_e
12178,f,3,96,798,f75189a9baed,1,val,0,12178_f
12178,h,4,131,1032,a30dacbdc350,1,val,0,12178_h
12178,k,5,118,880,f85bcd1325c5,1,val,1,12178_k
12178,l,6,135,1058,4c05f1b8dc00,1,val,0,12178_l
12178,o,7,88,738,a5c81e90134a,1,val,0,12178_o
12178,p,8,90,712,907837643d2c,1,val,0,12178_p
12178,q,9,86,707,080b2e250357,1,val,0,12178_q
12178,r,10,70,580,a132cd55b587,1,val,0,12178_r
12178,t,11,80,606,0d93bed800ba,1,val,0,12178_t
12180,1,0,194,1445,a30ae0e920ca,2,val,1,12180_1
12180,2,1,198,1518,7d76f3f075f1,1,val,0,12180_2
12180,3,2,219,1674,d4eda3427d30,1,val,1,12180_3
12180,4,3,210,1628,8fca03231b7b,1,val,0,12180_4
12180,5,4,227,1775,846621fc2524,1,val,0,12180_5
12180,6,5,229,1766,199a07b3ef1a,1,val,0,12180_6
12180,7,6,213,1650,d578c13671e8,1,val,0,12180_7
12180,8,7,217,1650,0d0e27018d69,1,val,0,12180_8
12180,9,8,183,1406,541ec202033c,1,val,0,12180_9
12180,A,9,741,5820,4ddc39779f71,1,val,0,12180_A
12180,B,10,733,5825,401c381231e3,1,val,0,12180_B
12180,C,11,80,601,6cb3e2510041,1,val,0,12180_C
12180,D,12,143,1127,0f104cce8a75,1,val,0,12180_D
12180,E,13,63,497,3dbd74356bb4,1,val,1,12180_E
12180,F,14,165,1266,0033f7d603f3,1,val,0,12180_F
12180,G,15,74,550,6d6ddc7874fa,1,val,0,12180_G
12180,I,16,37,282,4e015d1881e1,1,val,0,12180_I
12180,J,17,39,321,ca547faabec8,1,val,0,12180_J
12180,K,18,84,571,b7cd921a1e26,1,val,0,12180_K
12180,L,19,126,914,896375c7618c,1,val,0,12180_L
12180,Z,0,194,1445,a30ae0e920ca,2,val,0,12180_Z
12182,A,0,208,1676,4422fde2ee72,1,train,0,12182_A
12182,B,1,250,1970,0203efda6266,1,train,0,12182_B
12182,C,2,298,2329,6c6afa43ec4f,1,train,1,12182_C
12182,D,3,58,417,58b19d18181b,1,train,0,12182_D
12209,A,0,662,5011,3de99791ff11,2,train,1,12209_A
12209,B,1,296,2304,8ef09a841b59,2,train,0,12209_B
12209,C,2,189,1498,7317f10d9f0b,2,train,0,12209_C
12209,D,3,549,4251,812e084c5ce0,2,train,0,12209_D
12209,E,4,411,3151,6963c118e2ad,2,train,0,12209_E
12209,F,5,137,1073,1cc7c80a8b82,2,train,0,12209_F
12209,G,6,567,4443,97ea2e66cfeb,2,train,0,12209_G
12209,H,7,438,3416,25151716f35b,2,train,0,12209_H
12209,I,8,264,1996,4f1496e94a28,2,train,1,12209_I
12209,J,9,131,1007,2fa68cd8097f,2,train,0,12209_J
12209,K,10,321,2423,453e182cf72d,2,train,0,12209_K
12209,L,11,79,576,d49be5ae2fc9,2,train,0,12209_L
12209,M,12,65,487,170862d359da,2,train,0,12209_M
12209,a,0,662,5011,3de99791ff11,2,train,0,12209_a
12209,b,1,296,2304,8ef09a841b59,2,train,0,12209_b
12209,c,2,189,1498,7317f10d9f0b,2,train,0,12209_c
12209,d,3,549,4251,812e084c5ce0,2,train,0,12209_d
12209,e,4,411,3151,6963c118e2ad,2,train,0,12209_e
12209,f,5,137,1073,1cc7c80a8b82,2,train,0,12209_f
12209,g,6,567,4443,97ea2e66cfeb,2,train,0,12209_g
12209,h,7,438,3416,25151716f35b,2,train,0,12209_h
12209,i,8,264,1996,4f1496e94a28,2,train,0,12209_i
12209,j,9,131,1007,2fa68cd8097f,2,train,0,12209_j
12209,k,10,321,2423,453e182cf72d,2,train,0,12209_k
12209,l,11,79,576,d49be5ae2fc9,2,train,0,12209_l
12209,m,12,65,487,170862d359da,2,train,0,12209_m
12217,0,0,56,444,20662074c6dc,1,val,0,12217_0
12217,1,1,50,409,025d457889a6,1,val,0,12217_1
12217,2,2,46,377,917fd91fa1d1,1,val,0,12217_2
12217,3,3,64,504,e262703728ed,1,val,0,12217_3
12217,6,4,102,780,b977196aa6d4,1,val,0,12217_6
12217,9,5,338,2582,d8feab10813b,1,val,0,12217_9
12217,C,6,271,2082,dc0ca816fa2a,1,val,0,12217_C
12217,D,7,209,1565,3949dea42f5c,1,val,0,12217_D
12217,E,8,193,1483,81afa748f337,1,val,0,12217_E
12217,F,9,177,1410,020a5720fed5,1,val,0,12217_F
12217,G,10,176,1323,77e24bd37b87,1,val,0,12217_G
12217,H,11,149,1110,f9a0c8f4bba5,1,val,0,12217_H
12217,J,12,142,1129,cfbedf730201,1,val,0,12217_J
12217,K,13,122,938,217b4e1f5707,1,val,0,12217_K
12217,L,14,144,1053,00ba63904ba0,1,val,0,12217_L
12217,M,15,136,1074,6334c138321d,1,val,0,12217_M
12217,N,16,120,960,3de31a0153bf,1,val,0,12217_N
12217,O,17,116,892,cbc8767a2cdc,1,val,0,12217_O
12217,P,18,113,911,a47fb3e82bb6,1,val,0,12217_P
12217,Q,19,117,947,6b8dfeb549bf,1,val,0,12217_Q
12217,R,20,103,816,b3eb9333aa66,1,val,0,12217_R
12217,S,21,110,857,c4e9259c84c1,1,val,0,12217_S
12217,T,22,93,738,45296cc18fac,1,val,0,12217_T
12217,U,23,102,779,b52fee32a842,1,val,0,12217_U
12217,V,24,94,753,f168559556cf,1,val,1,12217_V
12217,W,25,76,577,b9fa0cd958ea,1,val,0,12217_W
12217,X,26,77,625,29a1aee1fff6,1,val,0,12217_X
12217,Y,27,63,509,31a24983055e,1,val,0,12217_Y
12217,Z,28,58,449,f8d3ad4d81e1,1,val,0,12217_Z
12217,d,29,47,364,71569ac9c1f0,1,val,0,12217_d
12217,g,30,38,302,43ab24acc3be,1,val,0,12217_g
12228,1,0,173,1381,6be5a1bac21c,1,test,0,12228_1
12228,2,1,179,1395,547d71c072cf,1,test,0,12228_2
12228,3,2,174,1341,f8f6fa7b550a,1,test,0,12228_3
12228,A,3,743,5815,60c1c2ad5865,1,test,0,12228_A
12228,B,4,731,5819,b72634b19f80,1,test,0,12228_B
12228,C,5,80,597,bad72344400d,1,test,0,12228_C
12228,D,6,138,1094,db69306225a8,1,test,0,12228_D
12228,E,7,61,493,637d5dbffc73,1,test,0,12228_E
12228,F,8,155,1270,ec64754f2b45,1,test,0,12228_F
12228,I,9,31,230,fd7102fa47b0,1,test,0,12228_I
12228,J,10,38,312,dbe8a482dd99,1,test,0,12228_J
12228,K,11,54,390,04a5298f2207,1,test,0,12228_K
12228,L,12,136,1039,65ab8a6801f2,1,test,1,12228_L
12228,M,13,27,204,80c6ae4ddd28,1,test,0,12228_M
12228,O,14,97,747,54994dd51821,1,test,0,12228_O
12239,D,0,205,1643,a0946ea8f78f,1,train,1,12239_D
12239,E,1,156,1152,d490880d0ec2,1,train,1,12239_E
12239,F,2,106,862,54347e8699c5,1,train,0,12239_F
12239,H,3,129,979,1885ae2d39ac,1,train,0,12239_H
12239,K,4,117,877,5baa40a11960,1,train,0,12239_K
12239,L,5,122,947,8f33672ef458,1,train,0,12239_L
12239,O,6,88,714,f67f34c3f6b1,1,train,0,12239_O
12239,P,7,82,649,070016caff40,1,train,0,12239_P
12239,Q,8,80,648,b08ac46412db,1,train,0,12239_Q
12239,R,9,65,535,7b922c710c8c,1,train,0,12239_R
12239,T,10,86,670,a0b793c8f19b,1,train,0,12239_T
12239,U,11,52,430,b9e433ecda5b,1,train,0,12239_U
12242,D,0,205,1643,a0946ea8f78f,1,train,0,12242_D
12242,E,1,156,1152,d490880d0ec2,1,train,0,12242_E
12242,F,2,106,862,54347e8699c5,1,train,0,12242_F
12242,H,3,129,979,1885ae2d39ac,1,train,0,12242_H
12242,K,4,117,877,5baa40a11960,1,train,0,12242_K
12242,L,5,122,947,8f33672ef458,1,train,1,12242_L
12242,O,6,88,714,f67f34c3f6b1,1,train,0,12242_O
12242,P,7,82,649,070016caff40,1,train,1,12242_P
12242,Q,8,80,648,b08ac46412db,1,train,0,12242_Q
12242,R,9,65,535,7b922c710c8c,1,train,1,12242_R
12242,T,10,86,670,a0b793c8f19b,1,train,1,12242_T
12242,V,11,99,783,94d5f31cc89e,1,train,0,12242_V
12243,B,0,224,1753,17ba6a78e3f0,1,train,0,12243_B
12243,C,1,211,1653,ae2567a714b8,1,train,0,12243_C
12243,D,2,205,1643,a0946ea8f78f,1,train,0,12243_D
12243,E,3,156,1152,d490880d0ec2,1,train,1,12243_E
12243,F,4,106,862,54347e8699c5,1,train,0,12243_F
12243,G,5,151,1181,5c08f8084d17,1,train,0,12243_G
12243,H,6,129,979,1885ae2d39ac,1,train,0,12243_H
12243,I,7,127,1022,76319acb2a25,1,train,0,12243_I
12243,J,8,99,795,4ee9d962899d,1,train,0,12243_J
12243,K,9,117,877,5baa40a11960,1,train,0,12243_K
12243,L,10,122,947,8f33672ef458,1,train,0,12243_L
12243,M,11,114,883,46b922774b79,1,train,0,12243_M
12243,N,12,100,805,cf4f643df59e,1,train,0,12243_N
12243,O,13,88,714,f67f34c3f6b1,1,train,0,12243_O
12243,P,14,82,649,070016caff40,1,train,0,12243_P
12243,Q,15,80,648,b08ac46412db,1,train,0,12243_Q
12243,R,16,65,535,7b922c710c8c,1,train,0,12243_R
12243,S,17,83,663,05edfaf08281,1,train,0,12243_S
12243,T,18,86,670,a0b793c8f19b,1,train,0,12243_T
12243,V,19,99,783,94d5f31cc89e,1,train,0,12243_V
12244,D,0,205,1643,a0946ea8f78f,1,train,0,12244_D
12244,E,1,156,1152,d490880d0ec2,1,train,0,12244_E
12244,F,2,106,862,54347e8699c5,1,train,0,12244_F
12244,H,3,129,979,1885ae2d39ac,1,train,0,12244_H
12244,K,4,117,877,5baa40a11960,1,train,0,12244_K
12244,L,5,122,947,8f33672ef458,1,train,0,12244_L
12244,O,6,88,714,f67f34c3f6b1,1,train,0,12244_O
12244,P,7,82,649,070016caff40,1,train,0,12244_P
12244,Q,8,80,648,b08ac46412db,1,train,0,12244_Q
12244,R,9,65,535,7b922c710c8c,1,train,0,12244_R
12244,T,10,86,670,a0b793c8f19b,1,train,0,12244_T
12244,U,11,66,551,14201494e406,1,train,1,12244_U
12244,W,12,314,2456,aa5106f86550,1,train,0,12244_W
12247,B,0,224,1753,17ba6a78e3f0,1,train,0,12247_B
12247,C,1,211,1653,ae2567a714b8,1,train,0,12247_C
12247,D,2,205,1643,a0946ea8f78f,1,train,0,12247_D
12247,E,3,156,1152,d490880d0ec2,1,train,0,12247_E
12247,F,4,106,862,54347e8699c5,1,train,0,12247_F
12247,G,5,151,1181,5c08f8084d17,1,train,0,12247_G
12247,H,6,129,979,1885ae2d39ac,1,train,1,12247_H
12247,I,7,127,1022,76319acb2a25,1,train,0,12247_I
12247,J,8,99,795,4ee9d962899d,1,train,0,12247_J
12247,K,9,117,877,5baa40a11960,1,train,0,12247_K
12247,L,10,122,947,8f33672ef458,1,train,0,12247_L
12247,M,11,114,883,46b922774b79,1,train,0,12247_M
12247,N,12,100,805,cf4f643df59e,1,train,0,12247_N
12247,O,13,88,714,f67f34c3f6b1,1,train,1,12247_O
12247,P,14,82,649,070016caff40,1,train,0,12247_P
12247,Q,15,80,648,b08ac46412db,1,train,0,12247_Q
12247,R,16,65,535,7b922c710c8c,1,train,0,12247_R
12247,S,17,82,658,9342079556b1,1,train,0,12247_S
12247,T,18,86,670,a0b793c8f19b,1,train,0,12247_T
12247,U,19,66,551,14201494e406,1,train,0,12247_U
12247,X,20,151,1174,1344a7f9779a,1,train,0,12247_X
12248,B,0,224,1753,17ba6a78e3f0,1,train,0,12248_B
12248,C,1,211,1653,ae2567a714b8,1,train,1,12248_C
12248,D,2,205,1643,a0946ea8f78f,1,train,0,12248_D
12248,E,3,156,1152,d490880d0ec2,1,train,0,12248_E
12248,F,4,106,862,54347e8699c5,1,train,0,12248_F
12248,G,5,146,1143,ee07c1c949ef,1,train,0,12248_G
12248,H,6,129,979,1885ae2d39ac,1,train,0,12248_H
12248,I,7,127,1022,76319acb2a25,1,train,0,12248_I
12248,J,8,99,795,4ee9d962899d,1,train,0,12248_J
12248,K,9,116,866,22daef56d84b,1,train,0,12248_K
12248,L,10,122,947,8f33672ef458,1,train,0,12248_L
12248,M,11,114,883,46b922774b79,1,train,0,12248_M
12248,N,12,100,805,cf4f643df59e,1,train,0,12248_N
12248,O,13,88,714,f67f34c3f6b1,1,train,0,12248_O
12248,P,14,82,649,070016caff40,1,train,0,12248_P
12248,Q,15,80,648,b08ac46412db,1,train,0,12248_Q
12248,R,16,65,535,7b922c710c8c,1,train,0,12248_R
12248,S,17,82,658,9342079556b1,1,train,0,12248_S
12248,T,18,86,670,a0b793c8f19b,1,train,0,12248_T
12248,X,19,151,1174,1344a7f9779a,1,train,1,12248_X
12251,B,0,224,1753,17ba6a78e3f0,1,train,0,12251_B
12251,C,1,211,1653,ae2567a714b8,1,train,0,12251_C
12251,D,2,205,1643,a0946ea8f78f,1,train,1,12251_D
12251,E,3,157,1156,ff68b0db64f0,1,train,0,12251_E
12251,F,4,106,862,54347e8699c5,1,train,0,12251_F
12251,G,5,147,1151,db49eb718a29,1,train,0,12251_G
12251,H,6,129,979,1885ae2d39ac,1,train,0,12251_H
12251,I,7,127,1022,76319acb2a25,1,train,0,12251_I
12251,J,8,99,795,4ee9d962899d,1,train,0,12251_J
12251,K,9,117,877,5baa40a11960,1,train,0,12251_K
12251,L,10,122,947,8f33672ef458,1,train,0,12251_L
12251,M,11,114,883,46b922774b79,1,train,0,12251_M
12251,N,12,100,805,cf4f643df59e,1,train,0,12251_N
12251,O,13,88,714,f67f34c3f6b1,1,train,0,12251_O
12251,P,14,82,649,070016caff40,1,train,0,12251_P
12251,Q,15,80,648,b08ac46412db,1,train,0,12251_Q
12251,R,16,65,535,7b922c710c8c,1,train,0,12251_R
12251,S,17,82,658,9342079556b1,1,train,0,12251_S
12251,T,18,86,670,a0b793c8f19b,1,train,0,12251_T
12270,A,0,334,2794,db9ad9d40b19,2,train,1,12270_A
12270,B,0,334,2794,db9ad9d40b19,2,train,0,12270_B
12290,A,0,566,4405,414e68137e61,2,train,1,12290_A
12290,B,0,566,4405,414e68137e61,2,train,0,12290_B
12290,C,1,107,822,f698c5ea3506,2,train,0,12290_C
12290,D,2,118,928,6e834ee30b55,2,train,0,12290_D
12290,E,1,107,822,f698c5ea3506,2,train,0,12290_E
12290,F,2,118,928,6e834ee30b55,2,train,0,12290_F
12321,A,0,327,2624,94cf4bad7cfa,5,val,1,12321_A
12321,B,0,327,2624,94cf4bad7cfa,5,val,0,12321_B
12321,C,0,327,2624,94cf4bad7cfa,5,val,0,12321_C
12321,D,0,327,2624,94cf4bad7cfa,5,val,0,12321_D
12321,E,0,327,2624,94cf4bad7cfa,5,val,0,12321_E
12322,A,0,716,5798,40ad86f6b38b,1,train,1,12322_A
12322,B,1,735,5871,cad343c46125,1,train,0,12322_B
12322,C,2,249,2017,b01a4c96050b,1,train,0,12322_C
12335,A,0,335,2627,fca562cfc746,1,train,1,12335_A
12335,B,1,485,3812,8f1cd4e2f490,1,train,0,12335_B
12335,C,2,448,3465,6f9842305231,1,train,0,12335_C
12335,D,3,340,2705,582edda1dc4c,1,train,0,12335_D
12335,E,4,77,635,446563a6f356,1,train,0,12335_E
12335,F,5,38,307,4841c4647914,1,train,0,12335_F
12335,H,6,65,511,0316b38c2285,1,train,0,12335_H
12335,I,7,35,286,a4f8669dd5d2,1,train,0,12335_I
12335,K,8,37,293,6163f518797e,1,train,0,12335_K
12335,L,9,37,304,cd61d5583063,1,train,0,12335_L
12335,M,10,34,267,a58f22f0b4be,1,train,0,12335_M
12335,T,11,30,256,fabf21ffd28d,1,train,0,12335_T
12335,X,12,35,254,3add373337de,1,train,0,12335_X
12335,Z,13,62,479,4106d606ccd9,1,train,0,12335_Z
12335,y,14,28,208,a0a0e6173c0a,1,train,0,12335_y
12348,A,0,517,4152,053ff61ceff5,1,train,0,12348_A
12348,B,1,738,5892,139a7b3b1115,1,train,1,12348_B
12348,C,2,539,4295,12a01d4de804,1,train,0,12348_C
12366,A,0,1138,8815,b6b57520029f,1,test,0,12366_A
12366,B,1,211,1610,678e1a6e088c,1,test,0,12366_B
12366,C,2,234,1757,4f0ae8b84434,1,test,0,12366_C
12366,D,3,208,1578,1486974bcc59,1,test,1,12366_D
12366,E,4,229,1702,2f19ebffc58c,1,test,0,12366_E
12382,A,0,509,3848,7cf76ea3776b,1,train,0,12382_A
12382,B,1,505,3816,0e6afdec833c,1,train,0,12382_B
12382,C,2,533,4029,329eb89e1b27,1,train,0,12382_C
12382,D,3,468,3580,0d3a25d5f23c,1,train,1,12382_D
12382,E,4,464,3554,ecc1f3355646,1,train,0,12382_E
12382,F,5,469,3589,f04a1b4fd42b,1,train,0,12382_F
12382,G,6,298,2288,4c45104d6265,1,train,0,12382_G
12382,H,7,118,911,05c72c81b88a,1,train,0,12382_H
12382,L,8,84,589,c87b73cb1345,7,train,0,12382_L
12382,M,8,84,589,c87b73cb1345,7,train,0,12382_M
12382,N,8,84,589,c87b73cb1345,7,train,0,12382_N
12382,O,8,84,589,c87b73cb1345,7,train,0,12382_O
12382,P,9,85,597,138b87272e57,2,train,0,12382_P
12382,Q,8,84,589,c87b73cb1345,7,train,0,12382_Q
12382,R,9,85,597,138b87272e57,2,train,0,12382_R
12382,S,8,84,589,c87b73cb1345,7,train,0,12382_S
12382,T,8,84,589,c87b73cb1345,7,train,0,12382_T
12382,a,10,238,1851,2297af9bf6c8,1,train,1,12382_a
12382,b,11,145,1077,58167afcf494,1,train,0,12382_b
12382,d,12,439,3293,62bcf61e6495,1,train,0,12382_d
12387,A,0,506,3826,726e14f2095a,1,test,1,12387_A
12387,B,1,504,3810,d2e3fadf62d9,1,test,0,12387_B
12387,C,2,528,4003,5c4532a84bd8,1,test,0,12387_C
12387,D,3,468,3580,0d3a25d5f23c,1,test,1,12387_D
12387,E,4,464,3554,ecc1f3355646,1,test,0,12387_E
12387,F,5,468,3581,6f22d24d258a,1,test,0,12387_F
12387,G,6,299,2292,a93108982cdf,1,test,0,12387_G
12387,H,7,118,911,05c72c81b88a,1,test,0,12387_H
12387,L,8,84,589,c87b73cb1345,8,test,0,12387_L
12387,M,8,84,589,c87b73cb1345,8,test,0,12387_M
12387,N,8,84,589,c87b73cb1345,8,test,0,12387_N
12387,O,8,84,589,c87b73cb1345,8,test,0,12387_O
12387,P,8,84,589,c87b73cb1345,8,test,0,12387_P
12387,Q,9,85,597,138b87272e57,1,test,0,12387_Q
12387,R,8,84,589,c87b73cb1345,8,test,0,12387_R
12387,S,8,84,589,c87b73cb1345,8,test,0,12387_S
12387,T,8,84,589,c87b73cb1345,8,test,0,12387_T
12387,a,10,238,1851,2297af9bf6c8,1,test,0,12387_a
12387,b,11,144,1071,95a5f0a395d8,1,test,0,12387_b
12387,d,12,438,3285,5250aef81eec,1,test,0,12387_d
12392,A,0,503,3811,5903503c0515,1,train,0,12392_A
12392,B,1,505,3816,0e6afdec833c,1,train,0,12392_B
12392,C,2,536,4053,d4bb5d358281,1,train,0,12392_C
12392,D,3,468,3580,0d3a25d5f23c,1,train,0,12392_D
12392,E,4,464,3554,ecc1f3355646,1,train,0,12392_E
12392,F,5,469,3589,f04a1b4fd42b,1,train,0,12392_F
12392,G,6,293,2250,46689bdc5b2a,1,train,0,12392_G
12392,H,7,118,911,05c72c81b88a,1,train,0,12392_H
12392,L,8,83,580,e5e263020675,2,train,0,12392_L
12392,M,9,85,597,138b87272e57,3,train,0,12392_M
12392,N,10,84,589,c87b73cb1345,2,train,0,12392_N
12392,O,9,85,597,138b87272e57,3,train,0,12392_O
12392,P,9,85,597,138b87272e57,3,train,0,12392_P
12392,Q,11,82,572,aef9cffddebe,1,train,0,12392_Q
12392,R,12,84,588,ff8f8736d18a,1,train,0,12392_R
12392,S,10,84,589,c87b73cb1345,2,train,0,12392_S
12392,T,8,83,580,e5e263020675,2,train,0,12392_T
12392,a,13,238,1851,2297af9bf6c8,1,train,0,12392_a
12392,b,14,145,1077,58167afcf494,1,train,1,12392_b
12392,d,15,433,3249,81d4b808ca98,1,train,0,12392_d
12417,A,0,517,3904,529e2b990207,1,test,1,12417_A
12417,B,1,503,3797,7cc7449f4c6f,1,test,0,12417_B
12417,C,2,521,3946,9099c910b970,1,test,0,12417_C
12417,D,3,468,3580,0d3a25d5f23c,2,test,0,12417_D
12417,E,4,464,3554,ecc1f3355646,1,test,0,12417_E
12417,F,3,468,3580,0d3a25d5f23c,2,test,0,12417_F
12417,G,5,297,2277,0ec9c4bd1e81,1,test,0,12417_G
12417,H,6,118,911,05c72c81b88a,1,test,0,12417_H
12417,L,7,84,589,c87b73cb1345,8,test,0,12417_L
12417,M,7,84,589,c87b73cb1345,8,test,0,12417_M
12417,N,7,84,589,c87b73cb1345,8,test,0,12417_N
12417,O,7,84,589,c87b73cb1345,8,test,0,12417_O
12417,P,7,84,589,c87b73cb1345,8,test,0,12417_P
12417,Q,7,84,589,c87b73cb1345,8,test,0,12417_Q
12417,R,7,84,589,c87b73cb1345,8,test,0,12417_R
12417,S,7,84,589,c87b73cb1345,8,test,0,12417_S
12417,T,8,85,597,138b87272e57,1,test,0,12417_T
12417,a,9,238,1851,2297af9bf6c8,1,test,0,12417_a
12417,b,10,144,1071,95a5f0a395d8,1,test,0,12417_b
12417,d,11,437,3278,99f30528b31c,1,test,0,12417_d
12425,L,0,84,589,c87b73cb1345,9,train,0,12425_L
12425,M,0,84,589,c87b73cb1345,9,train,0,12425_M
12425,N,0,84,589,c87b73cb1345,9,train,0,12425_N
12425,O,0,84,589,c87b73cb1345,9,train,0,12425_O
12425,P,0,84,589,c87b73cb1345,9,train,0,12425_P
12425,Q,0,84,589,c87b73cb1345,9,train,0,12425_Q
12425,R,0,84,589,c87b73cb1345,9,train,0,12425_R
12425,S,0,84,589,c87b73cb1345,9,train,0,12425_S
12425,T,0,84,589,c87b73cb1345,9,train,0,12425_T
12425,a,1,238,1851,2297af9bf6c8,1,train,0,12425_a
12425,b,2,63,476,2800f89187fd,1,train,1,12425_b
12425,d,3,61,461,c7a4fafbd044,1,train,0,12425_d
12427,L,0,84,589,c87b73cb1345,9,train,0,12427_L
12427,M,0,84,589,c87b73cb1345,9,train,0,12427_M
12427,N,0,84,589,c87b73cb1345,9,train,0,12427_N
12427,O,0,84,589,c87b73cb1345,9,train,0,12427_O
12427,P,0,84,589,c87b73cb1345,9,train,0,12427_P
12427,Q,0,84,589,c87b73cb1345,9,train,0,12427_Q
12427,R,0,84,589,c87b73cb1345,9,train,0,12427_R
12427,S,0,84,589,c87b73cb1345,9,train,0,12427_S
12427,T,0,84,589,c87b73cb1345,9,train,0,12427_T
12427,a,1,238,1851,2297af9bf6c8,1,train,1,12427_a
12427,b,2,63,476,2800f89187fd,1,train,0,12427_b
12427,d,3,61,461,c7a4fafbd044,1,train,0,12427_d
12436,C,0,21,162,d1e1d0366aa1,1,train,0,12436_C
12436,G,1,251,1934,b77cf74772fc,1,train,0,12436_G
12436,H,2,118,911,05c72c81b88a,1,train,0,12436_H
12436,L,3,85,597,138b87272e57,4,train,1,12436_L
12436,M,4,84,589,c87b73cb1345,5,train,0,12436_M
12436,N,4,84,589,c87b73cb1345,5,train,0,12436_N
12436,O,4,84,589,c87b73cb1345,5,train,0,12436_O
12436,P,3,85,597,138b87272e57,4,train,0,12436_P
12436,Q,3,85,597,138b87272e57,4,train,0,12436_Q
12436,R,4,84,589,c87b73cb1345,5,train,0,12436_R
12436,S,3,85,597,138b87272e57,4,train,0,12436_S
12436,T,4,84,589,c87b73cb1345,5,train,0,12436_T
12450,A,0,1410,11092,3dbbd484f90f,1,test,0,12450_A
12450,B,1,1116,8865,17df86287308,1,test,0,12450_B
12450,C,2,265,2086,1755ae4d0552,1,test,0,12450_C
12450,D,3,180,1444,7ae00841a4eb,1,test,0,12450_D
12450,E,4,214,1752,680582145be4,1,test,0,12450_E
12450,F,5,87,705,fff6cb5529ad,1,test,0,12450_F
12450,G,6,171,1340,43e5549e41bd,1,test,0,12450_G
12450,H,7,133,1068,3af00e3709ba,1,test,0,12450_H
12450,I,8,119,971,bcd8f74c6c06,1,test,0,12450_I
12450,J,9,65,532,5209c99bc32f,1,test,0,12450_J
12450,K,10,114,919,d6f25ef74faa,1,test,0,12450_K
12450,L,11,44,351,1f02c693892a,1,test,0,12450_L
12450,O,12,427,3481,655ab1a722d3,1,test,0,12450_O
12450,Q,13,404,3264,7e2e32f9872f,1,test,0,12450_Q
12450,Y,14,98,739,b48c67c39de7,1,test,0,12450_Y
12450,Z,15,156,1252,d0823b731b89,1,test,1,12450_Z
12450,a,16,88,720,49154cfdb7a1,1,test,0,12450_a
12450,b,17,83,662,30d05b67c961,1,test,1,12450_b
12450,c,18,102,786,c67bbea45373,1,test,0,12450_c
12450,d,19,95,745,ac4b48337109,1,test,0,12450_d
12450,e,20,94,775,4fe83ce06544,1,test,0,12450_e
12450,f,21,78,619,d61224934de3,1,test,0,12450_f
12450,g,22,97,747,cb58602118b2,1,test,0,12450_g
12450,h,23,93,726,dc4af31039f1,1,test,0,12450_h
12451,A,0,455,3581,575acab20eab,1,train,0,12451_A
12451,B,1,337,2611,d2080fe796b2,1,train,1,12451_B
12461,G,0,42,323,e9822f1ae515,1,train,0,12461_G
12461,H,1,101,782,de299e80fcc3,1,train,0,12461_H
12461,L,2,84,589,c87b73cb1345,9,train,0,12461_L
12461,M,2,84,589,c87b73cb1345,9,train,0,12461_M
12461,N,2,84,589,c87b73cb1345,9,train,0,12461_N
12461,O,2,84,589,c87b73cb1345,9,train,0,12461_O
12461,P,2,84,589,c87b73cb1345,9,train,0,12461_P
12461,Q,2,84,589,c87b73cb1345,9,train,0,12461_Q
12461,R,2,84,589,c87b73cb1345,9,train,0,12461_R
12461,S,2,84,589,c87b73cb1345,9,train,0,12461_S
12461,T,2,84,589,c87b73cb1345,9,train,0,12461_T
12461,a,3,238,1851,2297af9bf6c8,1,train,1,12461_a
12461,b,4,63,476,2800f89187fd,1,train,1,12461_b
12461,d,5,61,461,c7a4fafbd044,1,train,0,12461_d
12612,A,0,1423,11274,3396e4b49b85,1,val,0,12612_A
12612,B,1,1136,9076,ad2b3ba1a8d9,1,val,0,12612_B
12612,C,2,257,2059,6022a979f6f6,1,val,1,12612_C
12612,D,3,128,1050,f3973687061c,1,val,0,12612_D
12612,E,4,209,1721,de37ac4481b5,1,val,0,12612_E
12612,F,5,79,636,346f7f263997,1,val,0,12612_F
12612,G,6,171,1351,1da34b209f2e,1,val,0,12612_G
12612,H,7,148,1186,5ecc3d72561c,1,val,0,12612_H
12612,I,8,114,928,ddf024586083,1,val,0,12612_I
12612,J,9,64,507,e09218bc750e,1,val,0,12612_J
12612,K,10,115,920,21a801b62f2d,1,val,0,12612_K
12612,L,11,44,373,1c0e28897b27,1,val,0,12612_L
12612,M,12,252,1953,998b7f6d8195,1,val,0,12612_M
12612,O,13,179,1422,0186a0e956b1,1,val,0,12612_O
12612,Q,14,138,1138,e22e63e795e4,1,val,0,12612_Q
12612,R,15,222,1788,2a9d52675d8f,1,val,0,12612_R
12612,U,16,113,930,23e206bed91e,1,val,0,12612_U
12612,V,17,99,806,8a6e441f9847,1,val,0,12612_V
12612,W,18,187,1535,af325eb5b7f4,1,val,0,12612_W
12612,X,19,171,1403,a1cd5942e4fd,1,val,0,12612_X
12650,A,0,1542,11744,06053351d268,1,train,0,12650_A
12650,B,1,718,5631,cc3086795075,1,train,0,12650_B
12650,C,2,809,5977,64d9e3030ec2,1,train,0,12650_C
12650,D,3,487,3914,433587d3a158,1,train,1,12650_D
12650,E,4,482,3805,73d961fe3a1b,1,train,0,12650_E
12650,F,5,168,1319,c850ac0c8304,1,train,0,12650_F
12650,G,6,393,3079,f4fcf95494ce,1,train,0,12650_G
12650,H,7,404,3192,ba98ca452206,1,train,0,12650_H
12650,I,8,309,2433,566e021cc20e,1,train,0,12650_I
12653,A,0,92,668,2fe032363f1f,1,train,0,12653_A
12653,B,1,158,1215,d8cefeda1309,1,train,0,12653_B
12653,D,2,588,4725,3db8be5745d1,1,train,0,12653_D
12653,E,3,155,1213,2beec3fe663c,1,train,0,12653_E
12653,F,4,440,3417,d15b991bc979,1,train,0,12653_F
12653,G,5,907,7044,1df71e63c0a4,1,train,0,12653_G
12653,H,6,270,1985,30ce4ad99740,1,train,0,12653_H
12653,I,7,158,1220,d3185de23313,1,train,1,12653_I
12653,J,8,164,1242,3f9dc19c8441,1,train,0,12653_J
12653,K,9,100,760,973b275ba2f7,1,train,0,12653_K
12653,L,10,612,4126,d722f703f1f7,1,train,0,12653_L
12653,M,11,504,3953,6e1e81f253d5,1,train,0,12653_M
12653,N,12,467,3543,1a5461e1e327,1,train,0,12653_N
12654,A,0,92,668,2fe032363f1f,1,train,0,12654_A
12654,B,1,158,1215,d8cefeda1309,1,train,0,12654_B
12654,D,2,588,4725,3db8be5745d1,1,train,0,12654_D
12654,E,3,155,1213,2beec3fe663c,1,train,0,12654_E
12654,F,4,440,3417,d15b991bc979,1,train,0,12654_F
12654,G,5,907,7044,1df71e63c0a4,1,train,0,12654_G
12654,H,6,270,1985,30ce4ad99740,1,train,0,12654_H
12654,I,7,158,1220,d3185de23313,1,train,0,12654_I
12654,J,8,164,1242,3f9dc19c8441,1,train,0,12654_J
12654,K,9,100,760,973b275ba2f7,1,train,1,12654_K
12654,L,10,612,4126,d722f703f1f7,1,train,0,12654_L
12654,M,11,504,3953,6e1e81f253d5,1,train,0,12654_M
12654,N,12,467,3543,1a5461e1e327,1,train,0,12654_N
12655,A,0,92,668,2fe032363f1f,1,val,0,12655_A
12655,B,1,158,1215,d8cefeda1309,1,val,0,12655_B
12655,D,2,588,4725,3db8be5745d1,1,val,0,12655_D
12655,E,3,155,1213,2beec3fe663c,1,val,0,12655_E
12655,F,4,440,3417,d15b991bc979,1,val,0,12655_F
12655,G,5,907,7044,1df71e63c0a4,1,val,0,12655_G
12655,H,6,270,1985,30ce4ad99740,1,val,0,12655_H
12655,I,7,158,1220,d3185de23313,1,val,0,12655_I
12655,J,8,164,1242,3f9dc19c8441,1,val,0,12655_J
12655,K,9,100,760,973b275ba2f7,1,val,0,12655_K
12655,L,10,612,4126,d722f703f1f7,1,val,0,12655_L
12655,M,11,504,3953,6e1e81f253d5,1,val,1,12655_M
12655,N,12,467,3543,1a5461e1e327,1,val,0,12655_N
12702,A,0,446,3466,4b52b0416115,1,test,0,12702_A
12702,B,1,420,3154,297dd71e07ba,2,test,0,12702_B
12702,C,2,380,3045,096f54e2c5b4,1,test,0,12702_C
12702,D,3,241,1919,b534a9bc5dd1,1,test,0,12702_D
12702,E,4,196,1512,768de470aa44,2,test,0,12702_E
12702,F,5,102,900,574127199855,1,test,0,12702_F
12702,G,6,74,624,c6acb3a249a3,1,test,0,12702_G
12702,H,7,68,563,c8535fa53b45,2,test,0,12702_H
12702,I,8,111,828,a7ab145d4772,1,test,0,12702_I
12702,J,9,60,495,32b7f34579c6,2,test,0,12702_J
12702,K,10,52,429,949c35537e9e,1,test,0,12702_K
12702,L,11,445,3460,88bf377a9a01,1,test,0,12702_L
12702,M,1,420,3154,297dd71e07ba,2,test,0,12702_M
12702,N,12,380,3046,bb4cb1997881,1,test,0,12702_N
12702,O,13,240,1909,a321cfb28925,1,test,0,12702_O
12702,P,4,196,1512,768de470aa44,2,test,0,12702_P
12702,Q,14,101,894,26d31440aad0,1,test,0,12702_Q
12702,R,15,72,609,0fe96e164571,1,test,0,12702_R
12702,S,7,68,563,c8535fa53b45,2,test,0,12702_S
12702,T,16,78,554,a02ded841026,1,test,0,12702_T
12702,U,9,60,495,32b7f34579c6,2,test,0,12702_U
12702,V,17,53,438,399f94f08502,1,test,0,12702_V
12702,a,18,514,4021,4bda47e5de43,1,test,0,12702_a
12702,b,19,227,1817,a0cd6b9dcf87,1,test,0,12702_b
12702,c,20,259,2111,b8893e24ec9c,1,test,1,12702_c
12702,d,21,144,1195,03c9de4991aa,1,test,0,12702_d
12702,e,22,104,842,3d519c5c92da,1,test,0,12702_e
12702,f,23,95,727,179ab5cce181,1,test,0,12702_f
12702,g,24,75,605,0278e07aa177,1,test,0,12702_g
12702,h,25,79,654,473e2008573f,1,test,0,12702_h
12702,i,26,72,572,05094c34810a,1,test,0,12702_i
12702,k,27,49,383,6a4b1fdb164d,1,test,0,12702_k
12702,l,28,46,380,1258ad8a6f09,1,test,0,12702_l
12702,m,29,43,311,403646cda070,1,test,0,12702_m
12705,A,0,446,3466,4b52b0416115,1,test,0,12705_A
12705,B,1,420,3154,297dd71e07ba,2,test,0,12705_B
12705,C,2,380,3045,096f54e2c5b4,1,test,0,12705_C
12705,D,3,241,1919,b534a9bc5dd1,1,test,1,12705_D
12705,F,4,101,894,26d31440aad0,2,test,0,12705_F
12705,G,5,67,565,d598c7f1f67d,1,test,0,12705_G
12705,H,6,67,554,ab020ee66840,1,test,0,12705_H
12705,I,7,111,834,a7ab145d4772,1,test,0,12705_I
12705,J,8,31,272,72945e67e449,2,test,0,12705_J
12705,L,9,445,3460,88bf377a9a01,1,test,0,12705_L
12705,M,1,420,3154,297dd71e07ba,2,test,0,12705_M
12705,N,10,380,3046,bb4cb1997881,1,test,0,12705_N
12705,O,11,240,1909,a321cfb28925,1,test,0,12705_O
12705,Q,4,101,894,26d31440aad0,2,test,0,12705_Q
12705,R,12,72,609,0fe96e164571,1,test,0,12705_R
12705,S,13,64,530,9ba413264a01,1,test,0,12705_S
12705,T,14,78,554,a02ded841026,1,test,0,12705_T
12705,U,8,31,272,72945e67e449,2,test,0,12705_U
12705,a,15,514,4021,4bda47e5de43,1,test,0,12705_a
12705,b,16,227,1817,a0cd6b9dcf87,1,test,0,12705_b
12705,c,17,259,2111,b8893e24ec9c,1,test,0,12705_c
12705,d,18,144,1195,03c9de4991aa,1,test,0,12705_d
12705,e,19,104,842,3d519c5c92da,1,test,1,12705_e
12705,f,20,95,727,179ab5cce181,1,test,0,12705_f
12705,g,21,75,605,0278e07aa177,1,test,0,12705_g
12705,h,22,79,654,473e2008573f,1,test,0,12705_h
12705,i,23,72,572,05094c34810a,1,test,0,12705_i
12705,k,24,49,383,6a4b1fdb164d,1,test,0,12705_k
12705,l,25,46,380,1258ad8a6f09,1,test,0,12705_l
12705,m,26,43,311,403646cda070,1,test,0,12705_m
12706,A,0,446,3466,4b52b0416115,1,train,0,12706_A
12706,B,1,420,3154,297dd71e07ba,2,train,0,12706_B
12706,C,2,380,3046,bb4cb1997881,2,train,0,12706_C
12706,D,3,241,1919,b534a9bc5dd1,1,train,0,12706_D
12706,E,4,196,1512,768de470aa44,2,train,0,12706_E
12706,F,5,102,900,574127199855,1,train,1,12706_F
12706,G,6,80,674,a3f64c9ecee0,1,train,0,12706_G
12706,H,7,68,563,c8535fa53b45,2,train,0,12706_H
12706,J,8,60,495,32b7f34579c6,2,train,0,12706_J
12706,K,9,51,421,7f6b7906b8fc,1,train,0,12706_K
12706,L,10,445,3460,88bf377a9a01,1,train,0,12706_L
12706,M,1,420,3154,297dd71e07ba,2,train,0,12706_M
12706,N,2,380,3046,bb4cb1997881,2,train,0,12706_N
12706,O,11,240,1909,a321cfb28925,1,train,0,12706_O
12706,P,4,196,1512,768de470aa44,2,train,0,12706_P
12706,Q,12,101,894,26d31440aad0,1,train,0,12706_Q
12706,R,13,76,637,ccd1fe2e31b0,1,train,0,12706_R
12706,S,7,68,563,c8535fa53b45,2,train,0,12706_S
12706,T,14,78,554,a02ded841026,1,train,0,12706_T
12706,U,8,60,495,32b7f34579c6,2,train,0,12706_U
12706,V,15,53,438,399f94f08502,1,train,0,12706_V
12707,A,0,202,1521,83f755a4bc13,14,test,1,12707_A
12707,B,1,131,1013,698c9a54984a,14,test,0,12707_B
12707,C,2,28,213,a8b2bcf3356c,14,test,0,12707_C
12707,D,0,202,1521,83f755a4bc13,14,test,0,12707_D
12707,E,1,131,1013,698c9a54984a,14,test,0,12707_E
12707,F,2,28,213,a8b2bcf3356c,14,test,0,12707_F
12707,G,0,202,1521,83f755a4bc13,14,test,0,12707_G
12707,H,1,131,1013,698c9a54984a,14,test,0,12707_H
12707,I,2,28,213,a8b2bcf3356c,14,test,0,12707_I
12707,J,0,202,1521,83f755a4bc13,14,test,0,12707_J
12707,K,1,131,1013,698c9a54984a,14,test,0,12707_K
12707,L,2,28,213,a8b2bcf3356c,14,test,0,12707_L
12707,M,0,202,1521,83f755a4bc13,14,test,0,12707_M
12707,N,1,131,1013,698c9a54984a,14,test,0,12707_N
12707,O,2,28,213,a8b2bcf3356c,14,test,0,12707_O
12707,P,0,202,1521,83f755a4bc13,14,test,0,12707_P
12707,Q,1,131,1013,698c9a54984a,14,test,0,12707_Q
12707,R,2,28,213,a8b2bcf3356c,14,test,0,12707_R
12707,S,0,202,1521,83f755a4bc13,14,test,0,12707_S
12707,T,1,131,1013,698c9a54984a,14,test,0,12707_T
12707,U,2,28,213,a8b2bcf3356c,14,test,0,12707_U
12707,V,0,202,1521,83f755a4bc13,14,test,0,12707_V
12707,W,1,131,1013,698c9a54984a,14,test,0,12707_W
12707,X,2,28,213,a8b2bcf3356c,14,test,0,12707_X
12707,Y,0,202,1521,83f755a4bc13,14,test,0,12707_Y
12707,Z,1,131,1013,698c9a54984a,14,test,0,12707_Z
12707,a,2,28,213,a8b2bcf3356c,14,test,0,12707_a
12707,b,0,202,1521,83f755a4bc13,14,test,0,12707_b
12707,c,1,131,1013,698c9a54984a,14,test,0,12707_c
12707,d,2,28,213,a8b2bcf3356c,14,test,0,12707_d
12707,e,0,202,1521,83f755a4bc13,14,test,0,12707_e
12707,f,1,131,1013,698c9a54984a,14,test,0,12707_f
12707,g,2,28,213,a8b2bcf3356c,14,test,0,12707_g
12707,h,0,202,1521,83f755a4bc13,14,test,0,12707_h
12707,i,1,131,1013,698c9a54984a,14,test,0,12707_i
12707,j,2,28,213,a8b2bcf3356c,14,test,0,12707_j
12707,k,0,202,1521,83f755a4bc13,14,test,0,12707_k
12707,l,1,131,1013,698c9a54984a,14,test,0,12707_l
12707,m,2,28,213,a8b2bcf3356c,14,test,0,12707_m
12707,n,0,202,1521,83f755a4bc13,14,test,0,12707_n
12707,o,1,131,1013,698c9a54984a,14,test,0,12707_o
12707,p,2,28,213,a8b2bcf3356c,14,test,0,12707_p
12719,0,0,752,6091,5483da6e74b7,1,train,0,12719_0
12719,1,1,522,4214,fd17fd8aa473,1,train,0,12719_1
12719,2,2,445,3597,1b0add42a5ea,1,train,0,12719_2
12719,3,3,131,1089,6198968d3e24,1,train,0,12719_3
12719,4,4,293,2274,dc7b3576496a,1,train,0,12719_4
12719,5,5,65,514,11ce6bd4c22b,1,train,0,12719_5
12719,6,6,356,2794,a4a86f5f2540,1,train,0,12719_6
12719,7,7,615,4954,09dcfa213831,1,train,0,12719_7
12719,A,8,1430,11254,d290df0278ee,1,train,0,12719_A
12719,B,9,1180,9404,85861ecbc5f9,1,train,0,12719_B
12719,C,10,266,2092,2769a9b12d17,1,train,0,12719_C
12719,D,11,167,1343,230d96969888,1,train,0,12719_D
12719,E,12,214,1752,680582145be4,1,train,0,12719_E
12719,F,13,86,697,6ced2e3c9b30,1,train,0,12719_F
12719,G,14,171,1339,43e5549e41bd,1,train,0,12719_G
12719,H,15,140,1120,4a286c67c1fe,1,train,0,12719_H
12719,I,16,116,944,70e4b6eceedb,1,train,0,12719_I
12719,J,17,69,569,f996cfba8e05,1,train,0,12719_J
12719,K,18,115,924,0f38c8478c6a,1,train,0,12719_K
12719,L,19,45,359,7aa8e59e119c,1,train,0,12719_L
12719,M,20,308,2360,a3c7f0226d5b,1,train,1,12719_M
12719,O,21,181,1422,29bfe888a3b8,1,train,0,12719_O
12719,Q,22,221,1871,25db7ff77b92,1,train,0,12719_Q
12719,R,23,268,2230,2cbf2c403e88,1,train,0,12719_R
12719,U,24,107,885,d346ff637230,1,train,0,12719_U
12719,V,25,104,815,8981b9cf3910,1,train,0,12719_V
12719,W,26,312,2532,9025b04f82bd,1,train,0,12719_W
12719,X,27,213,1708,be2d810c04a1,1,train,0,12719_X
12720,0,0,752,6091,5483da6e74b7,1,train,0,12720_0
12720,1,1,522,4214,fd17fd8aa473,1,train,0,12720_1
12720,2,2,445,3597,1b0add42a5ea,1,train,0,12720_2
12720,3,3,131,1089,6198968d3e24,1,train,0,12720_3
12720,4,4,293,2274,dc7b3576496a,1,train,0,12720_4
12720,5,5,65,514,11ce6bd4c22b,1,train,0,12720_5
12720,6,6,356,2794,a4a86f5f2540,1,train,0,12720_6
12720,7,7,615,4954,09dcfa213831,1,train,0,12720_7
12720,A,8,1430,11254,d290df0278ee,1,train,0,12720_A
12720,B,9,1180,9404,85861ecbc5f9,1,train,0,12720_B
12720,C,10,266,2092,2769a9b12d17,1,train,0,12720_C
12720,D,11,167,1343,230d96969888,1,train,0,12720_D
12720,E,12,214,1752,680582145be4,1,train,0,12720_E
12720,F,13,86,697,6ced2e3c9b30,1,train,0,12720_F
12720,G,14,171,1339,43e5549e41bd,1,train,1,12720_G
12720,H,15,140,1120,4a286c67c1fe,1,train,0,12720_H
12720,I,16,116,944,70e4b6eceedb,1,train,0,12720_I
12720,J,17,69,569,f996cfba8e05,1,train,0,12720_J
12720,K,18,115,924,0f38c8478c6a,1,train,0,12720_K
12720,L,19,45,359,7aa8e59e119c,1,train,0,12720_L
12720,M,20,308,2360,a3c7f0226d5b,1,train,0,12720_M
12720,O,21,181,1422,29bfe888a3b8,1,train,0,12720_O
12720,Q,22,221,1871,25db7ff77b92,1,train,0,12720_Q
12720,R,23,268,2230,2cbf2c403e88,1,train,0,12720_R
12720,U,24,107,885,d346ff637230,1,train,0,12720_U
12720,V,25,104,815,8981b9cf3910,1,train,0,12720_V
12720,W,26,312,2532,9025b04f82bd,1,train,0,12720_W
12720,X,27,210,1683,d441e528f94f,1,train,1,12720_X
12722,0,0,752,6091,5483da6e74b7,1,train,0,12722_0
12722,1,1,521,4206,be43aaaf3045,1,train,1,12722_1
12722,2,2,445,3597,1b0add42a5ea,1,train,0,12722_2
12722,3,3,131,1089,6198968d3e24,1,train,0,12722_3
12722,4,4,293,2274,dc7b3576496a,1,train,0,12722_4
12722,5,5,65,514,11ce6bd4c22b,1,train,0,12722_5
12722,6,6,374,2946,ee3b94803806,1,train,0,12722_6
12722,7,7,607,4881,95c75889c4cc,1,train,0,12722_7
12722,A,8,227,1752,1a3c8fe17db4,1,train,0,12722_A
12722,B,9,81,644,c294d4fc91f3,1,train,1,12722_B
12722,D,10,162,1296,1e5c62c36a87,1,train,0,12722_D
12722,F,11,55,454,1e5779b8612b,1,train,0,12722_F
12722,G,12,171,1339,43e5549e41bd,1,train,0,12722_G
12722,W,13,311,2521,2243c69f897d,1,train,0,12722_W
12722,X,14,135,1094,1e83bc215730,1,train,0,12722_X
12736,B,0,225,1760,450d6f97569a,1,train,0,12736_B
12736,D,1,205,1643,a0946ea8f78f,1,train,0,12736_D
12736,E,2,158,1165,a452eb892f17,1,train,0,12736_E
12736,F,3,103,839,70372aaf5806,1,train,0,12736_F
12736,H,4,129,979,1885ae2d39ac,1,train,0,12736_H
12736,K,5,117,877,5baa40a11960,1,train,0,12736_K
12736,L,6,123,955,11db71fd943d,1,train,0,12736_L
12736,O,7,87,702,319208435226,1,train,0,12736_O
12736,P,8,82,649,070016caff40,1,train,0,12736_P
12736,Q,9,79,641,d02c26e609ab,1,train,1,12736_Q
12736,R,10,55,456,6901bcc78ba3,1,train,0,12736_R
12736,T,11,86,670,a0b793c8f19b,1,train,0,12736_T
12736,U,12,30,252,d581abf7fb3b,1,train,0,12736_U
12736,V,13,251,1955,ede90a5874d2,1,train,0,12736_V
12741,1,0,339,2706,7ca025fd9a08,1,train,0,12741_1
12741,2,1,468,3766,d97e6fe61dbd,1,train,0,12741_2
12741,3,2,116,920,c7f085427bae,1,train,0,12741_3
12741,4,3,481,3815,61fcc8425167,1,train,0,12741_4
12741,5,4,648,5151,f6f9bf2e211b,1,train,0,12741_5
12741,6,5,134,1068,2208671d3a2b,1,train,0,12741_6
12741,8,6,71,594,9650e51b8372,1,train,0,12741_8
12741,9,7,86,672,a1f99e2da100,1,train,0,12741_9
12741,A,8,693,5269,69c29d407c4c,1,train,0,12741_A
12741,B,9,457,3528,0e3380a5a548,1,train,0,12741_B
12741,C,10,409,3234,d55b9d8c066b,1,train,0,12741_C
12741,D,11,86,681,06acbc105f53,1,train,0,12741_D
12741,E,12,334,2673,eed079b889bd,1,train,0,12741_E
12741,F,13,120,981,bbc077c98356,1,train,0,12741_F
12741,G,14,239,1978,9e7d72ecf6b2,1,train,0,12741_G
12741,H,15,216,1688,4fba5e07c3df,1,train,0,12741_H
12741,I,16,190,1519,b89da977018d,1,train,0,12741_I
12741,J,17,172,1274,81746d35466d,1,train,0,12741_J
12741,K,18,177,1395,531eae2a4511,1,train,0,12741_K
12741,L,19,85,659,b515ceb7bcf1,1,train,0,12741_L
12741,M,20,117,912,87315852f324,1,train,0,12741_M
12741,O,21,71,543,42cdb7a836fa,1,train,0,12741_O
12741,P,22,123,1036,d158325e44c9,1,train,0,12741_P
12741,Q,23,85,648,df3271d258d0,1,train,0,12741_Q
12741,R,24,106,884,0e3260e5b814,1,train,0,12741_R
12741,S,25,182,1492,7da2c2be604e,1,train,0,12741_S
12741,U,26,171,1345,288a2139d7bd,1,train,0,12741_U
12741,W,27,121,974,4d24bd386a26,1,train,0,12741_W
12741,X,28,164,1275,ab571e684962,1,train,0,12741_X
12741,Y,29,125,1037,c2b103eb01ae,1,train,1,12741_Y
12741,Z,30,181,1389,28231018ea06,1,train,0,12741_Z
12741,a,31,124,1030,70bc3d1a5347,1,train,0,12741_a
12741,b,32,64,490,bf1e6370f607,1,train,1,12741_b
12741,c,33,44,353,458d75b9c16d,1,train,0,12741_c
12741,d,34,89,751,7306205fa1ed,1,train,0,12741_d
12741,e,35,52,436,51f2f5abbfa7,1,train,0,12741_e
12741,f,36,82,642,1bcb639f6795,1,train,0,12741_f
12741,g,37,76,622,64f556486091,1,train,0,12741_g
12741,h,38,136,1130,0f2c4eddf434,1,train,0,12741_h
12741,i,39,83,646,cac1da5c6488,1,train,0,12741_i
12741,j,40,90,724,b7d6b1669b69,1,train,0,12741_j
12741,n,41,114,913,9c1e72225240,1,train,0,12741_n
12743,0,0,752,6091,5483da6e74b7,1,train,0,12743_0
12743,1,1,522,4214,fd17fd8aa473,1,train,0,12743_1
12743,2,2,445,3597,1b0add42a5ea,1,train,0,12743_2
12743,3,3,131,1089,6198968d3e24,1,train,0,12743_3
12743,4,4,293,2274,dc7b3576496a,1,train,0,12743_4
12743,5,5,65,514,11ce6bd4c22b,1,train,0,12743_5
12743,6,6,356,2794,a4a86f5f2540,1,train,0,12743_6
12743,7,7,615,4954,09dcfa213831,1,train,0,12743_7
12743,A,8,1427,11230,29191c6f4176,1,train,0,12743_A
12743,B,9,1180,9404,85861ecbc5f9,1,train,0,12743_B
12743,C,10,266,2092,2769a9b12d17,1,train,0,12743_C
12743,D,11,165,1321,df05e154c037,1,train,0,12743_D
12743,E,12,214,1752,680582145be4,1,train,0,12743_E
12743,F,13,86,697,6ced2e3c9b30,1,train,0,12743_F
12743,G,14,171,1339,43e5549e41bd,1,train,0,12743_G
12743,H,15,140,1120,4a286c67c1fe,1,train,0,12743_H
12743,I,16,116,944,70e4b6eceedb,1,train,0,12743_I
12743,J,17,69,569,f996cfba8e05,1,train,0,12743_J
12743,K,18,115,924,0f38c8478c6a,1,train,0,12743_K
12743,L,19,45,359,7aa8e59e119c,1,train,0,12743_L
12743,M,20,309,2367,ebb09a30c606,1,train,0,12743_M
12743,O,21,181,1422,29bfe888a3b8,1,train,1,12743_O
12743,Q,22,222,1878,852e2be05556,1,train,0,12743_Q
12743,R,23,261,2173,186a8e5940b9,1,train,0,12743_R
12743,U,24,107,885,d346ff637230,1,train,0,12743_U
12743,V,25,104,815,8981b9cf3910,1,train,0,12743_V
12743,W,26,304,2470,58ddde938d39,1,train,0,12743_W
12743,X,27,206,1653,1faa53930455,1,train,0,12743_X
12745,0,0,752,6091,5483da6e74b7,1,train,0,12745_0
12745,1,1,522,4214,fd17fd8aa473,1,train,0,12745_1
12745,2,2,445,3597,1b0add42a5ea,1,train,0,12745_2
12745,3,3,131,1089,6198968d3e24,1,train,0,12745_3
12745,4,4,293,2274,dc7b3576496a,1,train,0,12745_4
12745,5,5,65,514,11ce6bd4c22b,1,train,0,12745_5
12745,6,6,374,2946,ee3b94803806,1,train,0,12745_6
12745,7,7,615,4954,09dcfa213831,1,train,0,12745_7
12745,A,8,1430,11254,d290df0278ee,1,train,0,12745_A
12745,B,9,1180,9404,85861ecbc5f9,1,train,0,12745_B
12745,C,10,266,2092,2769a9b12d17,1,train,0,12745_C
12745,D,11,167,1343,230d96969888,1,train,0,12745_D
12745,E,12,214,1752,680582145be4,1,train,0,12745_E
12745,F,13,86,697,6ced2e3c9b30,1,train,0,12745_F
12745,G,14,171,1339,43e5549e41bd,1,train,0,12745_G
12745,H,15,140,1120,4a286c67c1fe,1,train,0,12745_H
12745,I,16,116,944,70e4b6eceedb,1,train,0,12745_I
12745,J,17,69,569,f996cfba8e05,1,train,0,12745_J
12745,K,18,115,924,0f38c8478c6a,1,train,0,12745_K
12745,L,19,45,359,7aa8e59e119c,1,train,0,12745_L
12745,M,20,308,2360,a3c7f0226d5b,1,train,0,12745_M
12745,O,21,181,1422,29bfe888a3b8,1,train,0,12745_O
12745,Q,22,218,1849,7c157cb82847,1,train,0,12745_Q
12745,R,23,268,2230,2cbf2c403e88,1,train,0,12745_R
12745,U,24,107,885,d346ff637230,1,train,0,12745_U
12745,V,25,104,815,8981b9cf3910,1,train,0,12745_V
12745,W,26,312,2532,9025b04f82bd,1,train,1,12745_W
12745,X,27,207,1661,a4cdaab74e74,1,train,0,12745_X
12746,A,0,219,1767,5e897930bf1e,1,train,0,12746_A
12746,B,1,338,2601,edee59cbca1d,1,train,0,12746_B
12746,C,2,300,2440,3558944c6755,1,train,0,12746_C
12746,F,3,217,1679,da12b23823c3,1,train,0,12746_F
12746,G,4,58,478,89c3a4a5512d,1,train,0,12746_G
12746,H,5,221,1654,c4f22ee4afb2,1,train,0,12746_H
12746,I,6,66,528,c08dd9f0eed4,1,train,1,12746_I
12797,A,0,1510,12050,239266cb142d,1,val,0,12797_A
12797,B,1,1130,8962,36f07074f83f,1,val,0,12797_B
12797,C,2,309,2474,7d63b2af882e,1,val,1,12797_C
12797,E,3,210,1728,b0dab7a19b64,1,val,1,12797_E
12797,F,4,77,619,10b1841e53e0,1,val,0,12797_F
12797,G,5,153,1183,1dc41502cab4,1,val,0,12797_G
12797,H,6,149,1197,fd44f44fcba9,1,val,0,12797_H
12797,I,7,104,809,b5f84d02f33f,1,val,0,12797_I
12797,J,8,64,507,e09218bc750e,1,val,0,12797_J
12797,K,9,107,856,0119067884ff,1,val,0,12797_K
12797,L,10,46,388,7f9133b12265,1,val,0,12797_L
12797,M,11,105,837,281b8e363bb7,1,val,0,12797_M
12797,N,12,149,1083,d7414c104d93,1,val,0,12797_N
12806,A,0,407,2812,abeda209f645,2,test,0,12806_A
12806,B,1,400,2887,c09c5f73f311,2,test,0,12806_B
12806,C,0,407,2812,abeda209f645,2,test,0,12806_C
12806,D,1,400,2887,c09c5f73f311,2,test,0,12806_D
12806,E,2,158,1222,f30f9f3dfff8,2,test,1,12806_E
12806,G,2,158,1222,f30f9f3dfff8,2,test,0,12806_G
12806,I,3,184,1322,7858758d389d,2,test,0,12806_I
12806,J,3,184,1322,7858758d389d,2,test,0,12806_J
12856,B,0,218,1704,1d5c5863805f,1,train,0,12856_B
12856,C,1,206,1624,9d92ce33fb81,1,train,0,12856_C
12856,D,2,205,1643,a0946ea8f78f,1,train,0,12856_D
12856,E,3,150,1105,1339e1d93dcc,1,train,1,12856_E
12856,F,4,100,817,06d8af522569,1,train,0,12856_F
12856,G,5,83,642,5292020335fe,1,train,0,12856_G
12856,H,6,129,979,1885ae2d39ac,1,train,0,12856_H
12856,I,7,127,1022,76319acb2a25,1,train,0,12856_I
12856,J,8,98,786,ecf80bed5a2e,1,train,0,12856_J
12856,K,9,95,702,13c570b86cb9,1,train,0,12856_K
12856,L,10,123,955,11db71fd943d,1,train,0,12856_L
12856,M,11,114,883,46b922774b79,1,train,0,12856_M
12856,N,12,96,774,30eb8b6980be,1,train,0,12856_N
12856,O,13,88,716,41e9e8908c2d,1,train,1,12856_O
12856,P,14,82,649,070016caff40,1,train,0,12856_P
12856,Q,15,80,648,b08ac46412db,1,train,0,12856_Q
12856,R,16,50,407,29064c4739d2,1,train,0,12856_R
12856,S,17,79,637,34ab0452ec11,1,train,0,12856_S
12856,T,18,85,665,5646e5432417,1,train,0,12856_T
12865,0,0,108,880,af68fc80d78e,1,train,0,12865_0
12865,1,1,52,433,4e954eee987a,1,train,0,12865_1
12865,2,2,45,367,9630723c496d,1,train,0,12865_2
12865,3,3,95,831,5a0bb1c6ce94,1,train,0,12865_3
12865,4,4,37,333,707770540e1a,1,train,0,12865_4
12865,5,5,392,3199,fdb6577a435f,1,train,0,12865_5
12865,6,6,324,2723,4605320cfd18,1,train,1,12865_6
12865,7,7,287,2334,b988ed42fbd6,1,train,0,12865_7
12865,8,8,77,651,cd3c59e66f12,1,train,1,12865_8
12865,9,9,117,947,403d3e572513,1,train,0,12865_9
12865,C,10,327,2590,503402f2eae3,1,train,0,12865_C
12865,D,11,240,1872,4ed4157ba7b3,1,train,0,12865_D
12865,E,12,308,2427,c29a54a6e315,1,train,1,12865_E
12865,F,13,250,2013,6d451f572ba8,1,train,0,12865_F
12865,G,14,238,1943,cdd8a5cc1f60,1,train,0,12865_G
12865,H,15,95,784,fdf48220fc29,1,train,0,12865_H
12865,I,16,151,1228,1363709696da,1,train,0,12865_I
12865,J,17,140,1061,a33904dcc9af,1,train,0,12865_J
12865,K,18,177,1451,99539d644d5a,1,train,0,12865_K
12865,L,19,115,889,cd2d380a85ea,1,train,0,12865_L
12865,M,20,287,2305,3b0fef7f5d54,1,train,0,12865_M
12865,N,21,183,1494,29c3d1e59736,1,train,0,12865_N
12865,O,22,152,1245,3622ecf82666,1,train,0,12865_O
12865,P,23,141,1148,f665b8396739,1,train,0,12865_P
12865,Q,24,217,1805,368fd76c77a5,1,train,0,12865_Q
12865,R,25,116,971,d503101fc8fc,1,train,0,12865_R
12865,S,26,156,1251,e3b092835294,1,train,0,12865_S
12865,T,27,166,1368,79777607868e,1,train,0,12865_T
12865,U,28,139,1154,46523fc58f1c,1,train,0,12865_U
12865,V,29,47,395,fbdfcaa3391f,1,train,0,12865_V
12865,W,30,100,801,b8a0ab9ee6ce,1,train,0,12865_W
12865,X,31,243,2035,fec2760c05bb,1,train,0,12865_X
12865,Y,32,176,1517,0520df6508a6,1,train,0,12865_Y
12865,Z,33,115,937,74defa5f9757,1,train,0,12865_Z
12865,a,34,71,597,91e02124d3c1,1,train,0,12865_a
12865,b,35,148,1178,2d7bc787aec9,1,train,0,12865_b
12865,c,36,275,2217,6fc6fefe0778,1,train,0,12865_c
12865,d,37,199,1653,6355a98bc49a,1,train,0,12865_d
12865,e,38,197,1599,45c2274db7a4,1,train,0,12865_e
12865,f,39,108,857,5c3fd7e715f2,1,train,0,12865_f
12865,g,40,129,1067,22938bc708ce,1,train,1,12865_g
12865,h,41,105,862,12cd31eadfab,1,train,0,12865_h
12865,i,42,97,827,35dc84b40e0c,1,train,0,12865_i
12865,j,43,85,684,be48dec17139,1,train,1,12865_j
12865,k,44,80,627,832fe22cdc82,1,train,0,12865_k
12865,m,45,29,245,bce5fa2bcb20,1,train,0,12865_m
12865,o,46,80,676,4e1c485cc729,1,train,0,12865_o
12865,p,47,127,1058,4f12d60e5b0d,1,train,0,12865_p
12865,q,48,128,1076,1ad7c63fe6d6,1,train,0,12865_q
12865,r,49,146,1203,128accc0b89a,1,train,0,12865_r
12865,s,50,370,3036,3024f51e6dce,1,train,0,12865_s
12865,u,51,111,927,2f0bff501e46,1,train,0,12865_u
12865,v,52,69,588,af631a1b6f9b,1,train,1,12865_v
12865,w,53,79,638,8e09cdd8a65b,1,train,0,12865_w
12890,A,0,435,3516,fea3c69bf875,1,test,0,12890_A
12890,B,1,214,1649,c2e69a6c34fc,1,test,1,12890_B
12890,C,2,221,1665,8df6b5859fbd,1,test,0,12890_C
12898,A,0,97,802,d2345e1fb2e1,1,train,0,12898_A
12898,B,1,82,653,e0251bd5a2e2,1,train,0,12898_B
12898,C,2,109,843,4e1ca1a2ff21,1,train,1,12898_C
12898,D,3,97,767,3b74531d6495,1,train,0,12898_D
12898,E,4,98,811,526f2886239b,1,train,0,12898_E
12898,F,5,80,638,71a4d8865e76,1,train,0,12898_F
12898,G,6,106,818,fa3aaeda8be1,1,train,0,12898_G
12898,H,7,95,745,ac4b48337109,1,train,0,12898_H
12898,K,8,180,1416,74f74e0badc5,1,train,0,12898_K
12898,L,9,108,884,d2fd2bc066a8,1,train,0,12898_L
12898,M,10,107,836,7658ac917a30,1,train,0,12898_M
12899,A,0,97,802,d2345e1fb2e1,2,train,1,12899_A
12899,B,1,83,662,30d05b67c961,1,train,0,12899_B
12899,C,2,108,834,ab9b7ef807ca,2,train,0,12899_C
12899,D,3,96,756,b3de4ae78347,1,train,0,12899_D
12899,E,0,97,802,d2345e1fb2e1,2,train,0,12899_E
12899,F,4,79,627,3756e5eaa66a,1,train,0,12899_F
12899,G,2,108,834,ab9b7ef807ca,2,train,0,12899_G
12899,H,5,95,746,1b06fc53e850,1,train,0,12899_H
12899,K,6,180,1416,74f74e0badc5,1,train,0,12899_K
12916,D,0,205,1643,a0946ea8f78f,1,train,1,12916_D
12916,F,1,100,817,06d8af522569,1,train,0,12916_F
12916,H,2,129,979,1885ae2d39ac,1,train,0,12916_H
12916,K,3,95,702,13c570b86cb9,1,train,0,12916_K
12916,L,4,123,955,11db71fd943d,1,train,0,12916_L
12916,O,5,88,716,41e9e8908c2d,1,train,0,12916_O
12916,P,6,82,649,070016caff40,1,train,0,12916_P
12916,Q,7,80,648,b08ac46412db,1,train,0,12916_Q
12916,R,8,50,407,29064c4739d2,1,train,0,12916_R
12916,T,9,85,665,5646e5432417,1,train,1,12916_T
12920,0,0,108,880,af68fc80d78e,1,test,0,12920_0
12920,1,1,52,433,4e954eee987a,1,test,0,12920_1
12920,2,2,43,351,e6756ac8a012,1,test,0,12920_2
12920,3,3,95,831,5a0bb1c6ce94,1,test,0,12920_3
12920,5,4,387,3156,f7c634bc7cb0,1,test,0,12920_5
12920,6,5,324,2640,4605320cfd18,1,test,0,12920_6
12920,7,6,287,2334,b988ed42fbd6,1,test,0,12920_7
12920,8,7,99,836,48f62d313c34,1,test,0,12920_8
12920,9,8,117,947,403d3e572513,1,test,0,12920_9
12920,D,9,220,1706,dd167a148b21,1,test,0,12920_D
12920,E,10,285,2258,be23c3b79c7c,1,test,0,12920_E
12920,F,11,250,2013,6d451f572ba8,1,test,0,12920_F
12920,H,12,95,784,fdf48220fc29,1,test,0,12920_H
12920,I,13,158,1283,57c556734853,1,test,0,12920_I
12920,J,14,140,1061,a33904dcc9af,1,test,0,12920_J
12920,K,15,177,1451,99539d644d5a,1,test,0,12920_K
12920,L,16,115,889,cd2d380a85ea,1,test,0,12920_L
12920,M,17,287,2305,3b0fef7f5d54,1,test,0,12920_M
12920,N,18,205,1654,df19d0e40ca5,1,test,0,12920_N
12920,O,19,152,1245,3622ecf82666,1,test,1,12920_O
12920,P,20,141,1148,f665b8396739,1,test,0,12920_P
12920,Q,21,217,1805,368fd76c77a5,1,test,0,12920_Q
12920,R,22,140,1153,baacbe3b6b46,1,test,0,12920_R
12920,S,23,156,1251,e3b092835294,1,test,0,12920_S
12920,T,24,159,1305,9e4189b372c8,1,test,0,12920_T
12920,U,25,139,1154,46523fc58f1c,1,test,0,12920_U
12920,V,26,192,1575,cdce0078643e,1,test,1,12920_V
12920,W,27,109,859,155134501c12,1,test,0,12920_W
12920,X,28,243,2035,fec2760c05bb,1,test,0,12920_X
12920,Y,29,176,1517,0520df6508a6,1,test,0,12920_Y
12920,Z,30,120,978,be4fde475e32,1,test,0,12920_Z
12920,a,31,82,686,8832b870f226,1,test,0,12920_a
12920,b,32,148,1178,2d7bc787aec9,1,test,0,12920_b
12920,c,33,275,2217,6fc6fefe0778,1,test,0,12920_c
12920,d,34,211,1741,c56dc8a7b1a2,1,test,1,12920_d
12920,e,35,217,1762,95ba95a83ec5,1,test,0,12920_e
12920,f,36,116,915,7d3458107387,1,test,0,12920_f
12920,g,37,129,1067,22938bc708ce,1,test,0,12920_g
12920,h,38,100,827,d241987aa893,1,test,0,12920_h
12920,i,39,97,827,35dc84b40e0c,1,test,0,12920_i
12920,j,40,85,684,be48dec17139,1,test,0,12920_j
12920,k,41,80,627,832fe22cdc82,1,test,0,12920_k
12920,l,42,23,221,f0a1cb2de8ee,1,test,0,12920_l
12920,m,43,45,372,0f997439c5b1,1,test,0,12920_m
12920,o,44,79,665,1861b7977b46,1,test,0,12920_o
12920,p,45,127,1058,4f12d60e5b0d,1,test,0,12920_p
12920,q,46,124,1039,ba7beba448dc,1,test,0,12920_q
12920,r,47,146,1203,128accc0b89a,1,test,0,12920_r
12920,s,48,370,3036,3024f51e6dce,1,test,0,12920_s
12920,u,49,111,927,2f0bff501e46,1,test,0,12920_u
12920,v,50,69,588,af631a1b6f9b,1,test,0,12920_v
12920,w,51,79,638,8e09cdd8a65b,1,test,0,12920_w
12921,0,0,108,880,af68fc80d78e,1,train,0,12921_0
12921,1,1,52,433,4e954eee987a,1,train,0,12921_1
12921,2,2,43,351,e6756ac8a012,1,train,0,12921_2
12921,3,3,95,831,5a0bb1c6ce94,1,train,0,12921_3
12921,5,4,387,3156,f7c634bc7cb0,1,train,0,12921_5
12921,6,5,324,2640,4605320cfd18,1,train,0,12921_6
12921,7,6,287,2334,b988ed42fbd6,1,train,0,12921_7
12921,8,7,99,836,48f62d313c34,1,train,0,12921_8
12921,9,8,117,947,403d3e572513,1,train,0,12921_9
12921,D,9,236,1842,ded2b4624c6d,1,train,0,12921_D
12921,E,10,304,2396,bda502062f86,1,train,0,12921_E
12921,F,11,250,2013,6d451f572ba8,1,train,0,12921_F
12921,H,12,95,784,fdf48220fc29,1,train,0,12921_H
12921,I,13,158,1283,57c556734853,1,train,0,12921_I
12921,J,14,140,1061,a33904dcc9af,1,train,0,12921_J
12921,K,15,177,1451,99539d644d5a,1,train,0,12921_K
12921,L,16,115,889,cd2d380a85ea,1,train,0,12921_L
12921,M,17,287,2305,3b0fef7f5d54,1,train,0,12921_M
12921,N,18,205,1654,df19d0e40ca5,1,train,1,12921_N
12921,O,19,152,1245,3622ecf82666,1,train,0,12921_O
12921,P,20,141,1148,f665b8396739,1,train,0,12921_P
12921,Q,21,217,1805,368fd76c77a5,1,train,0,12921_Q
12921,R,22,140,1153,baacbe3b6b46,1,train,0,12921_R
12921,S,23,156,1251,e3b092835294,1,train,0,12921_S
12921,T,24,159,1305,9e4189b372c8,1,train,0,12921_T
12921,U,25,139,1154,46523fc58f1c,1,train,0,12921_U
12921,V,26,192,1575,cdce0078643e,1,train,0,12921_V
12921,W,27,109,859,155134501c12,1,train,0,12921_W
12921,X,28,243,2035,fec2760c05bb,1,train,0,12921_X
12921,Y,29,176,1517,0520df6508a6,1,train,0,12921_Y
12921,Z,30,120,978,be4fde475e32,1,train,0,12921_Z
12921,a,31,73,611,9f49436ffe7a,1,train,0,12921_a
12921,b,32,148,1178,2d7bc787aec9,1,train,0,12921_b
12921,c,33,275,2217,6fc6fefe0778,1,train,0,12921_c
12921,d,34,211,1741,c56dc8a7b1a2,1,train,0,12921_d
12921,e,35,217,1762,95ba95a83ec5,1,train,0,12921_e
12921,f,36,116,915,7d3458107387,1,train,0,12921_f
12921,g,37,129,1067,22938bc708ce,1,train,0,12921_g
12921,h,38,100,827,d241987aa893,1,train,0,12921_h
12921,i,39,97,827,35dc84b40e0c,1,train,0,12921_i
12921,j,40,85,684,be48dec17139,1,train,0,12921_j
12921,k,41,80,627,832fe22cdc82,1,train,0,12921_k
12921,l,42,23,221,f0a1cb2de8ee,1,train,0,12921_l
12921,m,43,45,372,0f997439c5b1,1,train,0,12921_m
12921,o,44,93,786,e37fcdbfd542,1,train,0,12921_o
12921,p,45,127,1058,4f12d60e5b0d,1,train,0,12921_p
12921,q,46,164,1379,bafc17236d9c,1,train,0,12921_q
12921,r,47,146,1203,128accc0b89a,1,train,0,12921_r
12921,s,48,370,3036,3024f51e6dce,1,train,0,12921_s
12921,u,49,111,927,2f0bff501e46,1,train,1,12921_u
12921,v,50,69,588,af631a1b6f9b,1,train,0,12921_v
12921,w,51,79,638,8e09cdd8a65b,1,train,0,12921_w
12922,0,0,108,880,af68fc80d78e,1,train,0,12922_0
12922,1,1,52,433,4e954eee987a,1,train,0,12922_1
12922,2,2,43,351,e6756ac8a012,1,train,0,12922_2
12922,3,3,95,831,5a0bb1c6ce94,1,train,0,12922_3
12922,5,4,387,3156,f7c634bc7cb0,1,train,0,12922_5
12922,6,5,324,2640,4605320cfd18,1,train,0,12922_6
12922,7,6,287,2334,b988ed42fbd6,1,train,0,12922_7
12922,8,7,99,836,48f62d313c34,1,train,0,12922_8
12922,9,8,117,947,403d3e572513,1,train,0,12922_9
12922,D,9,220,1706,dd167a148b21,1,train,0,12922_D
12922,E,10,285,2258,be23c3b79c7c,1,train,0,12922_E
12922,F,11,250,2013,6d451f572ba8,1,train,0,12922_F
12922,H,12,95,784,fdf48220fc29,1,train,0,12922_H
12922,I,13,158,1283,57c556734853,1,train,0,12922_I
12922,J,14,140,1061,a33904dcc9af,1,train,0,12922_J
12922,K,15,177,1451,99539d644d5a,1,train,0,12922_K
12922,L,16,115,889,cd2d380a85ea,1,train,0,12922_L
12922,M,17,287,2305,3b0fef7f5d54,1,train,0,12922_M
12922,N,18,205,1654,df19d0e40ca5,1,train,0,12922_N
12922,O,19,152,1245,3622ecf82666,1,train,0,12922_O
12922,P,20,141,1148,f665b8396739,1,train,0,12922_P
12922,Q,21,217,1805,368fd76c77a5,1,train,0,12922_Q
12922,R,22,140,1153,baacbe3b6b46,1,train,0,12922_R
12922,S,23,156,1251,e3b092835294,1,train,0,12922_S
12922,T,24,159,1305,9e4189b372c8,1,train,0,12922_T
12922,U,25,139,1154,46523fc58f1c,1,train,0,12922_U
12922,V,26,192,1575,cdce0078643e,1,train,0,12922_V
12922,W,27,109,859,155134501c12,1,train,0,12922_W
12922,X,28,243,2035,fec2760c05bb,1,train,0,12922_X
12922,Y,29,176,1517,0520df6508a6,1,train,0,12922_Y
12922,Z,30,120,978,be4fde475e32,1,train,0,12922_Z
12922,a,31,82,686,8832b870f226,1,train,0,12922_a
12922,b,32,148,1178,2d7bc787aec9,1,train,0,12922_b
12922,c,33,275,2217,6fc6fefe0778,1,train,0,12922_c
12922,d,34,211,1741,c56dc8a7b1a2,1,train,0,12922_d
12922,e,35,217,1762,95ba95a83ec5,1,train,0,12922_e
12922,f,36,116,915,7d3458107387,1,train,0,12922_f
12922,g,37,129,1067,22938bc708ce,1,train,0,12922_g
12922,h,38,100,827,d241987aa893,1,train,0,12922_h
12922,i,39,97,827,35dc84b40e0c,1,train,0,12922_i
12922,j,40,85,684,be48dec17139,1,train,0,12922_j
12922,k,41,80,627,832fe22cdc82,1,train,0,12922_k
12922,l,42,23,221,f0a1cb2de8ee,1,train,0,12922_l
12922,m,43,45,372,0f997439c5b1,1,train,0,12922_m
12922,o,44,79,665,1861b7977b46,1,train,0,12922_o
12922,p,45,127,1058,4f12d60e5b0d,1,train,0,12922_p
12922,q,46,128,1076,1ad7c63fe6d6,1,train,1,12922_q
12922,r,47,146,1203,128accc0b89a,1,train,0,12922_r
12922,s,48,370,3036,3024f51e6dce,1,train,0,12922_s
12922,u,49,111,927,2f0bff501e46,1,train,0,12922_u
12922,v,50,69,588,af631a1b6f9b,1,train,1,12922_v
12922,w,51,79,638,8e09cdd8a65b,1,train,0,12922_w
12923,0,0,108,880,af68fc80d78e,1,val,0,12923_0
12923,1,1,52,433,4e954eee987a,1,val,0,12923_1
12923,2,2,43,351,e6756ac8a012,1,val,0,12923_2
12923,3,3,95,831,5a0bb1c6ce94,1,val,0,12923_3
12923,5,4,387,3156,f7c634bc7cb0,1,val,0,12923_5
12923,6,5,324,2640,4605320cfd18,1,val,0,12923_6
12923,7,6,287,2334,b988ed42fbd6,1,val,0,12923_7
12923,8,7,99,836,48f62d313c34,1,val,0,12923_8
12923,9,8,117,947,403d3e572513,1,val,0,12923_9
12923,D,9,220,1706,dd167a148b21,1,val,1,12923_D
12923,E,10,285,2258,be23c3b79c7c,1,val,0,12923_E
12923,F,11,250,2013,6d451f572ba8,1,val,0,12923_F
12923,H,12,95,784,fdf48220fc29,1,val,0,12923_H
12923,I,13,158,1283,57c556734853,1,val,0,12923_I
12923,J,14,140,1061,a33904dcc9af,1,val,0,12923_J
12923,K,15,177,1451,99539d644d5a,1,val,1,12923_K
12923,L,16,115,889,cd2d380a85ea,1,val,0,12923_L
12923,M,17,287,2305,3b0fef7f5d54,1,val,0,12923_M
12923,N,18,205,1654,df19d0e40ca5,1,val,1,12923_N
12923,O,19,152,1245,3622ecf82666,1,val,0,12923_O
12923,P,20,141,1148,f665b8396739,1,val,0,12923_P
12923,Q,21,217,1805,368fd76c77a5,1,val,0,12923_Q
12923,R,22,140,1153,baacbe3b6b46,1,val,0,12923_R
12923,S,23,156,1251,e3b092835294,1,val,0,12923_S
12923,T,24,159,1305,9e4189b372c8,1,val,0,12923_T
12923,U,25,139,1154,46523fc58f1c,1,val,0,12923_U
12923,V,26,192,1575,cdce0078643e,1,val,0,12923_V
12923,W,27,109,859,155134501c12,1,val,0,12923_W
12923,X,28,243,2035,fec2760c05bb,1,val,0,12923_X
12923,Y,29,176,1517,0520df6508a6,1,val,1,12923_Y
12923,Z,30,120,978,be4fde475e32,1,val,0,12923_Z
12923,a,31,82,686,8832b870f226,1,val,0,12923_a
12923,b,32,148,1178,2d7bc787aec9,1,val,0,12923_b
12923,c,33,275,2217,6fc6fefe0778,1,val,0,12923_c
12923,d,34,211,1741,c56dc8a7b1a2,1,val,0,12923_d
12923,e,35,217,1762,95ba95a83ec5,1,val,0,12923_e
12923,f,36,116,915,7d3458107387,1,val,0,12923_f
12923,g,37,129,1067,22938bc708ce,1,val,0,12923_g
12923,h,38,100,827,d241987aa893,1,val,0,12923_h
12923,i,39,97,827,35dc84b40e0c,1,val,0,12923_i
12923,j,40,85,684,be48dec17139,1,val,0,12923_j
12923,k,41,80,627,832fe22cdc82,1,val,0,12923_k
12923,l,42,23,221,f0a1cb2de8ee,1,val,0,12923_l
12923,m,43,45,372,0f997439c5b1,1,val,0,12923_m
12923,o,44,79,665,1861b7977b46,1,val,0,12923_o
12923,p,45,127,1058,4f12d60e5b0d,1,val,0,12923_p
12923,q,46,164,1379,bafc17236d9c,1,val,0,12923_q
12923,r,47,146,1203,128accc0b89a,1,val,0,12923_r
12923,s,48,370,3036,3024f51e6dce,1,val,0,12923_s
12924,0,0,108,880,af68fc80d78e,1,val,0,12924_0
12924,1,1,52,433,4e954eee987a,1,val,0,12924_1
12924,2,2,43,351,e6756ac8a012,1,val,0,12924_2
12924,3,3,95,831,5a0bb1c6ce94,1,val,0,12924_3
12924,5,4,387,3156,f7c634bc7cb0,1,val,0,12924_5
12924,6,5,324,2640,4605320cfd18,1,val,0,12924_6
12924,7,6,287,2334,b988ed42fbd6,1,val,0,12924_7
12924,8,7,99,836,48f62d313c34,1,val,1,12924_8
12924,9,8,117,947,403d3e572513,1,val,0,12924_9
12924,D,9,220,1706,dd167a148b21,1,val,0,12924_D
12924,E,10,285,2258,be23c3b79c7c,1,val,0,12924_E
12924,F,11,250,2013,6d451f572ba8,1,val,0,12924_F
12924,H,12,95,784,fdf48220fc29,1,val,0,12924_H
12924,I,13,158,1283,57c556734853,1,val,0,12924_I
12924,J,14,140,1061,a33904dcc9af,1,val,0,12924_J
12924,K,15,177,1451,99539d644d5a,1,val,0,12924_K
12924,L,16,115,889,cd2d380a85ea,1,val,0,12924_L
12924,M,17,287,2305,3b0fef7f5d54,1,val,0,12924_M
12924,N,18,205,1654,df19d0e40ca5,1,val,0,12924_N
12924,O,19,152,1245,3622ecf82666,1,val,0,12924_O
12924,P,20,141,1148,f665b8396739,1,val,0,12924_P
12924,Q,21,217,1805,368fd76c77a5,1,val,0,12924_Q
12924,R,22,140,1153,baacbe3b6b46,1,val,0,12924_R
12924,S,23,156,1251,e3b092835294,1,val,0,12924_S
12924,T,24,159,1305,9e4189b372c8,1,val,0,12924_T
12924,U,25,139,1154,46523fc58f1c,1,val,0,12924_U
12924,V,26,192,1575,cdce0078643e,1,val,0,12924_V
12924,W,27,109,859,155134501c12,1,val,0,12924_W
12924,X,28,243,2035,fec2760c05bb,1,val,0,12924_X
12924,Y,29,176,1517,0520df6508a6,1,val,0,12924_Y
12924,Z,30,120,978,be4fde475e32,1,val,0,12924_Z
12924,a,31,82,686,8832b870f226,1,val,0,12924_a
12924,b,32,148,1178,2d7bc787aec9,1,val,0,12924_b
12924,c,33,275,2217,6fc6fefe0778,1,val,0,12924_c
12924,d,34,211,1741,c56dc8a7b1a2,1,val,0,12924_d
12924,e,35,217,1762,95ba95a83ec5,1,val,0,12924_e
12924,f,36,116,915,7d3458107387,1,val,0,12924_f
12924,g,37,129,1067,22938bc708ce,1,val,0,12924_g
12924,h,38,100,827,d241987aa893,1,val,0,12924_h
12924,i,39,97,827,35dc84b40e0c,1,val,0,12924_i
12924,j,40,85,684,be48dec17139,1,val,0,12924_j
12924,k,41,80,627,832fe22cdc82,1,val,0,12924_k
12924,l,42,23,221,f0a1cb2de8ee,1,val,0,12924_l
12924,m,43,45,372,0f997439c5b1,1,val,0,12924_m
12924,o,44,79,665,1861b7977b46,1,val,1,12924_o
12924,p,45,127,1058,4f12d60e5b0d,1,val,0,12924_p
12924,q,46,120,1011,fa5e85e0cc60,1,val,0,12924_q
12924,r,47,146,1203,128accc0b89a,1,val,0,12924_r
12924,s,48,370,3036,3024f51e6dce,1,val,0,12924_s
12927,0,0,108,880,af68fc80d78e,1,train,0,12927_0
12927,1,1,52,433,4e954eee987a,1,train,0,12927_1
12927,2,2,43,351,e6756ac8a012,1,train,0,12927_2
12927,3,3,95,831,5a0bb1c6ce94,1,train,0,12927_3
12927,4,4,36,322,a235f677e01d,1,train,0,12927_4
12927,5,5,387,3156,f7c634bc7cb0,1,train,0,12927_5
12927,6,6,324,2640,4605320cfd18,1,train,0,12927_6
12927,7,7,287,2334,b988ed42fbd6,1,train,0,12927_7
12927,8,8,99,836,48f62d313c34,1,train,0,12927_8
12927,9,9,117,947,403d3e572513,1,train,0,12927_9
12927,D,10,236,1842,ded2b4624c6d,1,train,0,12927_D
12927,E,11,304,2396,bda502062f86,1,train,0,12927_E
12927,F,12,250,2013,6d451f572ba8,1,train,0,12927_F
12927,H,13,95,784,fdf48220fc29,1,train,0,12927_H
12927,I,14,158,1283,57c556734853,1,train,0,12927_I
12927,J,15,140,1061,a33904dcc9af,1,train,0,12927_J
12927,K,16,177,1451,99539d644d5a,1,train,0,12927_K
12927,L,17,115,889,cd2d380a85ea,1,train,0,12927_L
12927,M,18,287,2305,3b0fef7f5d54,1,train,0,12927_M
12927,N,19,205,1654,df19d0e40ca5,1,train,0,12927_N
12927,O,20,152,1245,3622ecf82666,1,train,0,12927_O
12927,P,21,141,1148,f665b8396739,1,train,1,12927_P
12927,Q,22,217,1805,368fd76c77a5,1,train,0,12927_Q
12927,R,23,140,1153,baacbe3b6b46,1,train,0,12927_R
12927,S,24,156,1251,e3b092835294,1,train,0,12927_S
12927,T,25,159,1305,9e4189b372c8,1,train,0,12927_T
12927,U,26,139,1154,46523fc58f1c,1,train,0,12927_U
12927,V,27,192,1575,cdce0078643e,1,train,0,12927_V
12927,W,28,109,859,155134501c12,1,train,0,12927_W
12927,X,29,243,2035,fec2760c05bb,1,train,0,12927_X
12927,Y,30,176,1517,0520df6508a6,1,train,0,12927_Y
12927,Z,31,120,978,be4fde475e32,1,train,0,12927_Z
12927,a,32,73,611,9f49436ffe7a,1,train,0,12927_a
12927,b,33,148,1178,2d7bc787aec9,1,train,0,12927_b
12927,c,34,275,2217,6fc6fefe0778,1,train,0,12927_c
12927,d,35,211,1741,c56dc8a7b1a2,1,train,0,12927_d
12927,e,36,217,1762,95ba95a83ec5,1,train,1,12927_e
12927,f,37,116,915,7d3458107387,1,train,0,12927_f
12927,g,38,129,1067,22938bc708ce,1,train,0,12927_g
12927,h,39,100,827,d241987aa893,1,train,0,12927_h
12927,i,40,97,827,35dc84b40e0c,1,train,0,12927_i
12927,j,41,85,684,be48dec17139,1,train,0,12927_j
12927,k,42,80,627,832fe22cdc82,1,train,0,12927_k
12927,l,43,23,221,f0a1cb2de8ee,1,train,0,12927_l
12927,m,44,45,372,0f997439c5b1,1,train,0,12927_m
12927,o,45,93,786,e37fcdbfd542,1,train,0,12927_o
12927,p,46,127,1058,4f12d60e5b0d,1,train,0,12927_p
12927,q,47,164,1379,bafc17236d9c,1,train,0,12927_q
12927,r,48,146,1203,128accc0b89a,1,train,0,12927_r
12927,s,49,370,3036,3024f51e6dce,1,train,0,12927_s
12927,u,50,111,927,2f0bff501e46,1,train,0,12927_u
12927,v,51,69,588,af631a1b6f9b,1,train,0,12927_v
12927,w,52,79,638,8e09cdd8a65b,1,train,0,12927_w
12931,A,0,4426,35505,88aeb6f4dfc7,1,train,0,12931_A
12931,B,1,153,1240,dae6aaa0dafc,1,train,1,12931_B
12938,A,0,184,1431,0df6bb395202,24,train,1,12938_A
12938,B,0,184,1431,0df6bb395202,24,train,0,12938_B
12938,C,0,184,1431,0df6bb395202,24,train,0,12938_C
12938,D,0,184,1431,0df6bb395202,24,train,0,12938_D
12938,E,0,184,1431,0df6bb395202,24,train,0,12938_E
12938,F,0,184,1431,0df6bb395202,24,train,0,12938_F
12938,G,0,184,1431,0df6bb395202,24,train,0,12938_G
12938,H,0,184,1431,0df6bb395202,24,train,0,12938_H
12938,I,0,184,1431,0df6bb395202,24,train,0,12938_I
12938,J,0,184,1431,0df6bb395202,24,train,0,12938_J
12938,K,0,184,1431,0df6bb395202,24,train,0,12938_K
12938,L,0,184,1431,0df6bb395202,24,train,0,12938_L
12938,M,0,184,1431,0df6bb395202,24,train,0,12938_M
12938,N,0,184,1431,0df6bb395202,24,train,0,12938_N
12938,O,0,184,1431,0df6bb395202,24,train,0,12938_O
12938,P,0,184,1431,0df6bb395202,24,train,0,12938_P
12938,Q,0,184,1431,0df6bb395202,24,train,0,12938_Q
12938,R,0,184,1431,0df6bb395202,24,train,0,12938_R
12938,S,0,184,1431,0df6bb395202,24,train,0,12938_S
12938,T,0,184,1431,0df6bb395202,24,train,0,12938_T
12938,V,0,184,1431,0df6bb395202,24,train,0,12938_V
12938,W,0,184,1431,0df6bb395202,24,train,0,12938_W
12938,X,0,184,1431,0df6bb395202,24,train,0,12938_X
12938,Y,0,184,1431,0df6bb395202,24,train,0,12938_Y
12951,A,0,569,4425,a0306580696e,2,train,1,12951_A
12951,B,0,569,4425,a0306580696e,2,train,0,12951_B
12974,A,0,1407,11149,472e73683505,1,val,0,12974_A
12974,B,1,1131,9047,f8a79373aef0,1,val,0,12974_B
12974,C,2,258,2068,c320e0b203e3,1,val,1,12974_C
12974,D,3,118,967,2729bc11b090,1,val,0,12974_D
12974,E,4,209,1721,de37ac4481b5,1,val,0,12974_E
12974,F,5,78,626,67b677caa99b,1,val,0,12974_F
12974,G,6,171,1347,1da34b209f2e,1,val,0,12974_G
12974,H,7,148,1186,5ecc3d72561c,1,val,0,12974_H
12974,I,8,116,926,b8a4bbb3dfe6,1,val,0,12974_I
12974,J,9,66,524,9dc80bd5775a,1,val,0,12974_J
12974,K,10,115,920,21a801b62f2d,1,val,0,12974_K
12974,L,11,44,373,1c0e28897b27,1,val,0,12974_L
12974,Z,12,51,393,180e447da446,1,val,0,12974_Z
12994,A,0,1190,8494,c79e01e223e8,1,train,0,12994_A
12994,B,1,67,548,e928ee35dad4,1,train,0,12994_B
12994,C,2,816,6493,379b5db11441,1,train,0,12994_C
12994,D,3,81,613,a16f3bfe0913,1,train,1,12994_D
12994,F,4,21,140,328bbf940805,1,train,0,12994_F
12994,I,5,181,1323,eadfb8dd4daf,1,train,0,12994_I
12994,K,6,68,340,c712ef79a242,1,train,0,12994_K
12994,M,7,47,378,16f30060a396,1,train,0,12994_M
12994,N,8,97,804,216a03098234,1,train,0,12994_N
13004,A,0,1412,11179,1fb83a020c32,1,train,0,13004_A
13004,B,1,1131,9052,f8a79373aef0,1,train,0,13004_B
13004,C,2,260,2089,26a37c7e5c83,1,train,0,13004_C
13004,D,3,126,1030,928ba89aa6ab,1,train,0,13004_D
13004,E,4,209,1720,de37ac4481b5,1,train,1,13004_E
13004,F,5,82,657,78fbff3af748,1,train,0,13004_F
13004,G,6,171,1351,1da34b209f2e,1,train,0,13004_G
13004,H,7,148,1186,5ecc3d72561c,1,train,0,13004_H
13004,I,8,117,949,df538ac2908f,1,train,0,13004_I
13004,J,9,67,533,b83ce02a01f3,1,train,0,13004_J
13004,K,10,115,920,21a801b62f2d,1,train,0,13004_K
13004,L,11,46,388,7f9133b12265,1,train,0,13004_L
13004,a,12,365,2849,808180400169,1,train,0,13004_a
13004,b,13,534,4354,02b29b415633,1,train,0,13004_b
13004,c,14,141,564,8fc83c2d4bbf,1,train,0,13004_c
13004,d,15,1096,8491,5119ffd240c8,1,train,0,13004_d
13009,A,0,1412,11179,1fb83a020c32,1,train,0,13009_A
13009,B,1,1131,9052,f8a79373aef0,1,train,0,13009_B
13009,C,2,260,2089,26a37c7e5c83,1,train,0,13009_C
13009,D,3,126,1030,928ba89aa6ab,1,train,0,13009_D
13009,E,4,209,1720,de37ac4481b5,1,train,1,13009_E
13009,F,5,82,657,78fbff3af748,1,train,0,13009_F
13009,G,6,171,1351,1da34b209f2e,1,train,0,13009_G
13009,H,7,148,1186,5ecc3d72561c,1,train,0,13009_H
13009,I,8,117,949,df538ac2908f,1,train,0,13009_I
13009,J,9,67,533,b83ce02a01f3,1,train,0,13009_J
13009,K,10,115,920,21a801b62f2d,1,train,0,13009_K
13009,L,11,46,388,7f9133b12265,1,train,0,13009_L
13009,a,12,365,2849,808180400169,1,train,0,13009_a
13009,b,13,520,4259,7f48cb6c7114,1,train,0,13009_b
13009,d,14,781,6164,365d1519b3c7,1,train,0,13009_d
13015,A,0,1412,11179,1fb83a020c32,1,val,0,13015_A
13015,B,1,1131,9052,f8a79373aef0,1,val,0,13015_B
13015,C,2,260,2089,26a37c7e5c83,1,val,1,13015_C
13015,D,3,128,1013,f3973687061c,1,val,0,13015_D
13015,E,4,209,1720,de37ac4481b5,1,val,0,13015_E
13015,F,5,82,657,78fbff3af748,1,val,0,13015_F
13015,G,6,171,1334,1da34b209f2e,1,val,0,13015_G
13015,H,7,148,1186,5ecc3d72561c,1,val,1,13015_H
13015,I,8,117,949,df538ac2908f,1,val,0,13015_I
13015,J,9,67,533,b83ce02a01f3,1,val,0,13015_J
13015,K,10,115,920,21a801b62f2d,1,val,0,13015_K
13015,L,11,46,388,7f9133b12265,1,val,0,13015_L
13015,M,12,810,6648,187dc651957a,1,val,0,13015_M
13015,S,13,890,3560,df3e43dcf062,1,val,0,13015_S
13015,U,14,104,416,1b68f02275c5,1,val,0,13015_U
13015,V,15,217,868,47a53295b441,1,val,0,13015_V
13015,Y,16,300,1200,d0df0feaa3e2,1,val,0,13015_Y
13015,Z,17,43,172,64c852ce2463,1,val,0,13015_Z
13015,a,18,365,2849,808180400169,1,val,0,13015_a
13015,b,19,520,4261,af8ebe67c2b5,1,val,0,13015_b
13015,c,20,141,564,8fc83c2d4bbf,1,val,1,13015_c
13015,d,21,1096,7439,5119ffd240c8,1,val,0,13015_d
13015,e,22,711,2845,2e930feb5c3f,1,val,0,13015_e
13015,f,23,21,84,3d4ef1972bf6,1,val,0,13015_f
13016,A,0,1412,11179,1fb83a020c32,1,val,0,13016_A
13016,B,1,1131,9052,f8a79373aef0,1,val,0,13016_B
13016,C,2,260,2089,26a37c7e5c83,1,val,1,13016_C
13016,D,3,128,1013,f3973687061c,1,val,0,13016_D
13016,E,4,209,1720,de37ac4481b5,1,val,0,13016_E
13016,F,5,82,657,78fbff3af748,1,val,0,13016_F
13016,G,6,171,1334,1da34b209f2e,1,val,0,13016_G
13016,H,7,148,1186,5ecc3d72561c,1,val,0,13016_H
13016,I,8,117,949,df538ac2908f,1,val,0,13016_I
13016,J,9,67,533,b83ce02a01f3,1,val,0,13016_J
13016,K,10,115,920,21a801b62f2d,1,val,0,13016_K
13016,L,11,46,388,7f9133b12265,1,val,0,13016_L
13016,M,12,810,6648,187dc651957a,1,val,0,13016_M
13016,S,13,890,3560,df3e43dcf062,1,val,0,13016_S
13016,U,14,104,416,1b68f02275c5,1,val,0,13016_U
13016,V,15,217,868,47a53295b441,1,val,0,13016_V
13016,Y,16,300,1200,d0df0feaa3e2,1,val,0,13016_Y
13016,Z,17,43,172,64c852ce2463,1,val,0,13016_Z
13016,a,18,365,2849,808180400169,1,val,0,13016_a
13016,b,19,520,4261,af8ebe67c2b5,1,val,0,13016_b
13016,c,20,141,564,8fc83c2d4bbf,1,val,0,13016_c
13016,d,21,1096,7443,5119ffd240c8,1,val,0,13016_d
13016,e,22,711,2845,2e930feb5c3f,1,val,0,13016_e
13016,f,23,21,84,3d4ef1972bf6,1,val,0,13016_f
13017,0,0,532,3962,2d558d0315c9,1,val,0,13017_0
13017,1,1,83,659,a3231f2c6c6e,1,val,0,13017_1
13017,E,2,272,2083,f2f2a7b7a250,1,val,0,13017_E
13017,F,3,206,1569,2bcb2d95ed91,1,val,0,13017_F
13017,G,4,205,1561,3a5542f4e0b9,1,val,0,13017_G
13017,H,5,176,1387,30eec04bb9de,1,val,0,13017_H
13017,I,6,175,1342,60454cff4fef,1,val,0,13017_I
13017,K,7,132,974,8425467ee0b7,1,val,0,13017_K
13017,L,8,113,886,622b56ada755,1,val,0,13017_L
13017,N,9,142,1124,a36592e1b6b6,1,val,1,13017_N
13017,O,10,122,921,1ac431f7fc25,1,val,0,13017_O
13017,P,11,146,1082,589600411892,1,val,0,13017_P
13017,Q,12,135,1076,127ef82e1a2a,1,val,0,13017_Q
13017,R,13,119,954,129e6932f02b,1,val,0,13017_R
13017,S,14,120,913,38140c6b5d71,1,val,0,13017_S
13017,T,15,115,945,f377afbb8b93,1,val,0,13017_T
13017,U,16,117,940,0e4e48792241,1,val,0,13017_U
13017,V,17,100,781,d0ee20b92c61,1,val,0,13017_V
13017,W,18,109,842,dce378a57519,1,val,0,13017_W
13017,X,19,90,725,403a3c2ba127,1,val,0,13017_X
13017,Y,20,101,762,b225c81f5878,1,val,0,13017_Y
13017,a,21,81,624,9dbd147d6361,1,val,0,13017_a
13017,b,22,58,444,af2cab34a8fb,1,val,0,13017_b
13017,c,23,65,530,0357e2e3d9a5,1,val,0,13017_c
13017,d,24,58,456,9c39b8a50df4,1,val,0,13017_d
13017,f,25,53,418,2f88997d6556,1,val,0,13017_f
13017,g,26,48,401,962d0d8a6849,1,val,0,13017_g
13017,h,27,44,368,f83017b248b3,1,val,0,13017_h
13017,i,28,64,512,8e1bfcff7ab1,1,val,0,13017_i
13017,j,29,37,297,c74c82bf8754,1,val,0,13017_j
13022,A,0,297,2331,0bc34993e207,1,test,1,13022_A
13022,B,1,238,1853,7c6352da51b4,1,test,0,13022_B
13022,C,2,243,1866,406f7caaee8d,1,test,0,13022_C
13022,D,3,32,252,50f934704556,1,test,0,13022_D
13034,A,0,875,6984,64b0dd323c8e,1,train,0,13034_A
13034,B,1,1105,8718,6f9a27cf5338,1,train,0,13034_B
13034,C,2,383,3024,3c0ee32492c3,1,train,0,13034_C
13034,D,3,258,2039,265a814ad273,1,train,0,13034_D
13034,E,4,182,1421,6e3a205b135d,1,train,0,13034_E
13034,F,5,109,856,cbe9a0e34b3c,1,train,0,13034_F
13034,G,6,122,987,b6ad126ad101,1,train,0,13034_G
13034,H,7,77,608,896f28bae418,1,train,0,13034_H
13034,K,8,86,690,f835aeb60c80,1,train,0,13034_K
13034,L,9,90,707,68bf4e07fa35,1,train,1,13034_L
13034,N,10,66,534,371d97d7e3d8,1,train,0,13034_N
13034,P,11,47,376,e68e5a841900,1,train,0,13034_P
13034,Q,12,43,351,5360aa78e6df,1,train,0,13034_Q
13034,Y,13,92,721,a820b1cbd676,1,train,0,13034_Y
13077,A,0,258,2057,c91948c46e7f,2,test,1,13077_A
13077,B,1,278,2212,9868ff74f67b,2,test,0,13077_B
13077,C,2,296,2423,8468bcd521a3,2,test,0,13077_C
13077,D,0,258,2057,c91948c46e7f,2,test,0,13077_D
13077,E,1,278,2212,9868ff74f67b,2,test,0,13077_E
13077,F,2,296,2423,8468bcd521a3,2,test,0,13077_F
13078,1,0,202,1537,2704938ec7ec,4,train,0,13078_1
13078,2,1,205,1593,3f382e791259,2,train,0,13078_2
13078,3,0,202,1537,2704938ec7ec,4,train,0,13078_3
13078,4,2,204,1597,990fc45c41e6,2,train,0,13078_4
13078,5,0,202,1537,2704938ec7ec,4,train,0,13078_5
13078,6,1,205,1593,3f382e791259,2,train,0,13078_6
13078,7,0,202,1537,2704938ec7ec,4,train,0,13078_7
13078,8,2,204,1597,990fc45c41e6,2,train,0,13078_8
13078,A,3,326,2548,2c0ff9c7adfa,2,train,0,13078_A
13078,B,4,487,3810,d66d9a3ea253,2,train,0,13078_B
13078,C,5,433,3373,cbef284b2504,2,train,0,13078_C
13078,D,6,342,2722,048e410e231d,2,train,0,13078_D
13078,E,7,66,543,d436d2f54553,2,train,0,13078_E
13078,F,8,29,224,06c645272281,2,train,0,13078_F
13078,G,9,206,1562,58a21b362a39,2,train,0,13078_G
13078,H,10,60,446,ed4e25591c18,2,train,0,13078_H
13078,I,11,35,286,12ef899fa390,2,train,0,13078_I
13078,K,12,37,301,8cee39cfce08,2,train,0,13078_K
13078,L,13,36,302,a1b2a9dbeffc,2,train,0,13078_L
13078,M,14,32,250,748248bc9b9c,2,train,0,13078_M
13078,N,15,202,1536,6f5c9fc813ea,2,train,0,13078_N
13078,O,16,197,1516,3797139df6e9,2,train,0,13078_O
13078,R,17,235,1827,c340a85f38a0,2,train,0,13078_R
13078,S,18,216,1670,e67a68ad93b0,2,train,0,13078_S
13078,T,19,29,239,b10a2fda4953,2,train,0,13078_T
13078,U,20,25,194,a5a865c6f917,2,train,0,13078_U
13078,W,21,54,427,d36c93143a1e,2,train,0,13078_W
13078,X,22,36,248,1a62626e8d49,2,train,0,13078_X
13078,Y,23,213,1621,9435172bec33,2,train,0,13078_Y
13078,Z,24,62,464,6aa14eb07add,2,train,0,13078_Z
13078,a,3,326,2548,2c0ff9c7adfa,2,train,0,13078_a
13078,b,4,487,3810,d66d9a3ea253,2,train,0,13078_b
13078,c,5,433,3373,cbef284b2504,2,train,0,13078_c
13078,d,6,342,2722,048e410e231d,2,train,1,13078_d
13078,e,7,66,543,d436d2f54553,2,train,0,13078_e
13078,f,8,29,224,06c645272281,2,train,0,13078_f
13078,g,9,206,1562,58a21b362a39,2,train,0,13078_g
13078,h,10,60,446,ed4e25591c18,2,train,0,13078_h
13078,i,11,35,286,12ef899fa390,2,train,0,13078_i
13078,k,12,37,301,8cee39cfce08,2,train,0,13078_k
13078,l,13,36,302,a1b2a9dbeffc,2,train,0,13078_l
13078,m,14,32,250,748248bc9b9c,2,train,0,13078_m
13078,n,15,202,1536,6f5c9fc813ea,2,train,0,13078_n
13078,o,16,197,1516,3797139df6e9,2,train,0,13078_o
13078,r,17,235,1827,c340a85f38a0,2,train,0,13078_r
13078,s,18,216,1670,e67a68ad93b0,2,train,0,13078_s
13078,t,19,29,239,b10a2fda4953,2,train,0,13078_t
13078,u,20,25,194,a5a865c6f917,2,train,0,13078_u
13078,w,21,54,427,d36c93143a1e,2,train,0,13078_w
13078,x,22,36,248,1a62626e8d49,2,train,0,13078_x
13078,y,23,213,1621,9435172bec33,2,train,0,13078_y
13078,z,24,62,464,6aa14eb07add,2,train,0,13078_z
13125,A,0,221,1788,5fcaff7a62a1,1,train,0,13125_A
13125,B,1,218,1697,cc5e9b825c86,1,train,0,13125_B
13125,C,2,222,1707,662a839f622d,1,train,1,13125_C
13140,A,0,228,1879,45048194724d,1,train,0,13140_A
13140,B,1,333,2559,c95b9fda66fa,1,train,0,13140_B
13140,G,2,52,405,b2cd02cfe5c8,1,train,0,13140_G
13140,H,3,232,1785,51b1df70e932,1,train,1,13140_H
13140,R,4,288,2359,1d97e9161dfa,1,train,0,13140_R
13174,A,0,509,3846,96f95ba5f646,1,train,0,13174_A
13174,B,1,514,3892,ccc61d02fdd2,1,train,0,13174_B
13174,C,2,509,3850,bc28378c6881,1,train,0,13174_C
13174,D,3,463,3525,8b829e8ce488,2,train,0,13174_D
13174,E,3,463,3525,8b829e8ce488,2,train,0,13174_E
13174,F,4,464,3533,53a0667f21cd,1,train,0,13174_F
13174,G,5,79,577,4258d8b72113,4,train,0,13174_G
13174,H,5,79,577,4258d8b72113,4,train,0,13174_H
13174,J,6,80,585,1dd1cd8252b8,6,train,0,13174_J
13174,K,6,80,585,1dd1cd8252b8,6,train,0,13174_K
13174,L,6,80,585,1dd1cd8252b8,6,train,0,13174_L
13174,O,6,80,585,1dd1cd8252b8,6,train,0,13174_O
13174,P,5,79,577,4258d8b72113,4,train,0,13174_P
13174,Q,5,79,577,4258d8b72113,4,train,0,13174_Q
13174,R,6,80,585,1dd1cd8252b8,6,train,0,13174_R
13174,S,6,80,585,1dd1cd8252b8,6,train,0,13174_S
13174,a,7,277,2104,dd03f28b6bb5,1,train,0,13174_a
13174,b,8,154,1162,cf3587e52a11,1,train,0,13174_b
13174,d,9,174,1347,5edd6995a030,1,train,1,13174_d
13174,e,10,138,1010,c3b2bd60da80,1,train,0,13174_e
13174,g,11,288,2243,2bbeeb9ee23b,1,train,0,13174_g
13174,p,12,155,1185,bc9c79a530d0,1,train,0,13174_p
13199,A,0,554,4365,c4548e6feed0,4,train,0,13199_A
13199,B,1,555,4271,b9bbe1cd6685,4,train,0,13199_B
13199,C,2,156,1218,9a7d7fdb3ce9,4,train,1,13199_C
13199,D,0,554,4365,c4548e6feed0,4,train,0,13199_D
13199,E,1,555,4271,b9bbe1cd6685,4,train,0,13199_E
13199,F,2,156,1218,9a7d7fdb3ce9,4,train,0,13199_F
13199,a,0,554,4365,c4548e6feed0,4,train,0,13199_a
13199,b,1,555,4271,b9bbe1cd6685,4,train,0,13199_b
13199,c,2,156,1218,9a7d7fdb3ce9,4,train,0,13199_c
13199,d,0,554,4365,c4548e6feed0,4,train,0,13199_d
13199,e,1,555,4271,b9bbe1cd6685,4,train,0,13199_e
13199,f,2,156,1218,9a7d7fdb3ce9,4,train,0,13199_f
13214,A,0,106,840,5a1d07865b30,1,train,1,13214_A
13214,B,1,191,1518,0f6cb409d041,1,train,0,13214_B
13214,C,2,571,4606,6f368036b38d,1,train,0,13214_C
13214,E,3,156,1220,9704489f2711,1,train,0,13214_E
13214,F,4,442,3432,35e861314baa,1,train,0,13214_F
13214,G,5,905,7022,1880eaa10be8,1,train,0,13214_G
13214,H,6,312,2449,58de01aa485e,1,train,0,13214_H
13214,I,7,147,1157,0a017f2b6aa2,1,train,0,13214_I
13214,J,8,175,1326,a9310f3e4b68,1,train,0,13214_J
13214,K,9,100,760,973b275ba2f7,1,train,0,13214_K
13214,L,10,593,4525,3425a3aa1b34,1,train,0,13214_L
13214,M,11,504,3953,6e1e81f253d5,1,train,0,13214_M
13214,N,12,479,3630,4e5d42b33811,1,train,0,13214_N
13215,A,0,100,797,747123f455b9,1,val,0,13215_A
13215,B,1,192,1529,e869ca94c984,1,val,0,13215_B
13215,C,2,574,4644,4864d2857c5c,1,val,0,13215_C
13215,E,3,156,1220,9704489f2711,1,val,0,13215_E
13215,F,4,442,3432,35e861314baa,1,val,0,13215_F
13215,G,5,905,7022,1880eaa10be8,1,val,0,13215_G
13215,H,6,308,2422,f71ed738eead,1,val,0,13215_H
13215,I,7,144,1140,badb8f647319,1,val,0,13215_I
13215,J,8,175,1312,a9310f3e4b68,1,val,0,13215_J
13215,K,9,100,760,973b275ba2f7,1,val,0,13215_K
13215,L,10,595,4530,cbe47edbce13,1,val,0,13215_L
13215,M,11,504,3953,6e1e81f253d5,1,val,1,13215_M
13215,N,12,480,3638,1ed13ca53214,1,val,1,13215_N
13217,A,0,102,808,23efed3318ab,1,train,0,13217_A
13217,B,1,198,1568,14ae91152aa7,1,train,0,13217_B
13217,C,2,588,4741,69549f432108,1,train,0,13217_C
13217,E,3,156,1220,9704489f2711,1,train,1,13217_E
13217,F,4,439,3407,a80b680ef13d,1,train,0,13217_F
13217,G,5,905,7022,1880eaa10be8,1,train,0,13217_G
13217,H,6,314,2474,d22d4930986c,1,train,0,13217_H
13217,I,7,180,1436,a658fc686fea,1,train,0,13217_I
13217,J,8,162,1226,c18d2f471a2a,1,train,0,13217_J
13217,K,9,100,760,973b275ba2f7,1,train,0,13217_K
13217,L,10,606,4637,dcf6b5265ff4,1,train,0,13217_L
13217,M,11,504,3953,6e1e81f253d5,1,train,0,13217_M
13217,N,12,478,3620,c8e02e6edea4,1,train,0,13217_N
13235,A,0,101,800,2dab1f46e314,1,train,0,13235_A
13235,B,1,198,1568,14ae91152aa7,1,train,0,13235_B
13235,C,2,588,4735,69549f432108,1,train,0,13235_C
13235,E,3,156,1220,9704489f2711,1,train,1,13235_E
13235,F,4,439,3407,a80b680ef13d,1,train,0,13235_F
13235,G,5,905,7013,1880eaa10be8,1,train,0,13235_G
13235,H,6,311,2438,682a869f65c5,1,train,0,13235_H
13235,I,7,180,1436,a658fc686fea,1,train,0,13235_I
13235,J,8,162,1218,c18d2f471a2a,1,train,0,13235_J
13235,K,9,100,760,973b275ba2f7,1,train,0,13235_K
13235,L,10,597,4559,267316730951,1,train,0,13235_L
13235,M,11,504,3953,6e1e81f253d5,1,train,0,13235_M
13235,N,12,476,3602,b6a349d475fb,1,train,0,13235_N
13236,A,0,101,790,36ca90e17f14,1,test,0,13236_A
13236,B,1,166,1320,c9b6b1ccae20,1,test,1,13236_B
13236,C,2,565,4571,812dd82e652d,1,test,1,13236_C
13236,E,3,156,1220,9704489f2711,1,test,0,13236_E
13236,F,4,442,3432,35e861314baa,1,test,0,13236_F
13236,G,5,905,7022,1880eaa10be8,1,test,0,13236_G
13236,H,6,298,2330,fd34851a36ab,1,test,0,13236_H
13236,I,7,145,1149,4499dd7da964,1,test,0,13236_I
13236,J,8,158,1203,651abd49bdb6,1,test,0,13236_J
13236,K,9,100,760,973b275ba2f7,1,test,0,13236_K
13236,L,10,592,4508,4bb1618f9b1d,1,test,1,13236_L
13236,M,11,504,3953,6e1e81f253d5,1,test,0,13236_M
13236,N,12,480,3638,1ed13ca53214,1,test,0,13236_N
13237,A,0,102,808,23efed3318ab,1,train,0,13237_A
13237,B,1,197,1553,885603b06cd8,1,train,0,13237_B
13237,C,2,584,4712,55638360e931,1,train,1,13237_C
13237,E,3,156,1220,9704489f2711,1,train,0,13237_E
13237,F,4,439,3407,a80b680ef13d,1,train,0,13237_F
13237,G,5,905,7022,1880eaa10be8,1,train,0,13237_G
13237,H,6,314,2470,d22d4930986c,1,train,0,13237_H
13237,I,7,180,1436,a658fc686fea,1,train,0,13237_I
13237,J,8,160,1199,528ff1fab460,1,train,0,13237_J
13237,K,9,100,760,973b275ba2f7,1,train,0,13237_K
13237,L,10,598,4563,69803ca45623,1,train,0,13237_L
13237,M,11,504,3953,6e1e81f253d5,1,train,0,13237_M
13237,N,12,480,3638,1ed13ca53214,1,train,0,13237_N
13238,A,0,102,808,23efed3318ab,1,train,0,13238_A
13238,B,1,168,1330,d45c2848768f,1,train,0,13238_B
13238,C,2,568,4575,5cc9e22932dc,1,train,0,13238_C
13238,E,3,156,1220,9704489f2711,1,train,0,13238_E
13238,F,4,439,3407,a80b680ef13d,1,train,0,13238_F
13238,G,5,905,7022,1880eaa10be8,1,train,0,13238_G
13238,H,6,300,2334,70b92d26e329,1,train,0,13238_H
13238,I,7,149,1185,56a9664be92b,1,train,0,13238_I
13238,J,8,162,1210,c18d2f471a2a,1,train,0,13238_J
13238,K,9,100,760,973b275ba2f7,1,train,0,13238_K
13238,L,10,599,4548,5725db8bb49c,1,train,1,13238_L
13238,M,11,504,3953,6e1e81f253d5,1,train,0,13238_M
13238,N,12,478,3620,c8e02e6edea4,1,train,0,13238_N
13389,A,0,239,1729,fd5ab35413d9,1,train,0,13389_A
13389,B,1,229,1662,a05e54cdeb44,2,train,0,13389_B
13389,C,2,247,1786,a30568c27b9f,2,train,0,13389_C
13389,D,3,232,1633,d73301bab8af,2,train,0,13389_D
13389,E,4,233,1659,902561dddfc9,2,train,0,13389_E
13389,F,5,233,1704,a87fb4e0db59,2,train,1,13389_F
13389,G,6,239,1760,23964b372aae,2,train,0,13389_G
13389,H,7,202,1465,1093c8485f66,2,train,0,13389_H
13389,I,8,220,1576,dd73d5a3e05e,2,train,0,13389_I
13389,J,9,204,1534,c30a07475990,2,train,0,13389_J
13389,K,10,196,1506,9fd763a8f069,2,train,0,13389_K
13389,L,11,200,1500,ad451074a54f,2,train,0,13389_L
13389,M,12,212,1583,738d028abd37,2,train,0,13389_M
13389,N,13,212,1568,754afc57646b,2,train,1,13389_N
13389,O,14,238,1725,507a61e0baa0,1,train,0,13389_O
13389,P,1,229,1662,a05e54cdeb44,2,train,0,13389_P
13389,Q,2,247,1786,a30568c27b9f,2,train,0,13389_Q
13389,R,3,232,1633,d73301bab8af,2,train,0,13389_R
13389,S,4,233,1659,902561dddfc9,2,train,0,13389_S
13389,T,5,233,1704,a87fb4e0db59,2,train,0,13389_T
13389,U,6,239,1760,23964b372aae,2,train,0,13389_U
13389,V,7,202,1465,1093c8485f66,2,train,0,13389_V
13389,W,8,220,1576,dd73d5a3e05e,2,train,0,13389_W
13389,X,9,204,1534,c30a07475990,2,train,0,13389_X
13389,Y,10,196,1506,9fd763a8f069,2,train,0,13389_Y
13389,Z,11,200,1500,ad451074a54f,2,train,0,13389_Z
13389,a,12,212,1583,738d028abd37,2,train,0,13389_a
13389,b,13,212,1568,754afc57646b,2,train,0,13389_b
13424,A,0,456,3473,d6d1000e3ef6,1,train,1,13424_A
13424,H,1,228,1722,8538d7ad747c,1,train,0,13424_H
13424,K,2,120,922,1d53e5aabcdc,1,train,0,13424_K
13424,L,3,208,1582,677bf24993b3,1,train,0,13424_L
13424,N,4,122,919,b6be2c7d2492,1,train,0,13424_N
13427,A,0,243,1898,d2f3e5bb0b93,1,val,0,13427_A
13427,B,1,285,2252,247a7caf8150,1,val,0,13427_B
13427,C,2,114,872,1e1428604026,1,val,0,13427_C
13427,D,3,108,826,11533b992e46,1,val,0,13427_D
13427,E,4,123,950,694c5a579f4f,1,val,0,13427_E
13427,H,5,275,2246,bfc5a393c7e3,1,val,0,13427_H
13427,L,6,99,829,3c7486ad1c1e,1,val,1,13427_L
13427,Z,7,34,275,c84977d44684,1,val,0,13427_Z
13427,e,8,124,979,45a3068f5f5f,1,val,0,13427_e
13427,z,9,29,231,39caadb05db1,1,val,0,13427_z
13429,A,0,336,2635,c6ab05dc1b75,2,train,0,13429_A
13429,B,1,483,3777,2688cc6fd0b2,2,train,0,13429_B
13429,C,2,449,3483,e21cf8c4b092,2,train,0,13429_C
13429,D,3,348,2766,a54c7bf4e238,2,train,0,13429_D
13429,E,4,76,621,43748e1bcabf,2,train,0,13429_E
13429,F,5,31,252,3b0d3c070a66,2,train,0,13429_F
13429,G,6,221,1680,357d9a14ee11,2,train,0,13429_G
13429,H,7,67,503,ae312328532d,2,train,1,13429_H
13429,I,8,35,279,fb1449897573,2,train,0,13429_I
13429,J,9,36,266,0278f2869e6e,2,train,0,13429_J
13429,K,10,37,297,f927b4be9348,2,train,0,13429_K
13429,L,11,38,313,51bc5751b742,2,train,0,13429_L
13429,M,12,31,234,614ab47c44d8,2,train,0,13429_M
13429,N,13,222,1703,34646d577fe4,2,train,0,13429_N
13429,O,14,238,1820,34ebddac2770,2,train,0,13429_O
13429,P,15,187,1444,3abb6f3ecc80,2,train,0,13429_P
13429,R,16,195,1480,55270fc17726,2,train,0,13429_R
13429,S,17,243,1856,a19d1d242851,2,train,0,13429_S
13429,T,18,30,247,bf69867fdf30,2,train,0,13429_T
13429,U,19,27,224,cf5a12b5a7da,2,train,0,13429_U
13429,V,20,32,227,b0eec5fde698,2,train,0,13429_V
13429,W,21,44,332,da4ffe517513,2,train,0,13429_W
13429,X,22,30,201,315cda4b7b4d,2,train,0,13429_X
13429,Y,23,222,1667,e51ad1dd0144,2,train,0,13429_Y
13429,Z,24,61,457,1e9cb60f370e,2,train,0,13429_Z
13429,a,0,336,2635,c6ab05dc1b75,2,train,0,13429_a
13429,b,1,483,3777,2688cc6fd0b2,2,train,0,13429_b
13429,c,2,449,3483,e21cf8c4b092,2,train,0,13429_c
13429,d,3,348,2766,a54c7bf4e238,2,train,0,13429_d
13429,e,4,76,621,43748e1bcabf,2,train,0,13429_e
13429,f,5,31,252,3b0d3c070a66,2,train,0,13429_f
13429,g,6,221,1680,357d9a14ee11,2,train,0,13429_g
13429,h,7,67,503,ae312328532d,2,train,0,13429_h
13429,i,8,35,279,fb1449897573,2,train,0,13429_i
13429,j,9,36,266,0278f2869e6e,2,train,0,13429_j
13429,k,10,37,297,f927b4be9348,2,train,0,13429_k
13429,l,11,38,313,51bc5751b742,2,train,0,13429_l
13429,m,12,31,234,614ab47c44d8,2,train,0,13429_m
13429,n,13,222,1703,34646d577fe4,2,train,0,13429_n
13429,o,14,238,1820,34ebddac2770,2,train,0,13429_o
13429,p,15,187,1444,3abb6f3ecc80,2,train,0,13429_p
13429,r,16,195,1480,55270fc17726,2,train,0,13429_r
13429,s,17,243,1856,a19d1d242851,2,train,0,13429_s
13429,t,18,30,247,bf69867fdf30,2,train,0,13429_t
13429,u,19,27,224,cf5a12b5a7da,2,train,0,13429_u
13429,v,20,32,227,b0eec5fde698,2,train,0,13429_v
13429,w,21,44,332,da4ffe517513,2,train,0,13429_w
13429,x,22,30,201,315cda4b7b4d,2,train,0,13429_x
13429,y,23,222,1667,e51ad1dd0144,2,train,0,13429_y
13429,z,24,61,457,1e9cb60f370e,2,train,0,13429_z
13453,A,0,189,1573,cd02477d5980,1,train,0,13453_A
13453,B,1,337,2561,8df83f5d932c,1,train,0,13453_B
13453,G,2,55,415,1189d01e1674,1,train,0,13453_G
13453,N,3,128,972,a02c374db11e,1,train,0,13453_N
13453,R,4,259,1988,01ec088f5245,1,train,1,13453_R
13454,A,0,183,1536,073268924dd3,1,train,0,13454_A
13454,B,1,338,2556,edee59cbca1d,1,train,1,13454_B
13454,G,2,55,415,1189d01e1674,1,train,0,13454_G
13454,N,3,128,970,a02c374db11e,1,train,0,13454_N
13454,R,4,260,1979,7a77223b3fb1,1,train,0,13454_R
13468,A,0,206,1632,0af2b8bd3754,10,train,1,13468_A
13468,B,0,206,1632,0af2b8bd3754,10,train,0,13468_B
13468,C,0,206,1632,0af2b8bd3754,10,train,0,13468_C
13468,D,0,206,1632,0af2b8bd3754,10,train,0,13468_D
13468,E,0,206,1632,0af2b8bd3754,10,train,0,13468_E
13468,F,0,206,1632,0af2b8bd3754,10,train,0,13468_F
13468,G,0,206,1632,0af2b8bd3754,10,train,0,13468_G
13468,H,0,206,1632,0af2b8bd3754,10,train,0,13468_H
13468,I,0,206,1632,0af2b8bd3754,10,train,0,13468_I
13468,J,0,206,1632,0af2b8bd3754,10,train,0,13468_J
13563,A,0,1175,9150,645c68a11b8f,3,train,0,13563_A
13563,B,0,1175,9150,645c68a11b8f,3,train,0,13563_B
13563,C,0,1175,9150,645c68a11b8f,3,train,0,13563_C
13563,D,1,107,804,88c212833a1a,3,train,0,13563_D
13563,F,1,107,804,88c212833a1a,3,train,0,13563_F
13563,H,2,124,954,557166ae1658,3,train,1,13563_H
13563,L,1,107,804,88c212833a1a,3,train,0,13563_L
13563,X,2,124,954,557166ae1658,3,train,0,13563_X
13563,Z,2,124,954,557166ae1658,3,train,0,13563_Z
13591,A,0,492,3870,1a86a28345bb,1,train,0,13591_A
13591,B,1,133,872,a2c9a4b20b05,1,train,0,13591_B
13591,C,2,739,5995,83f614bf40f9,1,train,1,13591_C
13665,A,0,256,2028,75664964d7af,12,train,1,13665_A
13665,B,0,256,2028,75664964d7af,12,train,0,13665_B
13665,C,0,256,2028,75664964d7af,12,train,0,13665_C
13665,D,0,256,2028,75664964d7af,12,train,0,13665_D
13665,E,0,256,2028,75664964d7af,12,train,0,13665_E
13665,F,0,256,2028,75664964d7af,12,train,0,13665_F
13665,G,0,256,2028,75664964d7af,12,train,0,13665_G
13665,H,0,256,2028,75664964d7af,12,train,0,13665_H
13665,I,0,256,2028,75664964d7af,12,train,0,13665_I
13665,J,0,256,2028,75664964d7af,12,train,0,13665_J
13665,K,0,256,2028,75664964d7af,12,train,0,13665_K
13665,L,0,256,2028,75664964d7af,12,train,0,13665_L
13680,A,0,194,1546,593d96d03a36,1,val,0,13680_A
13680,B,1,218,1758,8d89521f1519,1,val,0,13680_B
13680,C,2,212,1641,51c145a8a805,1,val,0,13680_C
13680,D,3,182,1402,c8ac04631988,1,val,0,13680_D
13680,E,4,258,2058,3e1e7088a05b,1,val,0,13680_E
13680,F,5,161,1246,7cbdb0a059e3,1,val,0,13680_F
13680,G,6,197,1530,0f8cab50b4d8,1,val,0,13680_G
13680,H,7,162,1194,3ab0911a4b1d,1,val,0,13680_H
13680,I,8,163,1282,7d5a933146bf,1,val,0,13680_I
13680,J,9,166,1322,e8c79c9fe735,1,val,0,13680_J
13680,K,10,83,689,c77cff6d96a8,1,val,0,13680_K
13680,L,11,181,1481,198313ee82c0,1,val,0,13680_L
13680,N,12,152,1198,8a5de4d97c61,1,val,0,13680_N
13680,O,13,126,935,8f27dd81ef31,1,val,0,13680_O
13680,P,14,105,836,4ab469c3e663,1,val,0,13680_P
13680,Q,15,125,960,5ff40f88cbf9,1,val,0,13680_Q
13680,R,16,101,780,bab80969b1dd,1,val,0,13680_R
13680,S,17,133,1055,34002e11441b,1,val,0,13680_S
13680,T,18,130,934,872a8fb65e84,1,val,0,13680_T
13680,U,19,74,609,9d910fef5572,1,val,0,13680_U
13680,V,20,82,605,4a2023ca4413,1,val,0,13680_V
13680,W,21,129,1031,0cc25fb129d7,1,val,0,13680_W
13680,X,22,142,1104,d3e47200368a,1,val,0,13680_X
13680,Y,23,90,708,04a78805c733,1,val,1,13680_Y
13680,Z,24,59,419,079232eda719,1,val,0,13680_Z
13680,a,25,97,785,2fd4ef8c7861,1,val,0,13680_a
13680,b,26,79,614,d431b636851d,1,val,0,13680_b
13680,c,27,55,439,9b3b6137ee55,1,val,0,13680_c
13680,d,28,48,398,376b88457514,1,val,0,13680_d
13680,e,29,37,291,948cf7d775c9,1,val,0,13680_e
13680,n,30,24,217,6181d43cde5a,1,val,0,13680_n
13690,B,0,1725,13870,1d7f4403ac6e,1,train,0,13690_B
13690,J,1,250,2030,6037a52459bd,1,train,0,13690_J
13690,T,2,66,530,71772c6277c8,1,train,1,13690_T
13783,A,0,431,3413,0712644484ef,1,test,0,13783_A
13783,B,1,388,3102,8f082e22203a,1,test,1,13783_B
13783,C,2,285,2279,e1f436f794b5,1,test,0,13783_C
13783,D,3,994,7906,604f421142c1,1,test,0,13783_D
13786,C,0,90,772,cf62d1088ad3,1,val,1,13786_C
13786,E,1,812,6543,6f2d20fa06e4,1,val,0,13786_E
13789,A,0,545,4414,6b91f5146bce,1,train,0,13789_A
13789,B,1,453,3606,c98b7a81855e,1,train,0,13789_B
13789,C,2,393,3029,3076cc86a732,1,train,1,13789_C
13812,1,0,38,308,7b14a530c461,1,train,0,13812_1
13812,9,1,101,838,7335a1be2849,1,train,0,13812_9
13812,A,2,254,2043,0fa3e102d03e,1,train,0,13812_A
13812,B,3,117,985,0a8e436033e3,1,train,0,13812_B
13812,C,4,878,6920,a923a6166d5e,1,train,0,13812_C
13812,E,5,64,524,379bee31f936,1,train,0,13812_E
13812,G,6,83,629,13da64caf387,1,train,1,13812_G
13860,A,0,485,3990,455237f1122f,1,train,1,13860_A
13860,B,1,112,867,f8d5fa73e03c,1,train,0,13860_B
13868,A,0,1009,7874,a3af135eb2aa,1,train,0,13868_A
13868,B,1,1005,7848,9c190108008b,1,train,0,13868_B
13868,C,2,1014,7926,f6a168dff5c7,1,train,0,13868_C
13868,E,3,212,1578,b3d7daaeee14,3,train,1,13868_E
13868,F,4,216,1661,026f5d4bb32c,3,train,0,13868_F
13868,H,3,212,1578,b3d7daaeee14,3,train,0,13868_H
13868,J,3,212,1578,b3d7daaeee14,3,train,0,13868_J
13868,K,4,216,1661,026f5d4bb32c,3,train,0,13868_K
13868,L,4,216,1661,026f5d4bb32c,3,train,0,13868_L
13934,A,0,465,3709,8c1d5cdd27d3,1,test,0,13934_A
13934,B,1,403,3238,1b4963398252,1,test,1,13934_B
13934,C,2,291,2345,45bdb80447e9,1,test,0,13934_C
13934,D,3,1050,8334,9d6c9f3d70f2,1,test,0,13934_D
13965,0,0,108,880,af68fc80d78e,1,train,0,13965_0
13965,1,1,52,433,4e954eee987a,1,train,0,13965_1
13965,2,2,45,367,9630723c496d,1,train,0,13965_2
13965,3,3,95,831,5a0bb1c6ce94,1,train,0,13965_3
13965,5,4,373,3037,48d9f7da7fa0,1,train,0,13965_5
13965,6,5,324,2640,4605320cfd18,1,train,0,13965_6
13965,7,6,287,2334,b988ed42fbd6,1,train,0,13965_7
13965,9,7,117,947,403d3e572513,1,train,0,13965_9
13965,D,8,174,1349,62230dc46d66,1,train,0,13965_D
13965,E,9,284,2249,602912a4f9c4,1,train,0,13965_E
13965,F,10,250,2013,6d451f572ba8,1,train,0,13965_F
13965,H,11,95,784,fdf48220fc29,1,train,0,13965_H
13965,K,12,177,1451,99539d644d5a,1,train,0,13965_K
13965,L,13,115,889,cd2d380a85ea,1,train,0,13965_L
13965,M,14,287,2305,3b0fef7f5d54,1,train,0,13965_M
13965,N,15,205,1654,df19d0e40ca5,1,train,0,13965_N
13965,O,16,152,1245,3622ecf82666,1,train,0,13965_O
13965,P,17,141,1148,f665b8396739,1,train,0,13965_P
13965,Q,18,217,1805,368fd76c77a5,1,train,0,13965_Q
13965,R,19,140,1153,baacbe3b6b46,1,train,0,13965_R
13965,S,20,156,1251,e3b092835294,1,train,1,13965_S
13965,T,21,166,1368,79777607868e,1,train,0,13965_T
13965,U,22,139,1154,46523fc58f1c,1,train,0,13965_U
13965,V,23,163,1333,fdcd82d466a6,1,train,0,13965_V
13965,W,24,109,859,155134501c12,1,train,0,13965_W
13965,X,25,243,2035,fec2760c05bb,1,train,1,13965_X
13965,Y,26,176,1517,0520df6508a6,1,train,0,13965_Y
13965,Z,27,117,955,cdbee97d7b4b,1,train,1,13965_Z
13965,a,28,82,686,8832b870f226,1,train,0,13965_a
13965,b,29,148,1178,2d7bc787aec9,1,train,0,13965_b
13965,c,30,275,2217,6fc6fefe0778,1,train,0,13965_c
13965,d,31,185,1529,a9f3cb112ebd,1,train,0,13965_d
13965,g,32,129,1067,22938bc708ce,1,train,0,13965_g
13965,h,33,100,827,d241987aa893,1,train,0,13965_h
13965,i,34,97,827,35dc84b40e0c,1,train,0,13965_i
13965,j,35,85,684,be48dec17139,1,train,0,13965_j
13965,o,36,91,771,a300d86381fa,1,train,0,13965_o
13965,p,37,127,1058,4f12d60e5b0d,1,train,0,13965_p
13965,q,38,128,1076,1ad7c63fe6d6,1,train,1,13965_q
13965,r,39,130,1075,4b6571e80e10,1,train,0,13965_r
13965,s,40,370,3036,3024f51e6dce,1,train,0,13965_s
13965,u,41,111,927,2f0bff501e46,1,train,0,13965_u
13965,v,42,69,588,af631a1b6f9b,1,train,0,13965_v
13965,w,43,79,638,8e09cdd8a65b,1,train,0,13965_w
13967,0,0,108,880,af68fc80d78e,1,train,0,13967_0
13967,1,1,49,408,3f909641ec2b,1,train,0,13967_1
13967,2,2,45,367,9630723c496d,1,train,0,13967_2
13967,3,3,95,831,5a0bb1c6ce94,1,train,0,13967_3
13967,4,4,37,333,707770540e1a,1,train,0,13967_4
13967,5,5,392,3199,fdb6577a435f,1,train,0,13967_5
13967,6,6,292,2460,c897226656c8,1,train,0,13967_6
13967,7,7,287,2334,b988ed42fbd6,1,train,0,13967_7
13967,9,8,117,947,403d3e572513,1,train,0,13967_9
13967,D,9,215,1671,bf518e8e4c1e,1,train,0,13967_D
13967,E,10,304,2396,bda502062f86,1,train,0,13967_E
13967,F,11,250,2013,6d451f572ba8,1,train,0,13967_F
13967,H,12,95,784,fdf48220fc29,1,train,0,13967_H
13967,I,13,30,247,a6a08f68e79b,1,train,0,13967_I
13967,K,14,177,1451,99539d644d5a,1,train,0,13967_K
13967,L,15,115,889,cd2d380a85ea,1,train,0,13967_L
13967,M,16,287,2305,3b0fef7f5d54,1,train,0,13967_M
13967,N,17,201,1621,a04b145a4490,1,train,0,13967_N
13967,O,18,152,1245,3622ecf82666,1,train,0,13967_O
13967,P,19,141,1148,f665b8396739,1,train,0,13967_P
13967,Q,20,217,1805,368fd76c77a5,1,train,0,13967_Q
13967,R,21,139,1143,017732faa1c4,1,train,0,13967_R
13967,S,22,156,1251,e3b092835294,1,train,0,13967_S
13967,T,23,155,1274,166cd8097697,1,train,0,13967_T
13967,U,24,125,1030,a9aec2fe9477,1,train,0,13967_U
13967,V,25,48,402,b913e554bd61,1,train,0,13967_V
13967,W,26,100,801,b8a0ab9ee6ce,1,train,0,13967_W
13967,X,27,243,2035,fec2760c05bb,1,train,0,13967_X
13967,Y,28,175,1506,47bb4ca6c1de,1,train,0,13967_Y
13967,Z,29,115,937,74defa5f9757,1,train,0,13967_Z
13967,a,30,80,672,2f7076f891da,1,train,0,13967_a
13967,b,31,148,1178,2d7bc787aec9,1,train,0,13967_b
13967,c,32,275,2214,0e76238ec085,1,train,0,13967_c
13967,d,33,157,1308,2ed626afb79d,1,train,0,13967_d
13967,g,34,129,1067,22938bc708ce,1,train,0,13967_g
13967,h,35,101,829,01b3ac522bf9,1,train,0,13967_h
13967,i,36,97,827,35dc84b40e0c,1,train,0,13967_i
13967,j,37,86,689,62a39718c799,1,train,0,13967_j
13967,o,38,81,687,023a22dbaea6,1,train,0,13967_o
13967,p,39,125,1045,f4fc69d68450,1,train,0,13967_p
13967,q,40,101,841,e8a372f458a3,1,train,1,13967_q
13967,r,41,129,1068,4df5931875bc,1,train,0,13967_r
13967,s,42,370,3036,3024f51e6dce,1,train,0,13967_s
13967,u,43,111,927,2f0bff501e46,1,train,0,13967_u
13967,v,44,69,588,af631a1b6f9b,1,train,0,13967_v
13967,w,45,79,638,8e09cdd8a65b,1,train,0,13967_w
13985,A,0,401,2991,adc55828cb19,1,train,0,13985_A
13985,B,1,121,941,6b70f814460b,1,train,1,13985_B
13985,C,2,117,908,fd52a749fd0c,1,train,0,13985_C
14002,D,0,25,238,85b2604739eb,1,train,0,14002_D
14002,E,1,202,1609,bc9f4d5ec68e,1,train,0,14002_E
14002,F,2,215,1760,8badaa5a395a,1,train,0,14002_F
14002,G,3,261,2084,be7879dd9fdd,1,train,0,14002_G
14002,H,4,187,1521,16f6e9c9b403,1,train,0,14002_H
14002,I,5,184,1493,0424ec2f4224,1,train,1,14002_I
14002,J,6,147,1164,60a68e402d49,1,train,0,14002_J
14002,K,7,44,346,0cb6c993c60a,1,train,0,14002_K
14002,L,8,82,640,223325007b47,1,train,0,14002_L
14002,M,9,141,1100,844a5955d1bb,1,train,0,14002_M
14002,N,10,98,797,545572adc1a4,1,train,0,14002_N
14002,O,11,220,1706,207cc1137964,1,train,0,14002_O
14002,P,12,237,1906,2f5d435bee1a,1,train,0,14002_P
14002,Q,13,184,1529,75c02fa0fabf,1,train,0,14002_Q
14002,R,14,150,1195,6a9dea3d6634,1,train,0,14002_R
14002,S,15,131,991,b488619b9bba,1,train,0,14002_S
14002,T,16,129,1015,1c58120ca601,1,train,0,14002_T
14002,U,17,126,1030,127915ab7a55,1,train,0,14002_U
14002,V,18,68,540,228127d09550,1,train,0,14002_V
14002,W,19,48,383,ec478dc9699a,1,train,0,14002_W
14002,X,20,32,275,34c2a3928195,1,train,0,14002_X
14003,D,0,213,1678,2c8b7b4f152e,1,train,0,14003_D
14003,E,1,185,1466,fca584e1ffc6,1,train,1,14003_E
14003,F,2,92,782,363ff46a2790,1,train,0,14003_F
14003,G,3,126,1018,8584eac8d07c,1,train,0,14003_G
14003,H,4,140,1135,706b4baab1ac,1,train,0,14003_H
14003,I,5,82,682,d628c40b725e,1,train,0,14003_I
14003,J,6,142,1154,27debbb1ee57,1,train,0,14003_J
14003,K,7,140,1104,b1dad92d1900,1,train,0,14003_K
14003,L,8,104,821,450ac7de5994,1,train,0,14003_L
14003,M,9,64,519,d0b42bae8693,1,train,0,14003_M
14003,N,10,50,405,0b2bcdc88cf3,1,train,0,14003_N
14003,O,11,317,2464,c9249dff8372,1,train,0,14003_O
14003,P,12,75,592,52c1a89856d1,1,train,0,14003_P
14064,A,0,390,3165,ba4aea91e5ff,1,test,0,14064_A
14064,B,1,399,3239,04df650329f5,1,test,0,14064_B
14064,C,2,423,3430,b8de246e7f75,1,test,0,14064_C
14064,D,3,371,3010,e0af6ac8fb5f,1,test,0,14064_D
14064,E,4,406,3297,98ba6165201f,1,test,1,14064_E
14071,A,0,333,2693,c333ee25ba53,1,train,0,14071_A
14071,B,1,331,2720,2b896d80de9b,3,train,0,14071_B
14071,C,1,331,2720,2b896d80de9b,3,train,0,14071_C
14071,D,1,331,2720,2b896d80de9b,3,train,0,14071_D
14071,E,2,321,2569,9c585fa02533,1,train,1,14071_E
14071,L,3,121,940,4acbe2a6dd7f,2,train,0,14071_L
14071,M,3,121,940,4acbe2a6dd7f,2,train,0,14071_M
14127,A,0,114,911,419f2cb1e8bf,1,train,0,14127_A
14127,B,1,155,1241,60ca707627e0,1,train,0,14127_B
14127,C,2,207,1721,ec3a5c7e0aa3,1,train,0,14127_C
14127,D,3,429,3446,675eb8a47ec3,1,train,0,14127_D
14127,E,4,213,1655,6023b72a156c,1,train,0,14127_E
14127,F,5,431,3319,5f44e4348000,1,train,0,14127_F
14127,G,6,688,5279,a3dbeb238c27,1,train,0,14127_G
14127,H,7,317,2499,8767923ddaf7,1,train,0,14127_H
14127,I,8,176,1414,776739802a88,1,train,1,14127_I
14127,J,9,173,1327,c7c585f31ef2,1,train,0,14127_J
14127,K,10,97,735,65ed18b679e4,1,train,0,14127_K
14127,L,11,605,4792,17ef827ab5cf,1,train,0,14127_L
14127,M,12,458,3644,c89d04dabb71,1,train,0,14127_M
14127,N,13,346,2723,a084cf5b0533,1,train,0,14127_N
14127,O,14,320,2589,7030f2f1ab14,1,train,0,14127_O
14127,P,15,341,2747,f7b85d736e97,1,train,0,14127_P
14127,Q,16,125,1016,3604227c495e,1,train,1,14127_Q
14127,R,17,95,730,bd4a12b8ad7b,1,train,0,14127_R
14127,S,18,84,677,08de070a7c59,1,train,0,14127_S
14127,T,19,76,612,cde6b8acc291,1,train,0,14127_T
14127,U,20,86,692,6eaef219714e,1,train,0,14127_U
14127,V,21,113,919,adb5c15dcd81,1,train,0,14127_V
14127,W,22,114,971,30ec0b9ffe16,1,train,0,14127_W
14127,X,23,171,1402,6d6aff3bcd1c,1,train,0,14127_X
14127,Y,24,139,1022,b3929fb18b18,1,train,0,14127_Y
14127,Z,25,141,1152,d3f72cce7251,1,train,0,14127_Z
14127,a,26,70,569,9328953d9ff7,1,train,0,14127_a
14127,b,27,83,651,61f8757b4cc4,1,train,0,14127_b
14127,c,28,48,405,e4aea9de85e5,1,train,0,14127_c
14127,d,29,119,982,bd3451514f93,1,train,0,14127_d
14127,e,30,97,819,e2992cdb16df,1,train,0,14127_e
14127,f,31,50,437,900e04f23b11,1,train,0,14127_f
14127,g,32,98,824,99910431daa7,1,train,0,14127_g
14127,h,33,138,1154,564e7a2b5c8b,1,train,0,14127_h
14127,i,34,106,911,cd2f2e468108,1,train,0,14127_i
14127,j,35,64,556,92c54f53146b,1,train,0,14127_j
14127,k,36,80,644,ef14deb20072,1,train,0,14127_k
14127,l,37,155,1304,10f58310fe24,1,train,0,14127_l
14127,m,38,127,1061,9b9dc4e1e48f,1,train,0,14127_m
14127,n,39,172,1492,c20b04be5c2e,1,train,0,14127_n
14127,o,40,122,1048,9ed910497e78,1,train,0,14127_o
14127,p,41,171,1443,3fb61fc9545b,1,train,0,14127_p
14127,q,42,144,1201,d6b1c6648a65,1,train,1,14127_q
14127,r,43,93,759,47f47c040b98,1,train,0,14127_r
14127,s,44,44,371,c65aab80d703,1,train,0,14127_s
14132,A,0,114,911,419f2cb1e8bf,1,test,0,14132_A
14132,B,1,155,1241,60ca707627e0,1,test,0,14132_B
14132,C,2,209,1738,acf6eeb88e45,1,test,0,14132_C
14132,D,3,429,3446,675eb8a47ec3,1,test,0,14132_D
14132,E,4,214,1659,3705ff0a3a9e,1,test,0,14132_E
14132,F,5,432,3326,1f84fe0c09b6,1,test,0,14132_F
14132,G,6,699,5355,ee4e917fcf09,1,test,0,14132_G
14132,H,7,317,2499,8767923ddaf7,1,test,0,14132_H
14132,I,8,176,1414,776739802a88,1,test,0,14132_I
14132,J,9,174,1335,cc76024dbc42,1,test,1,14132_J
14132,K,10,97,735,65ed18b679e4,1,test,0,14132_K
14132,L,11,605,4792,17ef827ab5cf,1,test,0,14132_L
14132,M,12,458,3644,c89d04dabb71,1,test,0,14132_M
14132,N,13,346,2723,a084cf5b0533,1,test,0,14132_N
14132,O,14,320,2589,7030f2f1ab14,1,test,0,14132_O
14132,P,15,342,2754,606136764a18,1,test,0,14132_P
14132,Q,16,129,1049,e1328a2a1828,1,test,0,14132_Q
14132,R,17,96,740,09be1284ff81,1,test,1,14132_R
14132,S,18,87,700,706f11dfc513,1,test,0,14132_S
14132,T,19,85,688,bca1f9a22420,1,test,0,14132_T
14132,U,20,86,693,6eaef219714e,1,test,0,14132_U
14132,V,21,115,928,20b9411cb844,1,test,0,14132_V
14132,W,22,115,976,f6a69189d752,1,test,0,14132_W
14132,X,23,171,1402,6d6aff3bcd1c,1,test,0,14132_X
14132,Y,24,139,1022,b3929fb18b18,1,test,0,14132_Y
14132,Z,25,141,1152,d3f72cce7251,1,test,0,14132_Z
14132,a,26,70,569,9328953d9ff7,1,test,1,14132_a
14132,b,27,83,651,61f8757b4cc4,1,test,0,14132_b
14132,c,28,49,414,bf45dd87790f,1,test,0,14132_c
14132,d,29,119,988,bd3451514f93,1,test,0,14132_d
14132,e,30,99,829,735db5dfd7f1,1,test,0,14132_e
14132,f,31,57,492,712c1852a16d,1,test,0,14132_f
14132,g,32,100,839,7c7a2a6a73d5,1,test,0,14132_g
14132,h,33,138,1154,564e7a2b5c8b,1,test,0,14132_h
14132,i,34,126,1088,3bb68264898d,1,test,0,14132_i
14132,j,35,71,597,3956ba8d5c97,1,test,1,14132_j
14132,k,36,81,653,41f5b7eee2ac,1,test,0,14132_k
14132,l,37,156,1314,8a17de8cdb57,1,test,0,14132_l
14132,m,38,128,1067,d384f746f117,1,test,0,14132_m
14132,n,39,172,1492,c20b04be5c2e,1,test,0,14132_n
14132,o,40,122,1048,9ed910497e78,1,test,0,14132_o
14132,p,41,173,1453,becfa421b90a,1,test,0,14132_p
14132,q,42,145,1209,252de1f30348,1,test,0,14132_q
14132,r,43,94,768,64202a201065,1,test,0,14132_r
14132,s,44,45,380,f4cdb7dff78f,1,test,0,14132_s
14133,A,0,114,911,419f2cb1e8bf,1,train,0,14133_A
14133,B,1,155,1241,60ca707627e0,1,train,0,14133_B
14133,C,2,209,1738,acf6eeb88e45,1,train,0,14133_C
14133,D,3,429,3446,675eb8a47ec3,1,train,1,14133_D
14133,E,4,214,1659,3705ff0a3a9e,1,train,0,14133_E
14133,F,5,432,3326,1f84fe0c09b6,1,train,0,14133_F
14133,G,6,699,5355,ee4e917fcf09,1,train,0,14133_G
14133,H,7,317,2499,8767923ddaf7,1,train,0,14133_H
14133,I,8,176,1414,776739802a88,1,train,0,14133_I
14133,J,9,174,1335,cc76024dbc42,1,train,0,14133_J
14133,K,10,97,735,65ed18b679e4,1,train,0,14133_K
14133,L,11,605,4792,17ef827ab5cf,1,train,0,14133_L
14133,M,12,458,3644,c89d04dabb71,1,train,0,14133_M
14133,N,13,346,2723,a084cf5b0533,1,train,0,14133_N
14133,O,14,320,2589,7030f2f1ab14,1,train,0,14133_O
14133,P,15,342,2754,606136764a18,1,train,0,14133_P
14133,Q,16,129,1049,e1328a2a1828,1,train,0,14133_Q
14133,R,17,96,740,09be1284ff81,1,train,0,14133_R
14133,S,18,87,700,706f11dfc513,1,train,0,14133_S
14133,T,19,85,688,bca1f9a22420,1,train,0,14133_T
14133,U,20,86,693,6eaef219714e,1,train,0,14133_U
14133,V,21,115,928,20b9411cb844,1,train,0,14133_V
14133,W,22,115,976,f6a69189d752,1,train,0,14133_W
14133,X,23,171,1402,6d6aff3bcd1c,1,train,0,14133_X
14133,Y,24,139,1022,b3929fb18b18,1,train,0,14133_Y
14133,Z,25,141,1152,d3f72cce7251,1,train,1,14133_Z
14133,a,26,70,569,9328953d9ff7,1,train,1,14133_a
14133,b,27,83,651,61f8757b4cc4,1,train,0,14133_b
14133,c,28,49,414,bf45dd87790f,1,train,0,14133_c
14133,d,29,119,988,bd3451514f93,1,train,0,14133_d
14133,e,30,99,829,735db5dfd7f1,1,train,0,14133_e
14133,f,31,57,492,712c1852a16d,1,train,0,14133_f
14133,g,32,100,839,7c7a2a6a73d5,1,train,0,14133_g
14133,h,33,138,1154,564e7a2b5c8b,1,train,0,14133_h
14133,i,34,126,1088,3bb68264898d,1,train,1,14133_i
14133,j,35,67,580,784ee8c50039,1,train,0,14133_j
14133,k,36,81,653,41f5b7eee2ac,1,train,0,14133_k
14133,l,37,156,1314,8a17de8cdb57,1,train,0,14133_l
14133,m,38,128,1067,d384f746f117,1,train,0,14133_m
14133,n,39,172,1492,c20b04be5c2e,1,train,0,14133_n
14133,o,40,122,1048,9ed910497e78,1,train,0,14133_o
14133,p,41,173,1453,becfa421b90a,1,train,0,14133_p
14133,q,42,145,1209,252de1f30348,1,train,0,14133_q
14133,r,43,94,768,64202a201065,1,train,0,14133_r
14133,s,44,45,380,f4cdb7dff78f,1,train,0,14133_s
14139,A,0,105,842,a17d8480a78e,1,train,0,14139_A
14139,B,1,156,1247,e4d31e20ef79,1,train,0,14139_B
14139,C,2,207,1721,ec3a5c7e0aa3,1,train,1,14139_C
14139,D,3,403,3249,4debb0c9df3a,1,train,0,14139_D
14139,E,4,214,1659,3705ff0a3a9e,1,train,0,14139_E
14139,F,5,432,3326,1f84fe0c09b6,1,train,0,14139_F
14139,G,6,691,5298,cdfb0d7a14d1,1,train,0,14139_G
14139,H,7,290,2296,7086cc5dee67,1,train,0,14139_H
14139,I,8,176,1414,776739802a88,1,train,0,14139_I
14139,J,9,174,1335,cc76024dbc42,1,train,0,14139_J
14139,K,10,97,735,65ed18b679e4,1,train,0,14139_K
14139,L,11,605,4792,17ef827ab5cf,1,train,0,14139_L
14139,M,12,458,3644,c89d04dabb71,1,train,0,14139_M
14139,N,13,346,2723,a084cf5b0533,1,train,0,14139_N
14139,O,14,320,2589,7030f2f1ab14,1,train,0,14139_O
14139,P,15,327,2623,6b9db5a3f020,1,train,0,14139_P
14139,Q,16,129,1049,e1328a2a1828,1,train,0,14139_Q
14139,R,17,96,740,09be1284ff81,1,train,0,14139_R
14139,S,18,86,691,8ead98c3c4b0,1,train,0,14139_S
14139,T,19,85,688,bca1f9a22420,1,train,0,14139_T
14139,U,20,88,707,54c3792d19d9,1,train,0,14139_U
14139,V,21,114,923,76a853315373,1,train,1,14139_V
14139,W,22,116,982,b35f27e7d6cb,1,train,0,14139_W
14139,X,23,171,1402,6d6aff3bcd1c,1,train,0,14139_X
14139,Y,24,139,1022,b3929fb18b18,1,train,0,14139_Y
14139,Z,25,142,1157,2ed1067671f2,1,train,0,14139_Z
14139,a,26,70,569,9328953d9ff7,1,train,0,14139_a
14139,b,27,83,651,61f8757b4cc4,1,train,0,14139_b
14139,c,28,49,414,bf45dd87790f,1,train,0,14139_c
14139,d,29,119,988,bd3451514f93,1,train,0,14139_d
14139,e,30,98,825,40ec9417f200,1,train,0,14139_e
14139,f,31,57,492,712c1852a16d,1,train,0,14139_f
14139,g,32,101,846,9a29b5d769dc,1,train,0,14139_g
14139,h,33,138,1154,564e7a2b5c8b,1,train,0,14139_h
14139,i,34,126,1088,3bb68264898d,1,train,0,14139_i
14139,j,35,67,580,784ee8c50039,1,train,0,14139_j
14139,k,36,81,653,41f5b7eee2ac,1,train,0,14139_k
14139,l,37,156,1314,8a17de8cdb57,1,train,0,14139_l
14139,m,38,128,1067,d384f746f117,1,train,0,14139_m
14139,n,39,171,1487,059af2f49920,1,train,0,14139_n
14139,o,40,122,1048,9ed910497e78,1,train,0,14139_o
14139,p,41,173,1450,f7ee38ee8e2d,1,train,0,14139_p
14139,q,42,145,1209,252de1f30348,1,train,0,14139_q
14139,r,43,94,768,64202a201065,1,train,0,14139_r
14139,s,44,44,371,c65aab80d703,1,train,0,14139_s
14140,A,0,106,854,d66d89f45f83,1,train,0,14140_A
14140,B,1,158,1260,b509969f532f,1,train,0,14140_B
14140,C,2,210,1743,301b72d1086f,1,train,0,14140_C
14140,D,3,387,3097,b8abaa7cc2d2,1,train,0,14140_D
14140,E,4,214,1659,3705ff0a3a9e,1,train,0,14140_E
14140,F,5,432,3324,c28dce6a447c,1,train,0,14140_F
14140,G,6,700,5360,25c81d421783,1,train,0,14140_G
14140,H,7,317,2499,8767923ddaf7,1,train,0,14140_H
14140,I,8,176,1414,776739802a88,1,train,0,14140_I
14140,J,9,160,1216,532acc9eee74,1,train,0,14140_J
14140,K,10,85,637,9608d5ca834c,1,train,0,14140_K
14140,L,11,546,4324,bc09d96c537a,1,train,0,14140_L
14140,M,12,458,3644,c89d04dabb71,1,train,0,14140_M
14140,N,13,346,2723,a084cf5b0533,1,train,0,14140_N
14140,O,14,320,2589,7030f2f1ab14,1,train,0,14140_O
14140,P,15,320,2560,0b9a8da22759,1,train,0,14140_P
14140,Q,16,125,1016,3604227c495e,1,train,0,14140_Q
14140,R,17,96,740,09be1284ff81,1,train,0,14140_R
14140,S,18,87,701,5c49e865af55,1,train,0,14140_S
14140,T,19,84,681,f1bf2ef3b792,1,train,0,14140_T
14140,U,20,88,707,54c3792d19d9,1,train,0,14140_U
14140,V,21,113,919,adb5c15dcd81,1,train,0,14140_V
14140,W,22,115,977,f6a69189d752,1,train,0,14140_W
14140,X,23,171,1402,6d6aff3bcd1c,1,train,1,14140_X
14140,Y,24,33,248,a58468972d91,1,train,0,14140_Y
14140,Z,25,142,1157,2ed1067671f2,1,train,0,14140_Z
14140,a,26,70,569,9328953d9ff7,1,train,0,14140_a
14140,b,27,83,651,61f8757b4cc4,1,train,0,14140_b
14140,c,28,48,405,e4aea9de85e5,1,train,0,14140_c
14140,d,29,119,988,bd3451514f93,1,train,0,14140_d
14140,e,30,99,829,735db5dfd7f1,1,train,0,14140_e
14140,f,31,57,492,712c1852a16d,1,train,0,14140_f
14140,g,32,90,750,7b6efe72f6c0,1,train,0,14140_g
14140,h,33,143,1186,4feb00987629,1,train,0,14140_h
14140,i,34,126,1088,3bb68264898d,1,train,0,14140_i
14140,j,35,70,592,989f99b36b70,1,train,0,14140_j
14140,k,36,81,653,41f5b7eee2ac,1,train,0,14140_k
14140,l,37,156,1314,8a17de8cdb57,1,train,0,14140_l
14140,m,38,127,1061,9b9dc4e1e48f,1,train,0,14140_m
14140,n,39,171,1487,059af2f49920,1,train,0,14140_n
14140,o,40,120,1035,1b10a4b123d8,1,train,0,14140_o
14140,p,41,173,1455,6fbb3371c137,1,train,0,14140_p
14140,q,42,145,1209,252de1f30348,1,train,0,14140_q
14140,r,43,95,777,91ee15fd28d9,1,train,0,14140_r
14140,s,44,45,380,f4cdb7dff78f,1,train,0,14140_s
14175,B,0,238,1861,cfada63fbc82,2,train,0,14175_B
14175,C,1,229,1754,93933bd19554,2,train,0,14175_C
14175,D,2,249,1920,ebcba61a567e,2,train,0,14175_D
14175,E,3,240,1845,a1c250c25b7f,2,train,0,14175_E
14175,F,4,230,1763,283ba840c0d1,2,train,0,14175_F
14175,G,5,231,1794,df4aca3dafa4,2,train,1,14175_G
14175,X,6,239,1842,332491889ab9,2,train,1,14175_X
14175,a,7,212,1617,18091318875e,2,train,0,14175_a
14175,b,8,220,1648,37c518493bc8,2,train,0,14175_b
14175,c,9,203,1593,64c35439f768,2,train,0,14175_c
14175,d,10,196,1524,3fb724939415,2,train,0,14175_d
14175,e,11,203,1553,9724c2ef888a,2,train,0,14175_e
14175,f,12,217,1695,9520d5c42000,2,train,0,14175_f
14175,g,13,221,1752,d66314d30180,2,train,1,14175_g
14175,h,0,238,1861,cfada63fbc82,2,train,0,14175_h
14175,i,1,229,1754,93933bd19554,2,train,0,14175_i
14175,j,2,249,1920,ebcba61a567e,2,train,0,14175_j
14175,k,3,240,1845,a1c250c25b7f,2,train,0,14175_k
14175,l,4,230,1763,283ba840c0d1,2,train,0,14175_l
14175,m,5,231,1794,df4aca3dafa4,2,train,0,14175_m
14175,n,6,239,1842,332491889ab9,2,train,0,14175_n
14175,o,7,212,1617,18091318875e,2,train,0,14175_o
14175,p,8,220,1648,37c518493bc8,2,train,0,14175_p
14175,q,9,203,1593,64c35439f768,2,train,0,14175_q
14175,r,10,196,1524,3fb724939415,2,train,0,14175_r
14175,s,11,203,1553,9724c2ef888a,2,train,0,14175_s
14175,t,12,217,1695,9520d5c42000,2,train,0,14175_t
14175,u,13,221,1752,d66314d30180,2,train,0,14175_u
14222,A,0,709,5755,cbaa2450af81,1,train,1,14222_A
14222,B,1,724,5778,6b909e87fd96,1,train,1,14222_B
14222,C,2,729,5784,88f1c238b592,1,train,0,14222_C
14236,A,0,998,7818,73e27b4ac737,3,train,0,14236_A
14236,B,0,998,7818,73e27b4ac737,3,train,0,14236_B
14236,C,0,998,7818,73e27b4ac737,3,train,0,14236_C
14236,D,1,588,4801,71514eaeb36f,3,train,1,14236_D
14236,E,1,588,4801,71514eaeb36f,3,train,0,14236_E
14236,F,1,588,4801,71514eaeb36f,3,train,0,14236_F
14251,A,0,114,911,419f2cb1e8bf,1,train,0,14251_A
14251,B,1,155,1241,60ca707627e0,1,train,0,14251_B
14251,C,2,207,1721,ec3a5c7e0aa3,1,train,0,14251_C
14251,D,3,429,3446,675eb8a47ec3,1,train,0,14251_D
14251,E,4,213,1655,6023b72a156c,1,train,0,14251_E
14251,F,5,430,3310,9462c7cfc10e,1,train,0,14251_F
14251,G,6,688,5279,a3dbeb238c27,1,train,0,14251_G
14251,H,7,317,2499,8767923ddaf7,1,train,0,14251_H
14251,I,8,176,1414,776739802a88,1,train,0,14251_I
14251,J,9,173,1327,c7c585f31ef2,1,train,0,14251_J
14251,K,10,97,735,65ed18b679e4,1,train,0,14251_K
14251,L,11,605,4781,17ef827ab5cf,1,train,0,14251_L
14251,M,12,458,3644,c89d04dabb71,1,train,0,14251_M
14251,N,13,346,2723,a084cf5b0533,1,train,0,14251_N
14251,O,14,320,2589,7030f2f1ab14,1,train,0,14251_O
14251,P,15,341,2747,f7b85d736e97,1,train,0,14251_P
14251,Q,16,125,1016,3604227c495e,1,train,0,14251_Q
14251,R,17,95,730,bd4a12b8ad7b,1,train,0,14251_R
14251,S,18,84,677,08de070a7c59,1,train,0,14251_S
14251,T,19,76,612,cde6b8acc291,1,train,0,14251_T
14251,U,20,86,693,6eaef219714e,1,train,0,14251_U
14251,V,21,112,911,16b62036a991,1,train,0,14251_V
14251,W,22,114,971,30ec0b9ffe16,1,train,0,14251_W
14251,X,23,171,1402,6d6aff3bcd1c,1,train,0,14251_X
14251,Y,24,139,1022,b3929fb18b18,1,train,0,14251_Y
14251,Z,25,140,1146,75398eecf3b1,1,train,0,14251_Z
14251,a,26,70,569,9328953d9ff7,1,train,0,14251_a
14251,b,27,82,646,28128197b9c5,1,train,1,14251_b
14251,c,28,48,405,e4aea9de85e5,1,train,0,14251_c
14251,d,29,113,945,5748c664f920,1,train,0,14251_d
14251,e,30,97,819,e2992cdb16df,1,train,0,14251_e
14251,f,31,52,451,57b22cb546a7,1,train,0,14251_f
14251,g,32,98,824,99910431daa7,1,train,0,14251_g
14251,h,33,138,1154,564e7a2b5c8b,1,train,0,14251_h
14251,i,34,101,870,ec85fe078e10,1,train,0,14251_i
14251,j,35,67,580,784ee8c50039,1,train,0,14251_j
14251,k,36,79,638,0e2960a6f307,1,train,0,14251_k
14251,l,37,155,1304,10f58310fe24,1,train,0,14251_l
14251,m,38,127,1061,9b9dc4e1e48f,1,train,0,14251_m
14251,n,39,172,1492,c20b04be5c2e,1,train,0,14251_n
14251,o,40,120,1035,1b10a4b123d8,1,train,0,14251_o
14251,p,41,171,1443,3fb61fc9545b,1,train,0,14251_p
14251,q,42,145,1209,252de1f30348,1,train,0,14251_q
14251,r,43,93,759,47f47c040b98,1,train,0,14251_r
14251,s,44,44,371,c65aab80d703,1,train,0,14251_s
14256,A,0,114,911,419f2cb1e8bf,1,train,0,14256_A
14256,B,1,155,1241,60ca707627e0,1,train,0,14256_B
14256,C,2,207,1721,ec3a5c7e0aa3,1,train,0,14256_C
14256,D,3,429,3446,675eb8a47ec3,1,train,0,14256_D
14256,E,4,213,1655,6023b72a156c,1,train,0,14256_E
14256,F,5,431,3319,5f44e4348000,1,train,0,14256_F
14256,G,6,688,5279,a3dbeb238c27,1,train,0,14256_G
14256,H,7,317,2499,8767923ddaf7,1,train,0,14256_H
14256,I,8,176,1414,776739802a88,1,train,0,14256_I
14256,J,9,173,1327,c7c585f31ef2,1,train,1,14256_J
14256,K,10,97,735,65ed18b679e4,1,train,0,14256_K
14256,L,11,605,4770,17ef827ab5cf,1,train,0,14256_L
14256,M,12,458,3644,c89d04dabb71,1,train,0,14256_M
14256,N,13,346,2723,a084cf5b0533,1,train,0,14256_N
14256,O,14,320,2589,7030f2f1ab14,1,train,0,14256_O
14256,P,15,341,2747,f7b85d736e97,1,train,0,14256_P
14256,Q,16,125,1016,3604227c495e,1,train,0,14256_Q
14256,R,17,95,730,bd4a12b8ad7b,1,train,0,14256_R
14256,S,18,86,691,8ead98c3c4b0,1,train,0,14256_S
14256,T,19,76,612,cde6b8acc291,1,train,0,14256_T
14256,U,20,86,693,6eaef219714e,1,train,0,14256_U
14256,V,21,114,923,76a853315373,1,train,0,14256_V
14256,W,22,114,971,30ec0b9ffe16,1,train,0,14256_W
14256,X,23,171,1402,6d6aff3bcd1c,1,train,1,14256_X
14256,Y,24,139,1022,b3929fb18b18,1,train,0,14256_Y
14256,Z,25,141,1152,d3f72cce7251,1,train,0,14256_Z
14256,a,26,70,569,9328953d9ff7,1,train,0,14256_a
14256,b,27,83,651,61f8757b4cc4,1,train,0,14256_b
14256,c,28,48,405,e4aea9de85e5,1,train,0,14256_c
14256,d,29,113,945,5748c664f920,1,train,0,14256_d
14256,e,30,97,819,e2992cdb16df,1,train,0,14256_e
14256,f,31,52,451,57b22cb546a7,1,train,0,14256_f
14256,g,32,98,824,99910431daa7,1,train,0,14256_g
14256,h,33,138,1154,564e7a2b5c8b,1,train,0,14256_h
14256,i,34,103,889,29eec081a2d0,1,train,0,14256_i
14256,j,35,67,580,784ee8c50039,1,train,0,14256_j
14256,k,36,80,644,ef14deb20072,1,train,0,14256_k
14256,l,37,155,1304,10f58310fe24,1,train,0,14256_l
14256,m,38,127,1061,9b9dc4e1e48f,1,train,0,14256_m
14256,n,39,172,1492,c20b04be5c2e,1,train,0,14256_n
14256,o,40,120,1035,1b10a4b123d8,1,train,0,14256_o
14256,p,41,171,1443,3fb61fc9545b,1,train,0,14256_p
14256,q,42,145,1209,252de1f30348,1,train,0,14256_q
14256,r,43,93,759,47f47c040b98,1,train,0,14256_r
14256,s,44,44,371,c65aab80d703,1,train,0,14256_s
14261,A,0,114,911,419f2cb1e8bf,1,train,0,14261_A
14261,B,1,154,1230,1974ec38778e,1,train,0,14261_B
14261,C,2,207,1721,ec3a5c7e0aa3,1,train,0,14261_C
14261,D,3,429,3446,675eb8a47ec3,1,train,0,14261_D
14261,E,4,213,1655,6023b72a156c,1,train,0,14261_E
14261,F,5,431,3319,5f44e4348000,1,train,0,14261_F
14261,G,6,688,5279,a3dbeb238c27,1,train,1,14261_G
14261,H,7,317,2499,8767923ddaf7,1,train,0,14261_H
14261,I,8,176,1414,776739802a88,1,train,0,14261_I
14261,J,9,173,1327,c7c585f31ef2,1,train,0,14261_J
14261,K,10,96,729,a1280c6af595,1,train,0,14261_K
14261,L,11,600,4746,e698f833c3ec,1,train,0,14261_L
14261,M,12,458,3644,c89d04dabb71,1,train,0,14261_M
14261,N,13,346,2723,a084cf5b0533,1,train,0,14261_N
14261,O,14,320,2589,7030f2f1ab14,1,train,0,14261_O
14261,P,15,341,2747,f7b85d736e97,1,train,0,14261_P
14261,Q,16,125,1016,3604227c495e,1,train,1,14261_Q
14261,R,17,95,730,bd4a12b8ad7b,1,train,0,14261_R
14261,S,18,86,691,8ead98c3c4b0,1,train,0,14261_S
14261,T,19,76,612,cde6b8acc291,1,train,0,14261_T
14261,U,20,86,693,6eaef219714e,1,train,0,14261_U
14261,V,21,114,923,76a853315373,1,train,0,14261_V
14261,W,22,114,971,30ec0b9ffe16,1,train,0,14261_W
14261,X,23,171,1402,6d6aff3bcd1c,1,train,0,14261_X
14261,Y,24,139,1022,b3929fb18b18,1,train,0,14261_Y
14261,Z,25,141,1152,d3f72cce7251,1,train,0,14261_Z
14261,a,26,70,569,9328953d9ff7,1,train,0,14261_a
14261,b,27,83,651,61f8757b4cc4,1,train,0,14261_b
14261,c,28,48,405,e4aea9de85e5,1,train,0,14261_c
14261,d,29,112,934,f88b1379af1e,1,train,1,14261_d
14261,e,30,97,819,e2992cdb16df,1,train,0,14261_e
14261,f,31,52,451,57b22cb546a7,1,train,0,14261_f
14261,g,32,98,824,99910431daa7,1,train,0,14261_g
14261,h,33,138,1154,564e7a2b5c8b,1,train,0,14261_h
14261,i,34,105,903,0521529f6f40,1,train,0,14261_i
14261,j,35,67,580,784ee8c50039,1,train,0,14261_j
14261,k,36,81,653,41f5b7eee2ac,1,train,0,14261_k
14261,l,37,155,1304,10f58310fe24,1,train,0,14261_l
14261,m,38,114,960,f129ac2d024c,1,train,0,14261_m
14261,n,39,172,1492,c20b04be5c2e,1,train,0,14261_n
14261,o,40,122,1048,9ed910497e78,1,train,0,14261_o
14261,p,41,171,1443,3fb61fc9545b,1,train,0,14261_p
14261,q,42,145,1209,252de1f30348,1,train,0,14261_q
14261,r,43,93,759,47f47c040b98,1,train,0,14261_r
14261,s,44,44,371,c65aab80d703,1,train,0,14261_s
14266,A,0,114,911,419f2cb1e8bf,1,test,0,14266_A
14266,B,1,155,1241,60ca707627e0,1,test,0,14266_B
14266,C,2,207,1721,ec3a5c7e0aa3,1,test,0,14266_C
14266,D,3,429,3446,675eb8a47ec3,1,test,0,14266_D
14266,E,4,213,1655,6023b72a156c,1,test,0,14266_E
14266,F,5,431,3319,5f44e4348000,1,test,0,14266_F
14266,G,6,688,5279,a3dbeb238c27,1,test,0,14266_G
14266,H,7,317,2499,8767923ddaf7,1,test,0,14266_H
14266,I,8,176,1414,776739802a88,1,test,0,14266_I
14266,J,9,173,1327,c7c585f31ef2,1,test,0,14266_J
14266,K,10,97,735,65ed18b679e4,1,test,0,14266_K
14266,L,11,594,4682,5a2e88da5762,1,test,0,14266_L
14266,M,12,458,3644,c89d04dabb71,1,test,0,14266_M
14266,N,13,346,2723,a084cf5b0533,1,test,0,14266_N
14266,O,14,320,2589,7030f2f1ab14,1,test,0,14266_O
14266,P,15,341,2747,f7b85d736e97,1,test,0,14266_P
14266,Q,16,125,1016,3604227c495e,1,test,0,14266_Q
14266,R,17,95,730,bd4a12b8ad7b,1,test,0,14266_R
14266,S,18,82,663,6da04873f5f9,1,test,0,14266_S
14266,T,19,76,612,cde6b8acc291,1,test,0,14266_T
14266,U,20,86,693,6eaef219714e,1,test,0,14266_U
14266,V,21,112,911,16b62036a991,1,test,0,14266_V
14266,W,22,114,971,30ec0b9ffe16,1,test,0,14266_W
14266,X,23,171,1402,6d6aff3bcd1c,1,test,1,14266_X
14266,Y,24,139,1022,b3929fb18b18,1,test,0,14266_Y
14266,Z,25,140,1146,75398eecf3b1,1,test,0,14266_Z
14266,a,26,70,569,9328953d9ff7,1,test,0,14266_a
14266,b,27,83,651,61f8757b4cc4,1,test,0,14266_b
14266,c,28,48,405,e4aea9de85e5,1,test,0,14266_c
14266,d,29,112,934,f88b1379af1e,1,test,0,14266_d
14266,e,30,95,799,51217610405f,1,test,0,14266_e
14266,f,31,52,451,57b22cb546a7,1,test,0,14266_f
14266,g,32,98,824,99910431daa7,1,test,0,14266_g
14266,h,33,138,1154,564e7a2b5c8b,1,test,0,14266_h
14266,i,34,101,867,eec857a55215,1,test,0,14266_i
14266,j,35,67,580,784ee8c50039,1,test,0,14266_j
14266,k,36,80,647,335a09092545,1,test,0,14266_k
14266,l,37,155,1304,10f58310fe24,1,test,1,14266_l
14266,m,38,113,954,b82ee9fb7d0c,1,test,0,14266_m
14266,n,39,172,1492,c20b04be5c2e,1,test,0,14266_n
14266,o,40,120,1035,1b10a4b123d8,1,test,1,14266_o
14266,p,41,170,1435,5dd7f3cb26b9,1,test,0,14266_p
14266,q,42,144,1201,d6b1c6648a65,1,test,0,14266_q
14266,r,43,93,759,47f47c040b98,1,test,0,14266_r
14266,s,44,42,353,87df51b27ebe,1,test,0,14266_s
14272,A,0,100,804,2bacfb617440,1,test,0,14272_A
14272,B,1,154,1230,1974ec38778e,1,test,0,14272_B
14272,C,2,206,1714,af2df1f557d8,1,test,0,14272_C
14272,D,3,416,3350,292843cc0472,1,test,0,14272_D
14272,E,4,213,1655,6023b72a156c,1,test,0,14272_E
14272,F,5,430,3310,0274092386ca,1,test,0,14272_F
14272,G,6,688,5279,a3dbeb238c27,1,test,0,14272_G
14272,H,7,306,2415,08af5eff0392,1,test,0,14272_H
14272,I,8,176,1414,776739802a88,1,test,0,14272_I
14272,J,9,173,1327,c7c585f31ef2,1,test,0,14272_J
14272,K,10,96,729,a1280c6af595,1,test,1,14272_K
14272,L,11,605,4776,17ef827ab5cf,1,test,0,14272_L
14272,M,12,458,3644,c89d04dabb71,1,test,0,14272_M
14272,N,13,346,2723,a084cf5b0533,1,test,0,14272_N
14272,O,14,320,2589,7030f2f1ab14,1,test,0,14272_O
14272,P,15,294,2342,671079cbe286,1,test,0,14272_P
14272,Q,16,125,1016,3604227c495e,1,test,1,14272_Q
14272,R,17,95,730,bd4a12b8ad7b,1,test,0,14272_R
14272,S,18,86,691,8ead98c3c4b0,1,test,0,14272_S
14272,T,19,76,612,cde6b8acc291,1,test,0,14272_T
14272,U,20,84,681,f1bf2ef3b792,1,test,0,14272_U
14272,V,21,112,911,16b62036a991,1,test,0,14272_V
14272,W,22,114,971,30ec0b9ffe16,1,test,0,14272_W
14272,X,23,171,1402,6d6aff3bcd1c,1,test,0,14272_X
14272,Y,24,139,1022,b3929fb18b18,1,test,0,14272_Y
14272,Z,25,140,1146,75398eecf3b1,1,test,0,14272_Z
14272,a,26,69,561,243ee126350f,1,test,0,14272_a
14272,b,27,82,646,28128197b9c5,1,test,0,14272_b
14272,c,28,48,405,e4aea9de85e5,1,test,0,14272_c
14272,d,29,112,934,f88b1379af1e,1,test,0,14272_d
14272,e,30,95,799,51217610405f,1,test,0,14272_e
14272,f,31,51,444,2c07de6b3b1e,1,test,0,14272_f
14272,g,32,98,824,99910431daa7,1,test,0,14272_g
14272,h,33,138,1154,564e7a2b5c8b,1,test,0,14272_h
14272,i,34,102,875,afe5ebc6cf83,1,test,0,14272_i
14272,j,35,67,580,784ee8c50039,1,test,0,14272_j
14272,k,36,79,638,0e2960a6f307,1,test,1,14272_k
14272,l,37,155,1304,10f58310fe24,1,test,0,14272_l
14272,m,38,126,1050,27e2e171ed1c,1,test,0,14272_m
14272,n,39,171,1487,059af2f49920,1,test,0,14272_n
14272,o,40,121,1043,267c55d67656,1,test,0,14272_o
14272,p,41,170,1435,5dd7f3cb26b9,1,test,0,14272_p
14272,q,42,144,1201,d6b1c6648a65,1,test,0,14272_q
14272,r,43,93,759,47f47c040b98,1,test,0,14272_r
14272,s,44,43,364,b8134582af08,1,test,0,14272_s
14277,A,0,100,804,0c071ded6729,1,val,0,14277_A
14277,B,1,155,1241,60ca707627e0,1,val,0,14277_B
14277,C,2,206,1714,af2df1f557d8,1,val,0,14277_C
14277,D,3,420,3382,6e4dca77c9a3,1,val,0,14277_D
14277,E,4,213,1655,6023b72a156c,1,val,0,14277_E
14277,F,5,430,3310,0274092386ca,1,val,0,14277_F
14277,G,6,688,5279,a3dbeb238c27,1,val,0,14277_G
14277,H,7,311,2452,590496aa84d7,1,val,0,14277_H
14277,I,8,176,1414,776739802a88,1,val,0,14277_I
14277,J,9,173,1327,c7c585f31ef2,1,val,0,14277_J
14277,K,10,96,729,a1280c6af595,1,val,0,14277_K
14277,L,11,605,4774,17ef827ab5cf,1,val,0,14277_L
14277,M,12,458,3644,c89d04dabb71,1,val,0,14277_M
14277,N,13,346,2723,a084cf5b0533,1,val,1,14277_N
14277,O,14,320,2589,7030f2f1ab14,1,val,0,14277_O
14277,P,15,289,2298,3163512f7a18,1,val,0,14277_P
14277,Q,16,125,1016,3604227c495e,1,val,0,14277_Q
14277,R,17,94,720,214952dccd22,1,val,0,14277_R
14277,S,18,82,663,6da04873f5f9,1,val,0,14277_S
14277,T,19,76,612,cde6b8acc291,1,val,0,14277_T
14277,U,20,84,681,f1bf2ef3b792,1,val,0,14277_U
14277,V,21,112,911,16b62036a991,1,val,0,14277_V
14277,W,22,114,971,30ec0b9ffe16,1,val,0,14277_W
14277,X,23,171,1402,6d6aff3bcd1c,1,val,0,14277_X
14277,Y,24,139,1022,b3929fb18b18,1,val,0,14277_Y
14277,Z,25,141,1152,d3f72cce7251,1,val,0,14277_Z
14277,a,26,69,561,243ee126350f,1,val,0,14277_a
14277,b,27,83,651,61f8757b4cc4,1,val,0,14277_b
14277,c,28,48,405,e4aea9de85e5,1,val,0,14277_c
14277,d,29,112,934,f88b1379af1e,1,val,0,14277_d
14277,e,30,95,799,51217610405f,1,val,0,14277_e
14277,f,31,51,444,2c07de6b3b1e,1,val,0,14277_f
14277,g,32,97,813,7a15e7350a00,1,val,0,14277_g
14277,h,33,138,1154,564e7a2b5c8b,1,val,0,14277_h
14277,i,34,102,875,afe5ebc6cf83,1,val,0,14277_i
14277,j,35,67,580,784ee8c50039,1,val,0,14277_j
14277,k,36,79,638,0e2960a6f307,1,val,0,14277_k
14277,l,37,155,1304,10f58310fe24,1,val,0,14277_l
14277,m,38,126,1050,27e2e171ed1c,1,val,0,14277_m
14277,n,39,171,1487,059af2f49920,1,val,0,14277_n
14277,o,40,121,1043,267c55d67656,1,val,0,14277_o
14277,p,41,170,1435,5dd7f3cb26b9,1,val,0,14277_p
14277,q,42,145,1209,252de1f30348,1,val,0,14277_q
14277,r,43,93,759,47f47c040b98,1,val,0,14277_r
14277,s,44,43,364,b8134582af08,1,val,0,14277_s
14282,A,0,99,798,356dc55cd6e7,1,test,0,14282_A
14282,B,1,154,1230,1974ec38778e,1,test,0,14282_B
14282,C,2,206,1714,af2df1f557d8,1,test,0,14282_C
14282,D,3,414,3334,cb90889dc227,1,test,1,14282_D
14282,E,4,212,1650,271c49eff029,1,test,1,14282_E
14282,F,5,429,3301,a2b38be586a9,1,test,0,14282_F
14282,G,6,688,5279,a3dbeb238c27,1,test,0,14282_G
14282,H,7,306,2412,06a24235c8d5,1,test,0,14282_H
14282,I,8,176,1414,776739802a88,1,test,0,14282_I
14282,J,9,173,1327,c7c585f31ef2,1,test,0,14282_J
14282,K,10,97,735,65ed18b679e4,1,test,0,14282_K
14282,L,11,605,4774,17ef827ab5cf,1,test,0,14282_L
14282,M,12,458,3644,c89d04dabb71,1,test,0,14282_M
14282,N,13,346,2723,a084cf5b0533,1,test,0,14282_N
14282,O,14,320,2589,7030f2f1ab14,1,test,0,14282_O
14282,P,15,290,2309,1aa2e7753e51,1,test,0,14282_P
14282,Q,16,125,1016,3604227c495e,1,test,0,14282_Q
14282,R,17,94,720,214952dccd22,1,test,0,14282_R
14282,S,18,85,683,037a742957bd,1,test,0,14282_S
14282,T,19,76,612,cde6b8acc291,1,test,0,14282_T
14282,U,20,84,681,f1bf2ef3b792,1,test,0,14282_U
14282,V,21,112,911,16b62036a991,1,test,0,14282_V
14282,W,22,114,971,30ec0b9ffe16,1,test,0,14282_W
14282,X,23,171,1402,6d6aff3bcd1c,1,test,0,14282_X
14282,Y,24,139,1022,b3929fb18b18,1,test,0,14282_Y
14282,Z,25,140,1146,75398eecf3b1,1,test,0,14282_Z
14282,a,26,69,561,243ee126350f,1,test,0,14282_a
14282,b,27,83,651,61f8757b4cc4,1,test,0,14282_b
14282,c,28,48,405,e4aea9de85e5,1,test,0,14282_c
14282,d,29,111,929,2314ab25c504,1,test,0,14282_d
14282,e,30,95,799,51217610405f,1,test,0,14282_e
14282,f,31,51,444,2c07de6b3b1e,1,test,0,14282_f
14282,g,32,98,824,99910431daa7,1,test,0,14282_g
14282,h,33,138,1154,564e7a2b5c8b,1,test,0,14282_h
14282,i,34,102,875,afe5ebc6cf83,1,test,0,14282_i
14282,j,35,67,580,784ee8c50039,1,test,1,14282_j
14282,k,36,79,638,0e2960a6f307,1,test,0,14282_k
14282,l,37,155,1304,10f58310fe24,1,test,0,14282_l
14282,m,38,126,1050,27e2e171ed1c,1,test,0,14282_m
14282,n,39,171,1487,059af2f49920,1,test,0,14282_n
14282,o,40,121,1043,267c55d67656,1,test,0,14282_o
14282,p,41,170,1435,5dd7f3cb26b9,1,test,0,14282_p
14282,q,42,145,1209,252de1f30348,1,test,0,14282_q
14282,r,43,93,759,47f47c040b98,1,test,0,14282_r
14282,s,44,43,364,b8134582af08,1,test,0,14282_s
14292,A,0,98,789,8eaeba7819c1,1,train,0,14292_A
14292,B,1,154,1230,1974ec38778e,1,train,0,14292_B
14292,C,2,206,1714,af2df1f557d8,1,train,0,14292_C
14292,D,3,411,3314,35f803bf2bda,1,train,0,14292_D
14292,E,4,212,1650,271c49eff029,1,train,0,14292_E
14292,F,5,429,3301,a2b38be586a9,1,train,0,14292_F
14292,G,6,688,5279,a3dbeb238c27,1,train,0,14292_G
14292,H,7,307,2418,949aa6e3f172,1,train,0,14292_H
14292,I,8,176,1414,776739802a88,1,train,0,14292_I
14292,J,9,173,1327,c7c585f31ef2,1,train,0,14292_J
14292,K,10,96,729,a1280c6af595,1,train,0,14292_K
14292,L,11,603,4755,f88d0b293f71,1,train,0,14292_L
14292,M,12,458,3644,c89d04dabb71,1,train,0,14292_M
14292,N,13,346,2723,a084cf5b0533,1,train,0,14292_N
14292,O,14,320,2589,7030f2f1ab14,1,train,0,14292_O
14292,P,15,292,2323,4e9c4560c1df,1,train,0,14292_P
14292,Q,16,125,1016,3604227c495e,1,train,0,14292_Q
14292,R,17,95,730,bd4a12b8ad7b,1,train,0,14292_R
14292,S,18,83,669,bacad459170e,1,train,0,14292_S
14292,T,19,76,612,cde6b8acc291,1,train,0,14292_T
14292,U,20,84,681,f1bf2ef3b792,1,train,0,14292_U
14292,V,21,112,911,16b62036a991,1,train,1,14292_V
14292,W,22,114,971,30ec0b9ffe16,1,train,0,14292_W
14292,X,23,171,1402,6d6aff3bcd1c,1,train,0,14292_X
14292,Y,24,139,1022,b3929fb18b18,1,train,0,14292_Y
14292,Z,25,141,1152,d3f72cce7251,1,train,0,14292_Z
14292,a,26,69,561,243ee126350f,1,train,0,14292_a
14292,b,27,82,646,28128197b9c5,1,train,0,14292_b
14292,c,28,48,405,e4aea9de85e5,1,train,0,14292_c
14292,d,29,112,934,f88b1379af1e,1,train,0,14292_d
14292,e,30,95,799,51217610405f,1,train,0,14292_e
14292,f,31,51,444,2c07de6b3b1e,1,train,0,14292_f
14292,g,32,97,813,7a15e7350a00,1,train,0,14292_g
14292,h,33,138,1154,564e7a2b5c8b,1,train,0,14292_h
14292,i,34,102,875,afe5ebc6cf83,1,train,0,14292_i
14292,j,35,67,580,784ee8c50039,1,train,0,14292_j
14292,k,36,79,638,0e2960a6f307,1,train,0,14292_k
14292,l,37,155,1304,10f58310fe24,1,train,0,14292_l
14292,m,38,113,948,119ac23594fc,1,train,0,14292_m
14292,n,39,171,1487,059af2f49920,1,train,0,14292_n
14292,o,40,121,1043,267c55d67656,1,train,0,14292_o
14292,p,41,170,1435,5dd7f3cb26b9,1,train,0,14292_p
14292,q,42,144,1201,d6b1c6648a65,1,train,1,14292_q
14292,r,43,93,759,47f47c040b98,1,train,0,14292_r
14292,s,44,42,353,87df51b27ebe,1,train,0,14292_s
14297,A,0,98,789,8eaeba7819c1,1,test,0,14297_A
14297,B,1,154,1230,1974ec38778e,1,test,1,14297_B
14297,C,2,206,1714,af2df1f557d8,1,test,0,14297_C
14297,D,3,415,3349,05c44cee19c4,1,test,0,14297_D
14297,E,4,213,1655,6023b72a156c,1,test,0,14297_E
14297,F,5,429,3301,a2b38be586a9,1,test,0,14297_F
14297,G,6,688,5279,a3dbeb238c27,1,test,0,14297_G
14297,H,7,308,2430,67e2b330eae1,1,test,0,14297_H
14297,I,8,176,1414,776739802a88,1,test,0,14297_I
14297,J,9,173,1327,c7c585f31ef2,1,test,0,14297_J
14297,K,10,95,720,43f6b920d5d8,1,test,0,14297_K
14297,L,11,591,4685,48feb8a3d022,1,test,0,14297_L
14297,M,12,458,3644,c89d04dabb71,1,test,0,14297_M
14297,N,13,346,2723,a084cf5b0533,1,test,0,14297_N
14297,O,14,320,2589,7030f2f1ab14,1,test,0,14297_O
14297,P,15,290,2305,58354c7ef347,1,test,0,14297_P
14297,Q,16,125,1016,3604227c495e,1,test,0,14297_Q
14297,R,17,94,720,214952dccd22,1,test,0,14297_R
14297,S,18,83,669,bacad459170e,1,test,0,14297_S
14297,T,19,76,612,cde6b8acc291,1,test,0,14297_T
14297,U,20,84,681,f1bf2ef3b792,1,test,0,14297_U
14297,V,21,112,911,16b62036a991,1,test,0,14297_V
14297,W,22,114,971,30ec0b9ffe16,1,test,0,14297_W
14297,X,23,171,1402,6d6aff3bcd1c,1,test,0,14297_X
14297,Y,24,139,1022,b3929fb18b18,1,test,0,14297_Y
14297,Z,25,141,1152,d3f72cce7251,1,test,0,14297_Z
14297,a,26,69,561,243ee126350f,1,test,0,14297_a
14297,b,27,83,651,61f8757b4cc4,1,test,0,14297_b
14297,c,28,48,405,e4aea9de85e5,1,test,0,14297_c
14297,d,29,112,934,f88b1379af1e,1,test,0,14297_d
14297,e,30,95,799,51217610405f,1,test,0,14297_e
14297,f,31,51,444,2c07de6b3b1e,1,test,0,14297_f
14297,g,32,97,813,7a15e7350a00,1,test,1,14297_g
14297,h,33,138,1154,564e7a2b5c8b,1,test,1,14297_h
14297,i,34,102,875,afe5ebc6cf83,1,test,0,14297_i
14297,j,35,67,580,784ee8c50039,1,test,0,14297_j
14297,k,36,79,638,0e2960a6f307,1,test,0,14297_k
14297,l,37,155,1304,10f58310fe24,1,test,0,14297_l
14297,m,38,108,908,353105151c70,1,test,0,14297_m
14297,n,39,171,1487,059af2f49920,1,test,0,14297_n
14297,o,40,121,1043,267c55d67656,1,test,0,14297_o
14297,p,41,170,1435,5dd7f3cb26b9,1,test,0,14297_p
14297,q,42,144,1201,d6b1c6648a65,1,test,0,14297_q
14297,r,43,93,759,47f47c040b98,1,test,0,14297_r
14297,s,44,43,364,b8134582af08,1,test,0,14297_s
14302,A,0,94,759,df2f552e31d3,1,train,0,14302_A
14302,B,1,154,1230,1974ec38778e,1,train,0,14302_B
14302,C,2,206,1714,af2df1f557d8,1,train,1,14302_C
14302,D,3,385,3082,e2525ffc435f,1,train,0,14302_D
14302,E,4,213,1655,6023b72a156c,1,train,0,14302_E
14302,F,5,429,3301,a2b38be586a9,1,train,0,14302_F
14302,G,6,688,5279,a3dbeb238c27,1,train,0,14302_G
14302,H,7,317,2499,8767923ddaf7,1,train,0,14302_H
14302,I,8,176,1414,776739802a88,1,train,0,14302_I
14302,J,9,119,877,b5bae5dc07f8,1,train,0,14302_J
14302,K,10,97,735,65ed18b679e4,1,train,0,14302_K
14302,L,11,546,4302,bc09d96c537a,1,train,0,14302_L
14302,M,12,452,3596,f286f72753e0,1,train,0,14302_M
14302,N,13,346,2723,a084cf5b0533,1,train,0,14302_N
14302,O,14,320,2589,7030f2f1ab14,1,train,0,14302_O
14302,P,15,288,2289,58a1d9b9b6bd,1,train,0,14302_P
14302,Q,16,125,1016,3604227c495e,1,train,1,14302_Q
14302,R,17,94,720,214952dccd22,1,train,0,14302_R
14302,S,18,82,663,6da04873f5f9,1,train,0,14302_S
14302,T,19,72,584,9e242a10c6ae,1,train,0,14302_T
14302,U,20,84,681,f1bf2ef3b792,1,train,0,14302_U
14302,V,21,111,903,935971f29ec4,1,train,0,14302_V
14302,W,22,114,971,30ec0b9ffe16,1,train,0,14302_W
14302,X,23,171,1402,6d6aff3bcd1c,1,train,0,14302_X
14302,Y,24,20,154,667b4b4749d6,1,train,0,14302_Y
14302,Z,25,141,1152,d3f72cce7251,1,train,0,14302_Z
14302,a,26,69,561,243ee126350f,1,train,0,14302_a
14302,b,27,83,651,61f8757b4cc4,1,train,0,14302_b
14302,c,28,48,405,e4aea9de85e5,1,train,0,14302_c
14302,d,29,112,934,f88b1379af1e,1,train,0,14302_d
14302,e,30,95,799,51217610405f,1,train,0,14302_e
14302,f,31,52,451,57b22cb546a7,1,train,0,14302_f
14302,g,32,88,733,44c74fd1f843,1,train,0,14302_g
14302,h,33,138,1154,564e7a2b5c8b,1,train,0,14302_h
14302,i,34,102,875,afe5ebc6cf83,1,train,0,14302_i
14302,j,35,67,580,784ee8c50039,1,train,0,14302_j
14302,k,36,79,638,0e2960a6f307,1,train,0,14302_k
14302,l,37,155,1304,10f58310fe24,1,train,0,14302_l
14302,m,38,108,908,353105151c70,1,train,0,14302_m
14302,n,39,171,1487,059af2f49920,1,train,0,14302_n
14302,o,40,119,1027,eeb483f12cb6,1,train,0,14302_o
14302,p,41,170,1435,5dd7f3cb26b9,1,train,0,14302_p
14302,q,42,143,1192,2eee236509b8,1,train,0,14302_q
14302,r,43,93,759,47f47c040b98,1,train,0,14302_r
14302,s,44,43,364,b8134582af08,1,train,0,14302_s
14307,A,0,92,738,90bf13d9f190,1,train,0,14307_A
14307,B,1,154,1230,1974ec38778e,1,train,0,14307_B
14307,C,2,206,1714,af2df1f557d8,1,train,0,14307_C
14307,D,3,385,3082,e2525ffc435f,1,train,0,14307_D
14307,E,4,213,1655,6023b72a156c,1,train,0,14307_E
14307,F,5,430,3310,0274092386ca,1,train,0,14307_F
14307,G,6,688,5279,a3dbeb238c27,1,train,0,14307_G
14307,H,7,312,2458,6d24d8c420be,1,train,1,14307_H
14307,I,8,176,1414,776739802a88,1,train,0,14307_I
14307,J,9,127,946,191ee2206ced,1,train,0,14307_J
14307,K,10,97,735,65ed18b679e4,1,train,0,14307_K
14307,L,11,546,4308,bc09d96c537a,1,train,0,14307_L
14307,M,12,458,3622,c89d04dabb71,1,train,0,14307_M
14307,N,13,346,2723,a084cf5b0533,1,train,0,14307_N
14307,O,14,320,2589,7030f2f1ab14,1,train,0,14307_O
14307,P,15,288,2289,58a1d9b9b6bd,1,train,0,14307_P
14307,Q,16,125,1016,3604227c495e,1,train,0,14307_Q
14307,R,17,94,720,214952dccd22,1,train,0,14307_R
14307,S,18,82,663,6da04873f5f9,1,train,0,14307_S
14307,T,19,76,612,cde6b8acc291,1,train,0,14307_T
14307,U,20,84,681,f1bf2ef3b792,1,train,0,14307_U
14307,V,21,112,911,16b62036a991,1,train,0,14307_V
14307,W,22,114,971,30ec0b9ffe16,1,train,0,14307_W
14307,X,23,171,1402,6d6aff3bcd1c,1,train,0,14307_X
14307,Y,24,20,154,667b4b4749d6,1,train,0,14307_Y
14307,Z,25,140,1145,224e8ae039a7,1,train,0,14307_Z
14307,a,26,69,561,243ee126350f,1,train,0,14307_a
14307,b,27,83,651,61f8757b4cc4,1,train,0,14307_b
14307,c,28,48,405,e4aea9de85e5,1,train,0,14307_c
14307,d,29,112,934,f88b1379af1e,1,train,0,14307_d
14307,e,30,95,799,51217610405f,1,train,0,14307_e
14307,f,31,52,451,57b22cb546a7,1,train,0,14307_f
14307,g,32,88,733,44c74fd1f843,1,train,0,14307_g
14307,h,33,138,1154,564e7a2b5c8b,1,train,0,14307_h
14307,i,34,103,883,2eddf09b8bd5,1,train,0,14307_i
14307,j,35,67,580,784ee8c50039,1,train,0,14307_j
14307,k,36,79,638,0e2960a6f307,1,train,0,14307_k
14307,l,37,155,1304,10f58310fe24,1,train,0,14307_l
14307,m,38,108,908,353105151c70,1,train,1,14307_m
14307,n,39,171,1487,059af2f49920,1,train,0,14307_n
14307,o,40,120,1035,1b10a4b123d8,1,train,0,14307_o
14307,p,41,170,1435,5dd7f3cb26b9,1,train,0,14307_p
14307,q,42,143,1192,2eee236509b8,1,train,0,14307_q
14307,r,43,93,759,47f47c040b98,1,train,0,14307_r
14307,s,44,43,364,b8134582af08,1,train,0,14307_s
14317,A,0,205,1614,238d8ee199f6,1,val,0,14317_A
14317,B,1,210,1711,4fe2797425ba,1,val,0,14317_B
14317,C,2,219,1700,6ff0702a6db9,1,val,0,14317_C
14317,D,3,224,1745,3704d5724c44,1,val,0,14317_D
14317,E,4,257,2041,9f5e0eb88ee3,1,val,0,14317_E
14317,F,5,182,1445,6bde2d2ba5b5,1,val,0,14317_F
14317,G,6,227,1840,e3f7185e3e7a,1,val,0,14317_G
14317,H,7,184,1477,053d012784ed,1,val,0,14317_H
14317,I,8,205,1682,fbea195b77ee,1,val,0,14317_I
14317,J,9,185,1525,b53c168820b1,1,val,0,14317_J
14317,K,10,97,816,df1b3d7505bb,1,val,0,14317_K
14317,L,11,141,1157,810cb6160816,1,val,0,14317_L
14317,M,12,104,790,972fcada9c27,1,val,0,14317_M
14317,N,13,150,1208,d5901649de7b,1,val,1,14317_N
14317,O,14,126,949,c7fc12e92a04,1,val,0,14317_O
14317,P,15,123,1005,75dc9def5698,1,val,0,14317_P
14317,Q,16,139,1105,0c878f996db3,1,val,0,14317_Q
14317,R,17,131,1064,733943478499,1,val,0,14317_R
14317,S,18,143,1184,83e2b19ba899,1,val,0,14317_S
14317,T,19,143,1112,357aefc129d2,1,val,0,14317_T
14317,U,20,103,817,bc24dfb529fb,1,val,0,14317_U
14317,V,21,82,628,3b0e9ae064ce,1,val,0,14317_V
14317,W,22,129,1034,41a8986a004d,1,val,0,14317_W
14317,X,23,139,1080,7a23d47e526e,1,val,0,14317_X
14317,Y,24,122,1002,c4ac219390ea,1,val,1,14317_Y
14317,Z,25,72,570,fd7600b0ae5f,1,val,0,14317_Z
14317,a,26,99,792,fde6b0af66d8,1,val,0,14317_a
14317,b,27,82,640,cea9b78434d6,1,val,0,14317_b
14317,c,28,59,464,336bb00f4654,1,val,0,14317_c
14317,d,29,55,459,5096f80ca211,1,val,0,14317_d
14317,e,30,55,438,9d1e1f5d08ef,1,val,0,14317_e
14317,f,31,64,522,9bc23d5c6fb1,1,val,0,14317_f
14317,g,32,312,2429,b0da64cd9a10,1,val,0,14317_g
14317,n,33,20,193,bf55201806cb,1,val,0,14317_n
14334,A,0,99,799,e1915dc48de4,1,train,0,14334_A
14334,B,1,78,622,065c0bc5516d,1,train,0,14334_B
14334,C,2,98,755,0fdc40f17aed,1,train,0,14334_C
14334,D,3,92,719,8007dcf94f45,2,train,1,14334_D
14334,E,4,94,770,5ff7553a781e,1,train,0,14334_E
14334,F,5,80,641,b626d5fe0e55,1,train,0,14334_F
14334,G,6,103,784,b6540d1f8446,1,train,0,14334_G
14334,H,3,92,719,8007dcf94f45,2,train,0,14334_H
14334,K,7,21,178,e8b42bcb1aee,1,train,0,14334_K
14334,L,8,22,185,87277208b154,1,train,0,14334_L
14336,H,0,204,1652,592cbe312112,1,val,0,14336_H
14336,I,1,622,5014,6bcc41409c41,1,val,0,14336_I
14336,K,2,233,1922,27368112a621,1,val,0,14336_K
14336,L,3,312,2502,0fdc56da8dbe,1,val,1,14336_L
14336,M,4,172,1325,2a63c88a1bfd,1,val,0,14336_M
14336,N,5,318,2613,709e344c7ea6,1,val,0,14336_N
14336,O,6,210,1642,a2de7d57ff12,1,val,0,14336_O
14336,P,7,224,1788,5aeb27079706,1,val,0,14336_P
14336,Q,8,191,1526,7f6eab9fa55a,1,val,0,14336_Q
14336,R,9,80,649,d5cad1d77100,1,val,0,14336_R
14336,S,10,120,982,91fd54215147,1,val,0,14336_S
14336,T,11,112,915,5132fd75d4fb,1,val,0,14336_T
14336,U,12,166,1365,264b25fab35f,1,val,0,14336_U
14336,W,13,88,704,5639b0ca82a9,1,val,0,14336_W
14336,X,14,74,590,e3f46b9ecbf4,1,val,0,14336_X
14403,A,0,381,3010,71af76470d57,1,train,0,14403_A
14403,B,1,368,2897,5c5e8ccb127a,1,train,0,14403_B
14403,C,2,374,2916,546f3bfef728,1,train,1,14403_C
14403,D,3,374,2914,2e5b71e66c6f,1,train,0,14403_D
14440,A,0,355,2892,ab744fa98b79,1,test,0,14440_A
14440,B,1,373,3018,1ce4d6d44faf,1,test,0,14440_B
14440,C,2,376,3046,76c746db6b52,1,test,0,14440_C
14440,D,3,328,2669,6452c0e2d81d,1,test,0,14440_D
14440,E,4,361,2945,226d8cd78e48,1,test,1,14440_E
14440,F,5,60,471,139fb201fba0,2,test,0,14440_F
14440,G,5,60,471,139fb201fba0,2,test,0,14440_G
14453,A,0,276,2235,ad9b1058ce3f,2,train,1,14453_A
14453,B,1,203,1639,97bcd7a6e29e,2,train,0,14453_B
14453,C,2,262,2130,31e455e8147d,2,train,0,14453_C
14453,D,3,252,2051,6fa288f7b190,2,train,0,14453_D
14453,E,4,260,2116,eae547dfdb62,2,train,0,14453_E
14453,F,5,261,2115,f80ca6ce580e,2,train,0,14453_F
14453,G,6,203,1647,5f1e8771d5c3,2,train,0,14453_G
14453,H,7,217,1761,77a318f43706,2,train,0,14453_H
14453,I,0,276,2235,ad9b1058ce3f,2,train,0,14453_I
14453,J,1,203,1639,97bcd7a6e29e,2,train,0,14453_J
14453,K,2,262,2130,31e455e8147d,2,train,0,14453_K
14453,L,3,252,2051,6fa288f7b190,2,train,0,14453_L
14453,M,4,260,2116,eae547dfdb62,2,train,0,14453_M
14453,N,5,261,2115,f80ca6ce580e,2,train,0,14453_N
14453,O,6,203,1647,5f1e8771d5c3,2,train,0,14453_O
14453,P,7,217,1761,77a318f43706,2,train,0,14453_P
14453,Q,8,81,667,915f2c310889,1,train,0,14453_Q
14453,R,9,82,674,44eb2051b0a0,1,train,0,14453_R
14454,0,0,77,625,29a1aee1fff6,1,val,0,14454_0
14454,1,1,61,495,83f5ed01a64c,1,val,0,14454_1
14454,2,2,57,439,694b7a1fc791,1,val,0,14454_2
14454,3,3,55,434,68061776dea7,1,val,0,14454_3
14454,4,4,50,409,025d457889a6,1,val,0,14454_4
14454,6,5,46,377,917fd91fa1d1,1,val,0,14454_6
14454,7,6,64,504,e262703728ed,1,val,0,14454_7
14454,8,7,38,301,43ab24acc3be,1,val,0,14454_8
14454,c,8,271,2082,dc0ca816fa2a,1,val,1,14454_c
14454,d,9,209,1565,3949dea42f5c,1,val,0,14454_d
14454,e,10,201,1552,59baeb04bdd4,1,val,0,14454_e
14454,f,11,177,1410,020a5720fed5,1,val,0,14454_f
14454,g,12,176,1323,77e24bd37b87,1,val,0,14454_g
14454,h,13,39,287,a5efe226925d,1,val,0,14454_h
14454,j,14,142,1129,cfbedf730201,1,val,0,14454_j
14454,k,15,122,938,217b4e1f5707,1,val,0,14454_k
14454,l,16,143,1043,d613c17e8acb,1,val,0,14454_l
14454,m,17,136,1074,6334c138321d,1,val,1,14454_m
14454,n,18,120,960,3de31a0153bf,1,val,0,14454_n
14454,o,19,116,892,cbc8767a2cdc,1,val,0,14454_o
14454,p,20,113,908,bfcc44e5fcc9,1,val,0,14454_p
14454,q,21,117,947,6b8dfeb549bf,1,val,0,14454_q
14454,r,22,102,810,6ccc6560a835,1,val,0,14454_r
14454,s,23,109,845,b72dd5b450b3,1,val,0,14454_s
14454,t,24,101,793,1d6fc2dddaff,1,val,0,14454_t
14454,u,25,102,779,b52fee32a842,1,val,0,14454_u
14454,w,26,94,753,f168559556cf,1,val,0,14454_w
14454,y,27,82,619,0cd64dad570f,1,val,1,14454_y
14454,z,28,33,277,9420f83de0a8,1,val,0,14454_z
14473,A,0,636,5158,8a9434ffd1e4,1,train,1,14473_A
14473,B,1,638,5173,b973299d5800,1,train,0,14473_B
14473,C,2,193,1564,6b7343258ed5,1,train,0,14473_C
14473,D,3,272,2289,bb1c4a7d1a95,1,train,0,14473_D
14484,A,0,347,2685,3d60d1aa4723,12,train,1,14484_A
14484,B,0,347,2685,3d60d1aa4723,12,train,0,14484_B
14484,C,1,344,2663,a1e1a34b7d7c,4,train,0,14484_C
14484,D,0,347,2685,3d60d1aa4723,12,train,0,14484_D
14484,E,2,346,2677,66cab7e8b2b9,4,train,0,14484_E
14484,F,3,346,2676,270d4c02638e,4,train,0,14484_F
14484,G,0,347,2685,3d60d1aa4723,12,train,0,14484_G
14484,H,0,347,2685,3d60d1aa4723,12,train,0,14484_H
14484,I,0,347,2685,3d60d1aa4723,12,train,0,14484_I
14484,J,0,347,2685,3d60d1aa4723,12,train,0,14484_J
14484,K,0,347,2685,3d60d1aa4723,12,train,0,14484_K
14484,L,0,347,2685,3d60d1aa4723,12,train,0,14484_L
14484,M,1,344,2663,a1e1a34b7d7c,4,train,0,14484_M
14484,N,1,344,2663,a1e1a34b7d7c,4,train,0,14484_N
14484,O,1,344,2663,a1e1a34b7d7c,4,train,0,14484_O
14484,P,0,347,2685,3d60d1aa4723,12,train,0,14484_P
14484,Q,0,347,2685,3d60d1aa4723,12,train,0,14484_Q
14484,R,0,347,2685,3d60d1aa4723,12,train,0,14484_R
14484,S,2,346,2677,66cab7e8b2b9,4,train,0,14484_S
14484,T,2,346,2677,66cab7e8b2b9,4,train,0,14484_T
14484,U,2,346,2677,66cab7e8b2b9,4,train,0,14484_U
14484,V,3,346,2676,270d4c02638e,4,train,0,14484_V
14484,W,3,346,2676,270d4c02638e,4,train,0,14484_W
14484,X,3,346,2676,270d4c02638e,4,train,0,14484_X
14509,1,0,109,886,043499ca06de,6,train,1,14509_1
14509,2,0,109,886,043499ca06de,6,train,0,14509_2
14509,3,0,109,886,043499ca06de,6,train,0,14509_3
14509,4,0,109,886,043499ca06de,6,train,0,14509_4
14509,5,0,109,886,043499ca06de,6,train,0,14509_5
14509,6,0,109,886,043499ca06de,6,train,0,14509_6
14509,A,1,447,3622,c0ed2f8d77eb,12,train,0,14509_A
14509,B,1,447,3622,c0ed2f8d77eb,12,train,0,14509_B
14509,C,1,447,3622,c0ed2f8d77eb,12,train,0,14509_C
14509,D,1,447,3622,c0ed2f8d77eb,12,train,0,14509_D
14509,E,1,447,3622,c0ed2f8d77eb,12,train,0,14509_E
14509,F,1,447,3622,c0ed2f8d77eb,12,train,0,14509_F
14509,G,1,447,3622,c0ed2f8d77eb,12,train,0,14509_G
14509,H,1,447,3622,c0ed2f8d77eb,12,train,0,14509_H
14509,I,1,447,3622,c0ed2f8d77eb,12,train,0,14509_I
14509,J,1,447,3622,c0ed2f8d77eb,12,train,0,14509_J
14509,K,1,447,3622,c0ed2f8d77eb,12,train,0,14509_K
14509,L,1,447,3622,c0ed2f8d77eb,12,train,0,14509_L
14509,a,2,102,813,fab8d3a827f2,12,train,0,14509_a
14509,b,2,102,813,fab8d3a827f2,12,train,0,14509_b
14509,c,2,102,813,fab8d3a827f2,12,train,0,14509_c
14509,d,2,102,813,fab8d3a827f2,12,train,0,14509_d
14509,e,2,102,813,fab8d3a827f2,12,train,0,14509_e
14509,f,2,102,813,fab8d3a827f2,12,train,0,14509_f
14509,g,2,102,813,fab8d3a827f2,12,train,0,14509_g
14509,h,2,102,813,fab8d3a827f2,12,train,0,14509_h
14509,i,2,102,813,fab8d3a827f2,12,train,0,14509_i
14509,j,2,102,813,fab8d3a827f2,12,train,0,14509_j
14509,k,2,102,813,fab8d3a827f2,12,train,0,14509_k
14509,l,2,102,813,fab8d3a827f2,12,train,0,14509_l
14527,A,0,247,1911,60eef59baa36,1,train,0,14527_A
14527,B,1,260,2049,a8da0e36189a,1,train,0,14527_B
14527,C,2,273,2171,27a4240841c3,1,train,1,14527_C
14527,D,3,324,2499,d8377c490837,1,train,0,14527_D
14527,E,4,338,2671,81c0d9c16646,1,train,0,14527_E
14527,F,5,315,2480,e0529eec84bb,1,train,0,14527_F
14527,G,6,317,2523,30bc79018cda,1,train,0,14527_G
14527,K,7,439,3518,c3b4694bfe3b,1,train,0,14527_K
14528,A,0,667,5344,269b5383423b,1,train,0,14528_A
14528,B,1,123,954,f9f29cb33f06,1,train,0,14528_B
14528,C,2,121,943,02e0e5d4ca69,2,train,0,14528_C
14528,D,3,119,970,88d12138957b,1,train,1,14528_D
14528,E,4,359,2798,9447a81902a4,4,train,0,14528_E
14528,F,4,359,2798,9447a81902a4,4,train,0,14528_F
14528,G,4,359,2798,9447a81902a4,4,train,0,14528_G
14528,H,5,358,2790,58b29a6c853e,1,train,0,14528_H
14528,I,4,359,2798,9447a81902a4,4,train,0,14528_I
14528,J,6,357,2783,8831a8858d3b,1,train,0,14528_J
14528,a,7,654,5230,2131fa8cf942,1,train,0,14528_a
14528,c,2,121,943,02e0e5d4ca69,2,train,0,14528_c
14535,A,0,113,894,3019521b4fe0,1,train,0,14535_A
14535,B,1,208,1656,2fee3607c410,1,train,0,14535_B
14535,C,2,586,4736,1e81e9979163,1,train,0,14535_C
14535,E,3,156,1220,9704489f2711,1,train,0,14535_E
14535,F,4,439,3407,a80b680ef13d,1,train,0,14535_F
14535,G,5,905,7027,eee8b21b816d,1,train,0,14535_G
14535,H,6,322,2529,5c6fbf182f1f,1,train,0,14535_H
14535,I,7,180,1436,a658fc686fea,1,train,1,14535_I
14535,J,8,162,1226,c18d2f471a2a,1,train,0,14535_J
14535,K,9,100,760,973b275ba2f7,1,train,0,14535_K
14535,L,10,605,4627,1308fd7e70d4,1,train,0,14535_L
14535,M,11,504,3953,6e1e81f253d5,1,train,0,14535_M
14535,N,12,470,3563,a5d5a17f19c6,1,train,0,14535_N
14537,A,0,101,800,2dab1f46e314,1,train,0,14537_A
14537,B,1,198,1568,14ae91152aa7,1,train,0,14537_B
14537,C,2,587,4734,9bb59b3ed6bc,1,train,1,14537_C
14537,E,3,156,1220,9704489f2711,1,train,0,14537_E
14537,F,4,439,3407,a80b680ef13d,1,train,0,14537_F
14537,G,5,905,7027,eee8b21b816d,1,train,0,14537_G
14537,H,6,314,2474,d22d4930986c,1,train,0,14537_H
14537,I,7,180,1436,a658fc686fea,1,train,0,14537_I
14537,J,8,162,1226,c18d2f471a2a,1,train,0,14537_J
14537,K,9,100,760,973b275ba2f7,1,train,0,14537_K
14537,L,10,605,4627,1308fd7e70d4,1,train,0,14537_L
14537,M,11,504,3953,6e1e81f253d5,1,train,0,14537_M
14537,N,12,470,3563,a5d5a17f19c6,1,train,0,14537_N
14542,A,0,113,894,3019521b4fe0,1,train,0,14542_A
14542,B,1,208,1656,2fee3607c410,1,train,0,14542_B
14542,C,2,586,4738,b18d32ddac68,1,train,0,14542_C
14542,E,3,156,1220,9704489f2711,1,train,0,14542_E
14542,F,4,439,3407,a80b680ef13d,1,train,0,14542_F
14542,G,5,905,7022,1880eaa10be8,1,train,0,14542_G
14542,H,6,323,2544,ce41b8b01b1c,1,train,1,14542_H
14542,I,7,180,1436,a658fc686fea,1,train,0,14542_I
14542,J,8,162,1226,c18d2f471a2a,1,train,0,14542_J
14542,K,9,100,760,973b275ba2f7,1,train,0,14542_K
14542,L,10,605,4629,ce036bbd1d13,1,train,1,14542_L
14542,M,11,504,3953,6e1e81f253d5,1,train,0,14542_M
14542,N,12,470,3563,a5d5a17f19c6,1,train,0,14542_N
14545,A,0,3689,29184,5178c41b070d,1,test,0,14545_A
14545,B,1,490,3937,e63c7f184a75,1,test,0,14545_B
14545,C,2,661,5267,4330e2f103e0,1,test,1,14545_C
14566,A,0,605,4755,63cd1d3eb802,1,train,1,14566_A
14566,B,1,614,4820,6ba02ae0912f,1,train,0,14566_B
14579,0,0,36,343,5ca43cfb7fcb,1,train,0,14579_0
14579,3,1,122,933,db6125cd2e21,1,train,0,14579_3
14579,6,2,92,751,76ac94617062,1,train,1,14579_6
14579,7,3,130,1029,1d8e084762de,1,train,0,14579_7
14579,A,4,188,1531,b0a09f7acd87,1,train,0,14579_A
14579,B,5,196,1571,35aa26118a1f,1,train,0,14579_B
14579,C,6,57,449,5a29885b9c41,1,train,0,14579_C
14579,D,7,173,1452,a56b657c10c0,1,train,1,14579_D
14579,E,8,242,1983,6aa109454300,1,train,0,14579_E
14579,F,9,229,1808,5b307e189c02,1,train,0,14579_F
14579,G,10,124,977,8e9059f53a3c,1,train,0,14579_G
14579,H,11,214,1725,4d3ac5fc9d49,1,train,0,14579_H
14579,I,12,129,1034,85b554b8d984,1,train,0,14579_I
14579,J,13,125,986,7ff498d2715c,1,train,0,14579_J
14579,K,14,135,1073,6051ab311056,1,train,0,14579_K
14579,L,15,100,809,69fd5b61730f,1,train,0,14579_L
14579,M,16,127,955,568c81ca7c1f,1,train,0,14579_M
14579,N,17,146,1148,7c62f5f27da6,1,train,0,14579_N
14579,O,18,141,1134,bcb9c7959950,1,train,0,14579_O
14579,P,19,55,455,b0cd22c25869,1,train,0,14579_P
14579,Q,20,151,1257,34a514cb4510,1,train,0,14579_Q
14579,R,21,107,884,91539ac150b3,1,train,0,14579_R
14579,S,22,64,541,daff33a7adf9,1,train,0,14579_S
14579,T,23,124,1007,fc6fbc6b4128,1,train,0,14579_T
14579,U,24,149,1223,e3b23d1cf7d5,1,train,0,14579_U
14579,V,25,96,808,791be7be11ee,1,train,0,14579_V
14579,W,26,61,470,6d181ae282f8,1,train,0,14579_W
14579,X,27,65,516,a75d058820d9,1,train,0,14579_X
14579,Y,28,49,400,fbd726a986d0,1,train,0,14579_Y
14579,Z,29,196,1541,277dbe9b7e24,1,train,0,14579_Z
14581,0,0,36,343,5ca43cfb7fcb,1,test,0,14581_0
14581,3,1,122,933,db6125cd2e21,1,test,0,14581_3
14581,6,2,92,751,76ac94617062,1,test,0,14581_6
14581,A,3,188,1531,b0a09f7acd87,1,test,0,14581_A
14581,B,4,196,1571,35aa26118a1f,1,test,0,14581_B
14581,C,5,57,449,5a29885b9c41,1,test,0,14581_C
14581,D,6,173,1452,a56b657c10c0,1,test,1,14581_D
14581,E,7,242,1983,6aa109454300,1,test,0,14581_E
14581,F,8,229,1808,5b307e189c02,1,test,0,14581_F
14581,G,9,124,977,8e9059f53a3c,1,test,0,14581_G
14581,H,10,214,1725,4d3ac5fc9d49,1,test,0,14581_H
14581,I,11,129,1034,85b554b8d984,1,test,0,14581_I
14581,J,12,125,986,7ff498d2715c,1,test,0,14581_J
14581,K,13,135,1073,6051ab311056,1,test,0,14581_K
14581,L,14,100,809,69fd5b61730f,1,test,0,14581_L
14581,M,15,127,955,568c81ca7c1f,1,test,0,14581_M
14581,N,16,146,1148,7c62f5f27da6,1,test,0,14581_N
14581,O,17,141,1134,bcb9c7959950,1,test,0,14581_O
14581,P,18,55,455,b0cd22c25869,1,test,0,14581_P
14581,Q,19,151,1257,34a514cb4510,1,test,0,14581_Q
14581,R,20,107,884,91539ac150b3,1,test,0,14581_R
14581,S,21,64,541,daff33a7adf9,1,test,0,14581_S
14581,T,22,124,1007,fc6fbc6b4128,1,test,0,14581_T
14581,U,23,149,1223,e3b23d1cf7d5,1,test,0,14581_U
14581,V,24,96,808,791be7be11ee,1,test,1,14581_V
14581,W,25,61,470,6d181ae282f8,1,test,1,14581_W
14581,X,26,65,516,a75d058820d9,1,test,0,14581_X
14581,Y,27,49,400,fbd726a986d0,1,test,0,14581_Y
14581,Z,28,196,1541,277dbe9b7e24,1,test,0,14581_Z
14620,A,0,101,796,36ca90e17f14,1,test,1,14620_A
14620,B,1,169,1339,36476af5746c,1,test,1,14620_B
14620,C,2,571,4597,2211dfe3934d,1,test,0,14620_C
14620,E,3,156,1220,9704489f2711,1,test,0,14620_E
14620,F,4,442,3432,35e861314baa,1,test,0,14620_F
14620,G,5,905,7022,1880eaa10be8,1,test,0,14620_G
14620,H,6,309,2422,af34de68051c,1,test,0,14620_H
14620,I,7,145,1149,4499dd7da964,1,test,0,14620_I
14620,J,8,162,1226,c18d2f471a2a,1,test,0,14620_J
14620,K,9,100,760,973b275ba2f7,1,test,0,14620_K
14620,L,10,601,4595,f5047e08a0d7,1,test,0,14620_L
14620,M,11,504,3953,6e1e81f253d5,1,test,0,14620_M
14620,N,12,480,3635,1ed13ca53214,1,test,0,14620_N
14632,A,0,101,796,36ca90e17f14,1,train,0,14632_A
14632,B,1,169,1339,36476af5746c,1,train,0,14632_B
14632,C,2,576,4628,c55e92be6a82,1,train,0,14632_C
14632,E,3,156,1220,9704489f2711,1,train,0,14632_E
14632,F,4,442,3432,35e861314baa,1,train,0,14632_F
14632,G,5,905,7027,eee8b21b816d,1,train,0,14632_G
14632,H,6,309,2422,af34de68051c,1,train,0,14632_H
14632,I,7,145,1149,4499dd7da964,1,train,1,14632_I
14632,J,8,162,1226,c18d2f471a2a,1,train,0,14632_J
14632,K,9,100,760,973b275ba2f7,1,train,0,14632_K
14632,L,10,601,4593,ce6c80fc4b84,1,train,0,14632_L
14632,M,11,504,3953,6e1e81f253d5,1,train,0,14632_M
14632,N,12,480,3635,1ed13ca53214,1,train,1,14632_N
14637,1,0,430,3312,6b1986989859,1,val,0,14637_1
14637,2,1,213,1655,b9a54fc6d76f,1,val,0,14637_2
14637,3,2,688,5275,2e677e7bbbae,1,val,1,14637_3
14637,4,3,420,3377,c3414686df25,1,val,0,14637_4
14637,5,4,208,1726,60718b601102,1,val,0,14637_5
14637,6,5,156,1247,e4d31e20ef79,1,val,0,14637_6
14637,9,6,176,1414,776739802a88,1,val,0,14637_9
14637,A,7,110,880,39b139ffe221,1,val,0,14637_A
14637,H,8,314,2498,196faf3af331,1,val,0,14637_H
14637,J,9,169,1294,d0520711f0a9,1,val,0,14637_J
14637,K,10,97,739,a68a2f627757,1,val,0,14637_K
14637,L,11,605,4796,ed301aa61769,1,val,0,14637_L
14637,M,12,458,3637,c28d02a5c760,1,val,0,14637_M
14637,N,13,347,2723,bfc5bab0e77b,1,val,1,14637_N
14637,V,14,139,1020,9fcd9e08a801,1,val,0,14637_V
14637,W,15,139,1155,c276712f76ad,1,val,0,14637_W
14637,X,16,87,701,5a4880b7bebb,1,val,0,14637_X
14637,Y,17,171,1403,1e813d7ea77e,1,val,0,14637_Y
14637,Z,18,171,1441,b58fd743e939,1,val,0,14637_Z
14637,a,19,44,371,c65aab80d703,1,val,0,14637_a
14637,b,20,95,737,0233ce2ebc98,1,val,0,14637_b
14637,c,21,126,1024,029f24d4c5b8,1,val,0,14637_c
14637,d,22,297,2372,9d84bb7c9bbc,1,val,0,14637_d
14637,e,23,86,691,8ead98c3c4b0,1,val,0,14637_e
14637,f,24,113,917,f92054c8a279,1,val,0,14637_f
14637,g,25,114,969,6dcd8a80b7ee,1,val,0,14637_g
14637,h,26,95,761,088d86a825f4,1,val,0,14637_h
14637,i,27,145,1209,252de1f30348,1,val,0,14637_i
14637,j,28,82,660,55189730aa39,1,val,0,14637_j
14637,k,29,319,2586,b99d3fba1350,1,val,0,14637_k
14637,l,30,105,874,e2964a7dbcee,1,val,0,14637_l
14637,m,31,80,626,7436ce2c4d55,1,val,0,14637_m
14637,n,32,79,634,e47c1a56df19,1,val,0,14637_n
14637,o,33,120,1004,fc4b7e690e35,1,val,0,14637_o
14637,p,34,128,1059,b9e62d10eea1,1,val,0,14637_p
14637,q,35,139,1142,2d518551ba3e,1,val,0,14637_q
14637,r,36,99,846,3f5457d3aa9c,1,val,0,14637_r
14637,s,37,122,1047,5b8d325dcac4,1,val,0,14637_s
14637,t,38,177,1520,f383085300ff,1,val,0,14637_t
14637,u,39,65,563,6365dc4d6617,1,val,0,14637_u
14637,v,40,155,1307,540759dec456,1,val,0,14637_v
14637,w,41,101,846,ef4ee770ede7,1,val,0,14637_w
14637,x,42,49,412,d94bbaa5a918,1,val,0,14637_x
14637,y,43,50,436,94400dc0fc94,1,val,0,14637_y
14637,z,44,70,576,56a4469d7a01,1,val,0,14637_z
14648,1,0,430,3312,6b1986989859,1,test,0,14648_1
14648,2,1,213,1655,b9a54fc6d76f,1,test,0,14648_2
14648,3,2,688,5275,2e677e7bbbae,1,test,0,14648_3
14648,4,3,429,3444,f6448f28cc54,1,test,0,14648_4
14648,5,4,208,1726,60718b601102,1,test,1,14648_5
14648,6,5,156,1247,e4d31e20ef79,1,test,0,14648_6
14648,9,6,176,1414,776739802a88,1,test,0,14648_9
14648,A,7,115,922,138fc1923b08,1,test,0,14648_A
14648,H,8,318,2528,91fe8c27f397,1,test,0,14648_H
14648,J,9,175,1344,9566c953ac21,1,test,0,14648_J
14648,K,10,97,739,a68a2f627757,1,test,0,14648_K
14648,L,11,605,4797,ed301aa61769,1,test,0,14648_L
14648,M,12,458,3637,c28d02a5c760,1,test,0,14648_M
14648,N,13,347,2723,bfc5bab0e77b,1,test,0,14648_N
14648,V,14,139,1020,9fcd9e08a801,1,test,0,14648_V
14648,W,15,139,1155,c276712f76ad,1,test,0,14648_W
14648,X,16,87,701,5a4880b7bebb,1,test,0,14648_X
14648,Y,17,171,1403,1e813d7ea77e,1,test,0,14648_Y
14648,Z,18,171,1441,b58fd743e939,1,test,0,14648_Z
14648,a,19,44,371,c65aab80d703,1,test,0,14648_a
14648,b,20,95,737,0233ce2ebc98,1,test,0,14648_b
14648,c,21,126,1024,029f24d4c5b8,1,test,0,14648_c
14648,d,22,340,2748,9bc871bab4c3,1,test,0,14648_d
14648,e,23,86,691,8ead98c3c4b0,1,test,0,14648_e
14648,f,24,113,917,f92054c8a279,1,test,1,14648_f
14648,g,25,114,969,6dcd8a80b7ee,1,test,0,14648_g
14648,h,26,95,761,088d86a825f4,1,test,0,14648_h
14648,i,27,145,1209,252de1f30348,1,test,0,14648_i
14648,j,28,82,660,55189730aa39,1,test,0,14648_j
14648,k,29,319,2586,b99d3fba1350,1,test,0,14648_k
14648,l,30,105,874,e2964a7dbcee,1,test,0,14648_l
14648,m,31,80,626,7436ce2c4d55,1,test,0,14648_m
14648,n,32,79,634,e47c1a56df19,1,test,0,14648_n
14648,o,33,120,1004,fc4b7e690e35,1,test,0,14648_o
14648,p,34,128,1059,b9e62d10eea1,1,test,0,14648_p
14648,q,35,139,1142,2d518551ba3e,1,test,0,14648_q
14648,r,36,99,846,3f5457d3aa9c,1,test,0,14648_r
14648,s,37,122,1047,5b8d325dcac4,1,test,0,14648_s
14648,t,38,177,1520,f383085300ff,1,test,0,14648_t
14648,u,39,65,563,6365dc4d6617,1,test,1,14648_u
14648,v,40,155,1307,540759dec456,1,test,0,14648_v
14648,w,41,101,846,ef4ee770ede7,1,test,0,14648_w
14648,x,42,49,412,d94bbaa5a918,1,test,0,14648_x
14648,y,43,50,436,94400dc0fc94,1,test,0,14648_y
14648,z,44,70,576,56a4469d7a01,1,test,0,14648_z
14651,1,0,430,3312,6b1986989859,1,test,0,14651_1
14651,2,1,213,1655,b9a54fc6d76f,1,test,0,14651_2
14651,3,2,688,5275,2e677e7bbbae,1,test,0,14651_3
14651,4,3,420,3377,c3414686df25,1,test,0,14651_4
14651,5,4,208,1726,60718b601102,1,test,0,14651_5
14651,6,5,156,1247,e4d31e20ef79,1,test,0,14651_6
14651,9,6,176,1414,776739802a88,1,test,0,14651_9
14651,A,7,110,880,39b139ffe221,1,test,0,14651_A
14651,H,8,314,2498,196faf3af331,1,test,0,14651_H
14651,J,9,169,1294,d0520711f0a9,1,test,0,14651_J
14651,K,10,97,739,a68a2f627757,1,test,0,14651_K
14651,L,11,605,4796,ed301aa61769,1,test,0,14651_L
14651,M,12,458,3637,c28d02a5c760,1,test,0,14651_M
14651,N,13,347,2723,bfc5bab0e77b,1,test,0,14651_N
14651,V,14,139,1020,9fcd9e08a801,1,test,0,14651_V
14651,W,15,139,1155,c276712f76ad,1,test,0,14651_W
14651,X,16,87,701,5a4880b7bebb,1,test,0,14651_X
14651,Y,17,171,1403,1e813d7ea77e,1,test,0,14651_Y
14651,Z,18,171,1441,b58fd743e939,1,test,0,14651_Z
14651,a,19,44,371,c65aab80d703,1,test,0,14651_a
14651,b,20,95,737,0233ce2ebc98,1,test,0,14651_b
14651,c,21,126,1024,029f24d4c5b8,1,test,0,14651_c
14651,d,22,297,2372,9d84bb7c9bbc,1,test,0,14651_d
14651,e,23,86,691,8ead98c3c4b0,1,test,0,14651_e
14651,f,24,113,917,f92054c8a279,1,test,0,14651_f
14651,g,25,114,969,6dcd8a80b7ee,1,test,0,14651_g
14651,h,26,95,761,088d86a825f4,1,test,0,14651_h
14651,i,27,145,1209,252de1f30348,1,test,0,14651_i
14651,j,28,82,660,55189730aa39,1,test,0,14651_j
14651,k,29,319,2586,b99d3fba1350,1,test,0,14651_k
14651,l,30,105,874,e2964a7dbcee,1,test,0,14651_l
14651,m,31,80,626,7436ce2c4d55,1,test,0,14651_m
14651,n,32,79,634,e47c1a56df19,1,test,1,14651_n
14651,o,33,120,1004,fc4b7e690e35,1,test,0,14651_o
14651,p,34,128,1059,b9e62d10eea1,1,test,0,14651_p
14651,q,35,139,1142,2d518551ba3e,1,test,1,14651_q
14651,r,36,99,846,3f5457d3aa9c,1,test,0,14651_r
14651,s,37,122,1047,5b8d325dcac4,1,test,0,14651_s
14651,t,38,177,1520,f383085300ff,1,test,0,14651_t
14651,u,39,65,563,6365dc4d6617,1,test,1,14651_u
14651,v,40,155,1307,540759dec456,1,test,0,14651_v
14651,w,41,101,846,ef4ee770ede7,1,test,0,14651_w
14651,x,42,49,412,d94bbaa5a918,1,test,0,14651_x
14651,y,43,50,436,94400dc0fc94,1,test,0,14651_y
14651,z,44,70,576,56a4469d7a01,1,test,0,14651_z
14664,1,0,430,3312,6b1986989859,1,train,0,14664_1
14664,2,1,213,1655,b9a54fc6d76f,1,train,0,14664_2
14664,3,2,688,5275,2e677e7bbbae,1,train,0,14664_3
14664,4,3,420,3377,c3414686df25,1,train,0,14664_4
14664,5,4,208,1726,60718b601102,1,train,0,14664_5
14664,6,5,156,1247,e4d31e20ef79,1,train,0,14664_6
14664,9,6,176,1414,776739802a88,1,train,0,14664_9
14664,A,7,110,880,39b139ffe221,1,train,0,14664_A
14664,H,8,314,2498,196faf3af331,1,train,0,14664_H
14664,J,9,169,1294,d0520711f0a9,1,train,0,14664_J
14664,K,10,97,739,a68a2f627757,1,train,0,14664_K
14664,L,11,605,4796,ed301aa61769,1,train,0,14664_L
14664,M,12,458,3637,c28d02a5c760,1,train,0,14664_M
14664,N,13,347,2723,bfc5bab0e77b,1,train,0,14664_N
14664,V,14,139,1020,9fcd9e08a801,1,train,0,14664_V
14664,W,15,139,1155,c276712f76ad,1,train,0,14664_W
14664,X,16,87,701,5a4880b7bebb,1,train,0,14664_X
14664,Y,17,171,1403,1e813d7ea77e,1,train,1,14664_Y
14664,Z,18,171,1441,b58fd743e939,1,train,0,14664_Z
14664,a,19,44,371,c65aab80d703,1,train,0,14664_a
14664,b,20,95,737,0233ce2ebc98,1,train,0,14664_b
14664,c,21,126,1024,029f24d4c5b8,1,train,0,14664_c
14664,d,22,297,2372,9d84bb7c9bbc,1,train,0,14664_d
14664,e,23,86,691,8ead98c3c4b0,1,train,0,14664_e
14664,f,24,113,917,f92054c8a279,1,train,0,14664_f
14664,g,25,114,969,6dcd8a80b7ee,1,train,0,14664_g
14664,h,26,95,761,088d86a825f4,1,train,0,14664_h
14664,i,27,145,1209,252de1f30348,1,train,0,14664_i
14664,j,28,82,660,55189730aa39,1,train,0,14664_j
14664,k,29,319,2586,b99d3fba1350,1,train,0,14664_k
14664,l,30,105,874,e2964a7dbcee,1,train,0,14664_l
14664,m,31,80,626,7436ce2c4d55,1,train,0,14664_m
14664,n,32,79,634,e47c1a56df19,1,train,0,14664_n
14664,o,33,120,1004,fc4b7e690e35,1,train,0,14664_o
14664,p,34,128,1059,b9e62d10eea1,1,train,0,14664_p
14664,q,35,139,1142,2d518551ba3e,1,train,0,14664_q
14664,r,36,99,846,3f5457d3aa9c,1,train,0,14664_r
14664,s,37,122,1047,5b8d325dcac4,1,train,0,14664_s
14664,t,38,177,1520,f383085300ff,1,train,0,14664_t
14664,u,39,65,563,6365dc4d6617,1,train,0,14664_u
14664,v,40,155,1307,540759dec456,1,train,0,14664_v
14664,w,41,101,846,ef4ee770ede7,1,train,0,14664_w
14664,x,42,49,412,d94bbaa5a918,1,train,0,14664_x
14664,y,43,50,436,94400dc0fc94,1,train,0,14664_y
14664,z,44,70,576,56a4469d7a01,1,train,0,14664_z
14688,1,0,430,3312,6b1986989859,1,test,0,14688_1
14688,2,1,213,1655,b9a54fc6d76f,1,test,0,14688_2
14688,3,2,688,5275,2e677e7bbbae,1,test,0,14688_3
14688,4,3,422,3391,13d34a868a65,1,test,0,14688_4
14688,5,4,208,1726,60718b601102,1,test,0,14688_5
14688,6,5,150,1198,adb0a8e55205,1,test,0,14688_6
14688,9,6,171,1376,0da4c0c547d5,1,test,0,14688_9
14688,A,7,115,922,138fc1923b08,1,test,0,14688_A
14688,H,8,318,2528,91fe8c27f397,1,test,0,14688_H
14688,J,9,175,1344,9566c953ac21,1,test,0,14688_J
14688,K,10,97,739,a68a2f627757,1,test,0,14688_K
14688,L,11,605,4797,ed301aa61769,1,test,0,14688_L
14688,M,12,458,3637,c28d02a5c760,1,test,0,14688_M
14688,N,13,347,2723,bfc5bab0e77b,1,test,0,14688_N
14688,V,14,139,1020,9fcd9e08a801,1,test,0,14688_V
14688,W,15,139,1155,c276712f76ad,1,test,0,14688_W
14688,X,16,87,701,5a4880b7bebb,1,test,0,14688_X
14688,Y,17,171,1403,1e813d7ea77e,1,test,0,14688_Y
14688,Z,18,171,1441,b58fd743e939,1,test,0,14688_Z
14688,a,19,44,371,c65aab80d703,1,test,0,14688_a
14688,b,20,95,737,0233ce2ebc98,1,test,0,14688_b
14688,c,21,126,1024,029f24d4c5b8,1,test,0,14688_c
14688,d,22,331,2662,d73b122b2562,1,test,0,14688_d
14688,e,23,86,691,8ead98c3c4b0,1,test,0,14688_e
14688,f,24,113,917,f92054c8a279,1,test,0,14688_f
14688,g,25,114,969,6dcd8a80b7ee,1,test,0,14688_g
14688,h,26,95,761,088d86a825f4,1,test,0,14688_h
14688,i,27,145,1209,252de1f30348,1,test,0,14688_i
14688,j,28,77,619,3705f3851ea6,1,test,0,14688_j
14688,k,29,319,2586,b99d3fba1350,1,test,0,14688_k
14688,l,30,105,874,e2964a7dbcee,1,test,0,14688_l
14688,m,31,80,626,7436ce2c4d55,1,test,0,14688_m
14688,n,32,79,634,e47c1a56df19,1,test,1,14688_n
14688,o,33,120,1004,fc4b7e690e35,1,test,0,14688_o
14688,p,34,128,1059,b9e62d10eea1,1,test,0,14688_p
14688,q,35,139,1142,2d518551ba3e,1,test,0,14688_q
14688,r,36,99,846,3f5457d3aa9c,1,test,0,14688_r
14688,s,37,122,1047,5b8d325dcac4,1,test,0,14688_s
14688,t,38,177,1520,f383085300ff,1,test,0,14688_t
14688,u,39,65,563,6365dc4d6617,1,test,0,14688_u
14688,v,40,155,1307,540759dec456,1,test,0,14688_v
14688,w,41,101,846,ef4ee770ede7,1,test,0,14688_w
14688,x,42,49,412,d94bbaa5a918,1,test,0,14688_x
14688,y,43,50,436,94400dc0fc94,1,test,0,14688_y
14688,z,44,70,576,56a4469d7a01,1,test,0,14688_z
14780,A,0,654,5278,55fe7209a357,1,train,0,14780_A
14780,H,1,226,1680,2581b94197e4,1,train,0,14780_H
14780,K,2,120,921,5efc2330c97d,1,train,1,14780_K
14780,L,3,211,1598,487972144398,1,train,0,14780_L
14782,A,0,662,5338,59854650db31,1,train,0,14782_A
14782,H,1,226,1679,2581b94197e4,1,train,0,14782_H
14782,K,2,120,921,5efc2330c97d,1,train,1,14782_K
14782,L,3,211,1598,487972144398,1,train,0,14782_L
14791,1,0,378,2852,e58537fc1fe8,1,train,0,14791_1
14791,2,1,558,4456,d4dc98972ce5,1,train,0,14791_2
14791,3,2,116,897,3c7c63cec791,1,train,0,14791_3
14791,4,3,494,3904,f632d4466975,1,train,0,14791_4
14791,5,4,670,5276,d301b1f8d2c8,1,train,0,14791_5
14791,6,5,189,1460,9036f317b5b9,1,train,0,14791_6
14791,8,6,77,654,55fbf8908be7,1,train,0,14791_8
14791,9,7,102,802,4a04468b7b6f,1,train,0,14791_9
14791,A,8,711,5476,a01e8311cbb9,1,train,0,14791_A
14791,B,9,456,3538,b5dd73bb7818,1,train,0,14791_B
14791,C,10,426,3363,a48b1b8e7651,1,train,0,14791_C
14791,D,11,80,653,6954e19d1415,1,train,0,14791_D
14791,E,12,353,2866,1a5ff9bd5713,1,train,1,14791_E
14791,F,13,237,1877,6fbb405baade,1,train,0,14791_F
14791,G,14,242,1968,38a1078f0121,1,train,0,14791_G
14791,H,15,220,1695,c6a1d7dd6dc1,1,train,0,14791_H
14791,I,16,185,1487,c0a3261dbd20,1,train,0,14791_I
14791,J,17,188,1408,517e758c817c,1,train,0,14791_J
14791,K,18,182,1439,cdfa13bca937,1,train,0,14791_K
14791,L,19,87,673,ff294044743a,1,train,0,14791_L
14791,M,20,118,937,283ddd2962b5,1,train,0,14791_M
14791,O,21,80,617,cfc3c3d2d4c9,1,train,0,14791_O
14791,P,22,122,1035,ca8472f0f012,1,train,0,14791_P
14791,Q,23,85,670,791cf8a24116,1,train,0,14791_Q
14791,R,24,98,807,c91a9665bdf4,1,train,0,14791_R
14791,S,25,72,598,dba6094a9a23,1,train,0,14791_S
14791,U,26,167,1353,0bc317a5729b,1,train,0,14791_U
14791,W,27,120,976,76e1ea627895,1,train,0,14791_W
14791,X,28,186,1467,720eae5a132c,1,train,0,14791_X
14791,Y,29,154,1240,063953a0bb0c,1,train,0,14791_Y
14791,Z,30,186,1432,46dc694feb20,1,train,0,14791_Z
14791,a,31,143,1167,962336627833,1,train,0,14791_a
14791,b,32,80,675,86d178fd5d35,1,train,0,14791_b
14791,c,33,64,510,dcb78236c7b0,1,train,0,14791_c
14791,d,34,100,827,eb146051b29f,1,train,0,14791_d
14791,e,35,38,320,6f547956c3ef,1,train,0,14791_e
14791,f,36,88,717,8b616c7557c5,1,train,0,14791_f
14791,g,37,77,604,15316e9fab69,1,train,0,14791_g
14791,h,38,133,1124,2f3161f4e506,1,train,0,14791_h
14791,i,39,81,686,b9e25d21eb36,1,train,0,14791_i
14791,j,40,73,603,6104d744142b,1,train,0,14791_j
14791,n,41,135,1068,c04c2dcd0577,1,train,0,14791_n
14791,o,42,32,252,1e2a863af5c6,1,train,0,14791_o
14794,1,0,334,2573,11df247c3449,1,val,0,14794_1
14794,2,1,558,4456,d4dc98972ce5,1,val,0,14794_2
14794,3,2,130,1026,55197908b3d3,1,val,0,14794_3
14794,4,3,494,3904,f632d4466975,1,val,0,14794_4
14794,5,4,670,5272,d301b1f8d2c8,1,val,0,14794_5
14794,6,5,190,1452,30a16ff2c830,1,val,0,14794_6
14794,8,6,77,658,55fbf8908be7,1,val,0,14794_8
14794,9,7,103,807,8cd09df74c2c,1,val,0,14794_9
14794,A,8,711,5476,a01e8311cbb9,1,val,0,14794_A
14794,B,9,456,3538,b5dd73bb7818,1,val,0,14794_B
14794,C,10,440,3455,7259606ff881,1,val,0,14794_C
14794,D,11,80,653,6954e19d1415,1,val,0,14794_D
14794,E,12,337,2741,99af397ad646,1,val,0,14794_E
14794,F,13,238,1884,fd91f78853e4,1,val,0,14794_F
14794,G,14,242,1968,38a1078f0121,1,val,0,14794_G
14794,H,15,221,1698,7ed3344b5fb8,1,val,0,14794_H
14794,I,16,185,1487,c0a3261dbd20,1,val,0,14794_I
14794,J,17,186,1375,3fa2728881cb,1,val,0,14794_J
14794,K,18,182,1454,cdfa13bca937,1,val,0,14794_K
14794,L,19,88,671,a4b696f2879a,1,val,0,14794_L
14794,M,20,117,930,ed0bc5126187,1,val,0,14794_M
14794,O,21,82,631,9db1970bf783,1,val,0,14794_O
14794,P,22,115,962,d4263cc3664a,1,val,0,14794_P
14794,Q,23,85,666,791cf8a24116,1,val,0,14794_Q
14794,R,24,98,807,c91a9665bdf4,1,val,1,14794_R
14794,S,25,74,610,ad7bf362a017,1,val,0,14794_S
14794,U,26,169,1365,f6f6e2e38427,1,val,0,14794_U
14794,W,27,120,976,76e1ea627895,1,val,0,14794_W
14794,X,28,187,1472,6d7d45b8bcd4,1,val,0,14794_X
14794,Y,29,154,1240,063953a0bb0c,1,val,0,14794_Y
14794,Z,30,186,1432,46dc694feb20,1,val,0,14794_Z
14794,a,31,143,1167,962336627833,1,val,0,14794_a
14794,b,32,81,683,69bef732a614,1,val,0,14794_b
14794,c,33,60,490,fd7470f0d18e,1,val,0,14794_c
14794,d,34,99,822,8c4b66dd0264,1,val,0,14794_d
14794,e,35,37,309,a4e5f11adab7,1,val,0,14794_e
14794,f,36,88,717,8b616c7557c5,1,val,0,14794_f
14794,g,37,78,610,90c7694008e5,1,val,0,14794_g
14794,h,38,133,1118,2f3161f4e506,1,val,0,14794_h
14794,i,39,80,677,35a11a9897e3,1,val,0,14794_i
14794,j,40,73,603,6104d744142b,1,val,1,14794_j
14794,n,41,135,1061,a723250f665e,1,val,0,14794_n
14794,o,42,32,252,1e2a863af5c6,1,val,0,14794_o
14796,1,0,334,2573,11df247c3449,1,train,0,14796_1
14796,2,1,558,4456,d4dc98972ce5,1,train,0,14796_2
14796,3,2,114,907,dcf7566d04e0,1,train,0,14796_3
14796,4,3,494,3904,f632d4466975,1,train,0,14796_4
14796,5,4,670,5272,d301b1f8d2c8,1,train,1,14796_5
14796,6,5,190,1454,30a16ff2c830,1,train,0,14796_6
14796,8,6,77,658,55fbf8908be7,1,train,0,14796_8
14796,9,7,103,807,8cd09df74c2c,1,train,0,14796_9
14796,D,8,80,653,6954e19d1415,1,train,0,14796_D
14796,J,9,186,1375,3fa2728881cb,1,train,0,14796_J
14796,L,10,88,671,a4b696f2879a,1,train,1,14796_L
14796,Q,11,85,663,791cf8a24116,1,train,0,14796_Q
14796,R,12,98,807,c91a9665bdf4,1,train,0,14796_R
14796,S,13,74,610,ad7bf362a017,1,train,0,14796_S
14796,U,14,169,1365,f6f6e2e38427,1,train,0,14796_U
14796,W,15,99,812,acd0921cbab8,1,train,0,14796_W
14796,X,16,187,1480,6d7d45b8bcd4,1,train,0,14796_X
14796,a,17,143,1167,962336627833,1,train,0,14796_a
14796,b,18,81,683,69bef732a614,1,train,0,14796_b
14796,c,19,60,490,fd7470f0d18e,1,train,0,14796_c
14796,d,20,98,817,c43ef252aaad,1,train,0,14796_d
14796,e,21,37,309,a4e5f11adab7,1,train,0,14796_e
14796,g,22,78,610,90c7694008e5,1,train,0,14796_g
14796,i,23,80,677,35a11a9897e3,1,train,0,14796_i
14796,j,24,73,603,6104d744142b,1,train,0,14796_j
14796,n,25,135,1061,a723250f665e,1,train,0,14796_n
14798,1,0,334,2566,11df247c3449,1,train,1,14798_1
14798,2,1,558,4459,d4dc98972ce5,1,train,0,14798_2
14798,3,2,101,788,92903486e589,1,train,0,14798_3
14798,4,3,494,3904,f632d4466975,1,train,0,14798_4
14798,5,4,670,5273,d301b1f8d2c8,1,train,1,14798_5
14798,6,5,190,1468,85d3a34a3ded,1,train,0,14798_6
14798,8,6,78,663,c61498362208,1,train,0,14798_8
14798,9,7,103,807,8cd09df74c2c,1,train,0,14798_9
14798,D,8,80,653,6954e19d1415,1,train,0,14798_D
14798,J,9,186,1388,3fa2728881cb,1,train,0,14798_J
14798,L,10,87,673,ff294044743a,1,train,1,14798_L
14798,Q,11,85,673,791cf8a24116,1,train,0,14798_Q
14798,R,12,98,807,c91a9665bdf4,1,train,0,14798_R
14798,S,13,74,612,ad7bf362a017,1,train,0,14798_S
14798,U,14,167,1357,0bc317a5729b,1,train,0,14798_U
14798,W,15,99,816,acd0921cbab8,1,train,0,14798_W
14798,X,16,187,1484,6d7d45b8bcd4,1,train,0,14798_X
14798,a,17,144,1172,efed647baab8,1,train,0,14798_a
14798,b,18,81,683,69bef732a614,1,train,0,14798_b
14798,c,19,61,505,998349772d29,1,train,1,14798_c
14798,d,20,101,843,c4b4225a73be,1,train,0,14798_d
14798,e,21,38,317,f36f978d0a4f,1,train,0,14798_e
14798,g,22,78,610,90c7694008e5,1,train,0,14798_g
14798,i,23,81,682,b9e25d21eb36,1,train,0,14798_i
14798,j,24,75,616,2e7fb9bb7128,1,train,0,14798_j
14798,n,25,135,1061,a723250f665e,1,train,0,14798_n
14846,0,0,77,625,29a1aee1fff6,1,val,0,14846_0
14846,1,1,61,495,83f5ed01a64c,1,val,0,14846_1
14846,2,2,57,439,694b7a1fc791,1,val,0,14846_2
14846,3,3,55,434,68061776dea7,1,val,0,14846_3
14846,4,4,50,409,025d457889a6,1,val,0,14846_4
14846,6,5,46,377,917fd91fa1d1,1,val,0,14846_6
14846,7,6,64,504,e262703728ed,1,val,0,14846_7
14846,8,7,38,301,43ab24acc3be,1,val,0,14846_8
14846,c,8,271,2082,dc0ca816fa2a,1,val,0,14846_c
14846,d,9,209,1565,3949dea42f5c,1,val,1,14846_d
14846,e,10,201,1552,59baeb04bdd4,1,val,0,14846_e
14846,f,11,177,1410,020a5720fed5,1,val,0,14846_f
14846,g,12,176,1323,77e24bd37b87,1,val,0,14846_g
14846,h,13,39,287,a5efe226925d,1,val,0,14846_h
14846,j,14,142,1129,cfbedf730201,1,val,0,14846_j
14846,k,15,122,938,217b4e1f5707,1,val,0,14846_k
14846,l,16,143,1043,d613c17e8acb,1,val,0,14846_l
14846,m,17,136,1074,6334c138321d,1,val,0,14846_m
14846,n,18,120,960,3de31a0153bf,1,val,0,14846_n
14846,o,19,116,892,cbc8767a2cdc,1,val,0,14846_o
14846,p,20,113,908,bfcc44e5fcc9,1,val,0,14846_p
14846,q,21,117,947,6b8dfeb549bf,1,val,0,14846_q
14846,r,22,102,810,6ccc6560a835,1,val,0,14846_r
14846,s,23,109,845,b72dd5b450b3,1,val,1,14846_s
14846,t,24,101,793,1d6fc2dddaff,1,val,0,14846_t
14846,u,25,102,779,b52fee32a842,1,val,0,14846_u
14846,w,26,94,753,f168559556cf,1,val,0,14846_w
14846,y,27,75,572,ed089a9f5bc9,1,val,0,14846_y
14847,A,0,150,1211,91f0fc7dc0cb,1,train,1,14847_A
14847,B,1,1702,13403,8d52b2d47aa1,1,train,0,14847_B
14850,0,0,77,625,29a1aee1fff6,1,train,0,14850_0
14850,1,1,61,495,83f5ed01a64c,1,train,0,14850_1
14850,2,2,57,439,694b7a1fc791,1,train,0,14850_2
14850,3,3,55,434,68061776dea7,1,train,0,14850_3
14850,4,4,50,409,025d457889a6,1,train,0,14850_4
14850,6,5,46,377,917fd91fa1d1,1,train,0,14850_6
14850,7,6,64,504,e262703728ed,1,train,0,14850_7
14850,8,7,38,301,43ab24acc3be,1,train,0,14850_8
14850,c,8,271,2082,dc0ca816fa2a,1,train,1,14850_c
14850,d,9,209,1565,3949dea42f5c,1,train,0,14850_d
14850,e,10,201,1552,59baeb04bdd4,1,train,0,14850_e
14850,f,11,177,1410,020a5720fed5,1,train,0,14850_f
14850,g,12,176,1323,77e24bd37b87,1,train,0,14850_g
14850,h,13,39,287,a5efe226925d,1,train,0,14850_h
14850,j,14,142,1129,cfbedf730201,1,train,0,14850_j
14850,k,15,122,938,217b4e1f5707,1,train,0,14850_k
14850,l,16,143,1043,d613c17e8acb,1,train,0,14850_l
14850,m,17,136,1074,6334c138321d,1,train,0,14850_m
14850,n,18,120,960,3de31a0153bf,1,train,0,14850_n
14850,o,19,116,892,cbc8767a2cdc,1,train,0,14850_o
14850,p,20,113,908,bfcc44e5fcc9,1,train,0,14850_p
14850,q,21,117,947,6b8dfeb549bf,1,train,1,14850_q
14850,r,22,102,810,6ccc6560a835,1,train,0,14850_r
14850,s,23,109,845,b72dd5b450b3,1,train,0,14850_s
14850,t,24,93,738,45296cc18fac,1,train,0,14850_t
14850,u,25,102,779,b52fee32a842,1,train,0,14850_u
14850,w,26,94,753,f168559556cf,1,train,0,14850_w
14850,y,27,82,619,0cd64dad570f,1,train,0,14850_y
14850,z,28,33,277,9420f83de0a8,1,train,0,14850_z
14864,0,0,77,625,29a1aee1fff6,1,val,0,14864_0
14864,1,1,61,495,83f5ed01a64c,1,val,0,14864_1
14864,2,2,57,439,694b7a1fc791,1,val,0,14864_2
14864,3,3,55,434,68061776dea7,1,val,0,14864_3
14864,4,4,50,409,025d457889a6,1,val,0,14864_4
14864,6,5,46,377,917fd91fa1d1,1,val,0,14864_6
14864,7,6,64,504,e262703728ed,1,val,0,14864_7
14864,8,7,38,301,43ab24acc3be,1,val,0,14864_8
14864,c,8,271,2082,dc0ca816fa2a,1,val,0,14864_c
14864,d,9,209,1565,3949dea42f5c,1,val,0,14864_d
14864,e,10,201,1552,59baeb04bdd4,1,val,0,14864_e
14864,f,11,177,1410,020a5720fed5,1,val,1,14864_f
14864,g,12,176,1323,77e24bd37b87,1,val,0,14864_g
14864,h,13,39,287,a5efe226925d,1,val,0,14864_h
14864,j,14,142,1129,cfbedf730201,1,val,0,14864_j
14864,k,15,122,938,217b4e1f5707,1,val,0,14864_k
14864,l,16,143,1043,d613c17e8acb,1,val,0,14864_l
14864,m,17,136,1074,6334c138321d,1,val,0,14864_m
14864,n,18,120,960,3de31a0153bf,1,val,0,14864_n
14864,o,19,116,892,cbc8767a2cdc,1,val,0,14864_o
14864,p,20,113,908,bfcc44e5fcc9,1,val,0,14864_p
14864,q,21,117,947,6b8dfeb549bf,1,val,0,14864_q
14864,r,22,102,810,6ccc6560a835,1,val,0,14864_r
14864,s,23,109,845,b72dd5b450b3,1,val,0,14864_s
14864,t,24,86,681,0f687ac9aec9,1,val,0,14864_t
14864,u,25,91,699,74f263260824,1,val,0,14864_u
14864,w,26,94,753,f168559556cf,1,val,1,14864_w
14864,y,27,76,578,dd269b678392,1,val,0,14864_y
14865,0,0,77,625,29a1aee1fff6,1,train,0,14865_0
14865,1,1,61,495,83f5ed01a64c,1,train,0,14865_1
14865,2,2,57,439,694b7a1fc791,1,train,0,14865_2
14865,3,3,55,434,68061776dea7,1,train,0,14865_3
14865,4,4,50,409,025d457889a6,1,train,0,14865_4
14865,6,5,46,377,917fd91fa1d1,1,train,0,14865_6
14865,7,6,64,504,e262703728ed,1,train,0,14865_7
14865,8,7,38,301,43ab24acc3be,1,train,0,14865_8
14865,c,8,271,2082,dc0ca816fa2a,1,train,0,14865_c
14865,d,9,209,1565,3949dea42f5c,1,train,0,14865_d
14865,e,10,201,1552,59baeb04bdd4,1,train,0,14865_e
14865,f,11,177,1410,020a5720fed5,1,train,0,14865_f
14865,g,12,176,1323,77e24bd37b87,1,train,0,14865_g
14865,h,13,39,287,a5efe226925d,1,train,0,14865_h
14865,j,14,142,1129,cfbedf730201,1,train,0,14865_j
14865,k,15,122,938,217b4e1f5707,1,train,0,14865_k
14865,l,16,143,1043,d613c17e8acb,1,train,0,14865_l
14865,m,17,136,1074,6334c138321d,1,train,0,14865_m
14865,n,18,120,960,3de31a0153bf,1,train,0,14865_n
14865,o,19,116,892,cbc8767a2cdc,1,train,0,14865_o
14865,p,20,113,908,bfcc44e5fcc9,1,train,0,14865_p
14865,q,21,117,947,6b8dfeb549bf,1,train,0,14865_q
14865,r,22,102,810,6ccc6560a835,1,train,1,14865_r
14865,s,23,109,845,b72dd5b450b3,1,train,0,14865_s
14865,t,24,86,681,0f687ac9aec9,1,train,0,14865_t
14865,u,25,91,699,74f263260824,1,train,0,14865_u
14865,w,26,94,753,f168559556cf,1,train,0,14865_w
14865,y,27,76,578,dd269b678392,1,train,0,14865_y
14866,A,0,267,2141,c45c54bdfd74,1,val,1,14866_A
14866,B,1,273,2188,9a6c1ba32e7f,1,val,0,14866_B
14885,A,0,1061,8287,d32e5cc52c65,2,test,0,14885_A
14885,B,1,1060,8281,61e664b0cf6c,1,test,0,14885_B
14885,C,0,1061,8287,d32e5cc52c65,2,test,0,14885_C
14885,D,2,122,927,7ac5167a8942,1,test,0,14885_D
14885,E,3,108,783,bcdd48e2e8b0,3,test,1,14885_E
14885,F,4,125,937,4b91ed991984,2,test,0,14885_F
14885,G,3,108,783,bcdd48e2e8b0,3,test,0,14885_G
14885,H,4,125,940,4b91ed991984,2,test,0,14885_H
14885,L,3,108,783,bcdd48e2e8b0,3,test,0,14885_L
14886,A,0,245,1945,337c4bafe9e3,1,test,0,14886_A
14886,H,1,118,900,ee2bc849e83e,1,test,0,14886_H
14886,L,2,108,834,1e347e9d9355,1,test,1,14886_L
14927,0,0,752,6091,5483da6e74b7,1,test,0,14927_0
14927,1,1,522,4214,fd17fd8aa473,1,test,0,14927_1
14927,2,2,452,3647,92f91ee60402,1,test,0,14927_2
14927,3,3,131,1089,6198968d3e24,1,test,0,14927_3
14927,4,4,302,2338,073b2f985de5,1,test,0,14927_4
14927,5,5,65,514,11ce6bd4c22b,1,test,0,14927_5
14927,6,6,383,3019,78ec099e0ca2,1,test,0,14927_6
14927,7,7,615,4954,09dcfa213831,1,test,0,14927_7
14927,A,8,1426,11221,31eb63613820,1,test,0,14927_A
14927,B,9,1180,9404,85861ecbc5f9,1,test,0,14927_B
14927,C,10,266,2092,2769a9b12d17,1,test,0,14927_C
14927,D,11,167,1343,230d96969888,1,test,0,14927_D
14927,E,12,214,1752,680582145be4,1,test,0,14927_E
14927,F,13,118,977,026b3068a842,1,test,0,14927_F
14927,G,14,171,1339,43e5549e41bd,1,test,0,14927_G
14927,H,15,140,1120,4a286c67c1fe,1,test,0,14927_H
14927,I,16,116,944,70e4b6eceedb,1,test,0,14927_I
14927,J,17,69,569,f996cfba8e05,1,test,0,14927_J
14927,K,18,115,924,0f38c8478c6a,1,test,0,14927_K
14927,L,19,45,359,7aa8e59e119c,1,test,0,14927_L
14927,M,20,310,2379,2599f1c59df6,1,test,0,14927_M
14927,O,21,181,1422,29bfe888a3b8,1,test,0,14927_O
14927,Q,22,221,1871,25db7ff77b92,1,test,0,14927_Q
14927,R,23,268,2230,2cbf2c403e88,1,test,0,14927_R
14927,U,24,107,885,d346ff637230,1,test,0,14927_U
14927,V,25,104,815,8981b9cf3910,1,test,0,14927_V
14927,W,26,304,2473,dc4cf2578b49,1,test,0,14927_W
14927,X,27,211,1708,aac8a1e18f5e,1,test,0,14927_X
14927,a,28,97,801,ef8f4963f6ab,1,test,0,14927_a
14927,b,29,82,653,e0251bd5a2e2,1,test,1,14927_b
14927,c,30,109,843,4e1ca1a2ff21,1,test,0,14927_c
14927,d,31,97,767,3b74531d6495,1,test,0,14927_d
14927,e,32,98,810,0f7f9dc2f021,1,test,0,14927_e
14927,f,33,80,638,71a4d8865e76,1,test,0,14927_f
14927,g,34,106,818,fa3aaeda8be1,1,test,0,14927_g
14927,h,35,95,745,ac4b48337109,1,test,0,14927_h
15024,A,0,293,2248,60be34047e60,1,test,1,15024_A
15024,H,1,227,1714,b16e6367d2da,1,test,0,15024_H
15024,K,2,120,922,1d53e5aabcdc,1,test,0,15024_K
15024,L,3,212,1626,ee0076fd8125,1,test,1,15024_L
15123,A,0,219,1743,41f1a3be1b9a,1,test,0,15123_A
15123,B,1,440,3418,6c88c6e4526f,1,test,0,15123_B
15123,C,2,1410,10863,3b9f573c1521,1,test,0,15123_C
15123,D,3,560,4524,fed4384c26dd,1,test,0,15123_D
15123,E,4,130,1091,4aa2f035f8e3,1,test,0,15123_E
15123,F,5,502,3991,b9c908ef2238,1,test,0,15123_F
15123,G,6,35,284,705faba6ce7e,1,test,0,15123_G
15123,H,7,505,4031,d38781ddb31e,1,test,0,15123_H
15123,I,8,111,906,8f22366a8102,1,test,0,15123_I
15123,J,9,509,4128,2a16490365ad,1,test,0,15123_J
15123,K,10,505,4102,c91efbee0859,1,test,0,15123_K
15123,N,11,96,784,e05eb06ae3ea,1,test,0,15123_N
15123,O,12,658,5288,3efb74a8c841,1,test,0,15123_O
15123,P,13,556,4518,d02f9f4e5897,1,test,0,15123_P
15123,Q,14,623,5083,728e7042814e,1,test,0,15123_Q
15123,T,15,645,5337,4c2afc795681,1,test,1,15123_T
15123,U,16,114,912,49f974d3aa44,1,test,0,15123_U
15123,W,17,37,300,0fa514b9be78,1,test,0,15123_W
15175,1,0,58,457,2d0f0666bfa0,1,train,0,15175_1
15175,2,1,59,487,2d21aee74cb7,1,train,0,15175_2
15175,3,2,56,433,86a5dcdc6b5e,1,train,0,15175_3
15175,4,3,59,477,9ace10f0192d,1,train,0,15175_4
15175,5,4,53,425,38b112ee5746,1,train,0,15175_5
15175,6,5,47,400,ced92a2e81bf,1,train,0,15175_6
15175,7,6,42,357,888b9f7a8456,1,train,0,15175_7
15175,8,7,63,512,bc1009600fcb,1,train,0,15175_8
15175,9,8,36,292,40e0fb679307,1,train,0,15175_9
15175,G,9,273,2108,6a00f952414c,1,train,0,15175_G
15175,H,10,206,1582,980d4bdf5587,1,train,0,15175_H
15175,I,11,203,1563,27c1fcbed6a8,1,train,1,15175_I
15175,J,12,175,1365,de6b44637efe,1,train,0,15175_J
15175,K,13,165,1271,8d44ea67cf6b,1,train,0,15175_K
15175,M,14,142,1117,3401bf5e10cb,1,train,0,15175_M
15175,N,15,122,925,9d7285f21f13,1,train,0,15175_N
15175,O,16,144,1094,33048ca08be7,1,train,0,15175_O
15175,P,17,133,1055,02cfe50658a0,1,train,0,15175_P
15175,Q,18,122,983,5233c0634780,1,train,0,15175_Q
15175,R,19,118,914,69ad0d367ced,1,train,0,15175_R
15175,S,20,112,905,ddf29a28617f,1,train,0,15175_S
15175,T,21,116,939,1d0b521f605e,1,train,0,15175_T
15175,U,22,101,786,0063e3a5f108,1,train,0,15175_U
15175,V,23,110,848,a5c4c15334c5,1,train,0,15175_V
15175,W,24,90,731,7a2c833d4ca2,1,train,0,15175_W
15175,X,25,95,723,21aff9f6611f,1,train,0,15175_X
15175,Z,26,73,563,08c43d5eabd7,1,train,0,15175_Z
15204,1,0,58,457,2d0f0666bfa0,1,val,0,15204_1
15204,2,1,59,487,2d21aee74cb7,1,val,0,15204_2
15204,3,2,56,433,86a5dcdc6b5e,1,val,0,15204_3
15204,4,3,59,477,9ace10f0192d,1,val,0,15204_4
15204,5,4,53,425,38b112ee5746,1,val,0,15204_5
15204,6,5,47,400,ced92a2e81bf,1,val,0,15204_6
15204,7,6,42,357,888b9f7a8456,1,val,0,15204_7
15204,8,7,63,512,bc1009600fcb,1,val,0,15204_8
15204,9,8,36,292,40e0fb679307,1,val,0,15204_9
15204,G,9,273,2108,6a00f952414c,1,val,0,15204_G
15204,H,10,206,1582,980d4bdf5587,1,val,0,15204_H
15204,I,11,203,1563,27c1fcbed6a8,1,val,0,15204_I
15204,J,12,175,1365,de6b44637efe,1,val,0,15204_J
15204,K,13,165,1271,8d44ea67cf6b,1,val,0,15204_K
15204,M,14,142,1117,3401bf5e10cb,1,val,0,15204_M
15204,N,15,122,925,9d7285f21f13,1,val,0,15204_N
15204,O,16,144,1094,33048ca08be7,1,val,0,15204_O
15204,P,17,133,1055,02cfe50658a0,1,val,0,15204_P
15204,Q,18,122,983,5233c0634780,1,val,0,15204_Q
15204,R,19,118,914,69ad0d367ced,1,val,0,15204_R
15204,S,20,112,905,ddf29a28617f,1,val,0,15204_S
15204,T,21,116,939,1d0b521f605e,1,val,0,15204_T
15204,U,22,101,786,0063e3a5f108,1,val,0,15204_U
15204,V,23,110,848,a5c4c15334c5,1,val,0,15204_V
15204,W,24,90,731,7a2c833d4ca2,1,val,0,15204_W
15204,X,25,95,723,21aff9f6611f,1,val,1,15204_X
15204,Z,26,73,563,08c43d5eabd7,1,val,0,15204_Z
15212,A,0,571,4464,f9530691b33a,2,train,1,15212_A
15212,B,1,630,4764,fdfcb0402853,2,train,0,15212_B
15212,C,2,151,1174,762e26295204,2,train,0,15212_C
15212,D,0,571,4464,f9530691b33a,2,train,0,15212_D
15212,E,1,630,4764,fdfcb0402853,2,train,0,15212_E
15212,F,2,151,1174,762e26295204,2,train,0,15212_F
15314,A,0,438,3446,e4e03162a099,2,train,0,15314_A
15314,B,1,402,3008,ca059d194df8,2,train,0,15314_B
15314,C,2,383,3052,1b028b1ec38e,2,train,1,15314_C
15314,D,3,244,1893,5b2456c1a2d5,2,train,0,15314_D
15314,E,4,59,452,b6b330180b31,1,train,0,15314_E
15314,F,5,71,579,b7010615e7df,2,train,1,15314_F
15314,G,6,124,994,4315911f517a,2,train,0,15314_G
15314,H,7,85,690,d7a4ab11f4c8,2,train,0,15314_H
15314,I,8,54,452,ccf5db880917,2,train,0,15314_I
15314,J,9,75,598,631330bfc122,2,train,1,15314_J
15314,L,0,438,3446,e4e03162a099,2,train,0,15314_L
15314,M,1,402,3008,ca059d194df8,2,train,0,15314_M
15314,N,2,383,3052,1b028b1ec38e,2,train,0,15314_N
15314,O,3,244,1893,5b2456c1a2d5,2,train,0,15314_O
15314,P,10,186,1445,960592f70647,1,train,0,15314_P
15314,Q,5,71,579,b7010615e7df,2,train,0,15314_Q
15314,R,6,124,994,4315911f517a,2,train,0,15314_R
15314,S,7,85,690,d7a4ab11f4c8,2,train,0,15314_S
15314,T,8,54,452,ccf5db880917,2,train,0,15314_T
15314,U,9,75,598,631330bfc122,2,train,0,15314_U
15315,A,0,438,3446,e4e03162a099,2,train,0,15315_A
15315,B,1,402,3008,ca059d194df8,2,train,0,15315_B
15315,C,2,383,3052,1b028b1ec38e,2,train,0,15315_C
15315,D,3,244,1893,5b2456c1a2d5,2,train,0,15315_D
15315,E,4,61,465,312fb172e8e3,1,train,0,15315_E
15315,F,5,71,579,b7010615e7df,2,train,0,15315_F
15315,G,6,124,994,4315911f517a,2,train,1,15315_G
15315,H,7,85,690,d7a4ab11f4c8,2,train,0,15315_H
15315,I,8,54,452,ccf5db880917,2,train,0,15315_I
15315,J,9,75,598,631330bfc122,2,train,0,15315_J
15315,L,0,438,3446,e4e03162a099,2,train,0,15315_L
15315,M,1,402,3008,ca059d194df8,2,train,0,15315_M
15315,N,2,383,3052,1b028b1ec38e,2,train,0,15315_N
15315,O,3,244,1893,5b2456c1a2d5,2,train,0,15315_O
15315,P,10,186,1445,960592f70647,1,train,0,15315_P
15315,Q,5,71,579,b7010615e7df,2,train,0,15315_Q
15315,R,6,124,994,4315911f517a,2,train,0,15315_R
15315,S,7,85,690,d7a4ab11f4c8,2,train,0,15315_S
15315,T,8,54,452,ccf5db880917,2,train,0,15315_T
15315,U,9,75,598,631330bfc122,2,train,0,15315_U
15321,A,0,438,3446,e4e03162a099,2,train,0,15321_A
15321,B,1,402,3008,ca059d194df8,2,train,0,15321_B
15321,C,2,383,3052,1b028b1ec38e,2,train,1,15321_C
15321,D,3,244,1893,5b2456c1a2d5,2,train,0,15321_D
15321,E,4,61,465,312fb172e8e3,1,train,0,15321_E
15321,F,5,71,579,b7010615e7df,2,train,0,15321_F
15321,G,6,124,994,4315911f517a,2,train,0,15321_G
15321,H,7,85,690,d7a4ab11f4c8,2,train,0,15321_H
15321,I,8,54,452,ccf5db880917,2,train,0,15321_I
15321,J,9,75,598,631330bfc122,2,train,0,15321_J
15321,L,0,438,3446,e4e03162a099,2,train,0,15321_L
15321,M,1,402,3008,ca059d194df8,2,train,0,15321_M
15321,N,2,383,3052,1b028b1ec38e,2,train,0,15321_N
15321,O,3,244,1893,5b2456c1a2d5,2,train,0,15321_O
15321,P,10,186,1445,960592f70647,1,train,0,15321_P
15321,Q,5,71,579,b7010615e7df,2,train,0,15321_Q
15321,R,6,124,994,4315911f517a,2,train,0,15321_R
15321,S,7,85,690,d7a4ab11f4c8,2,train,0,15321_S
15321,T,8,54,452,ccf5db880917,2,train,0,15321_T
15321,U,9,75,598,631330bfc122,2,train,0,15321_U
15323,A,0,438,3446,e4e03162a099,2,train,0,15323_A
15323,B,1,402,3008,ca059d194df8,2,train,0,15323_B
15323,C,2,383,3052,1b028b1ec38e,2,train,0,15323_C
15323,D,3,244,1893,5b2456c1a2d5,2,train,0,15323_D
15323,E,4,61,465,312fb172e8e3,1,train,0,15323_E
15323,F,5,71,579,b7010615e7df,2,train,1,15323_F
15323,G,6,124,994,4315911f517a,2,train,0,15323_G
15323,H,7,85,690,d7a4ab11f4c8,2,train,0,15323_H
15323,I,8,54,452,ccf5db880917,2,train,0,15323_I
15323,J,9,75,598,631330bfc122,2,train,0,15323_J
15323,L,0,438,3446,e4e03162a099,2,train,0,15323_L
15323,M,1,402,3008,ca059d194df8,2,train,0,15323_M
15323,N,2,383,3052,1b028b1ec38e,2,train,0,15323_N
15323,O,3,244,1893,5b2456c1a2d5,2,train,0,15323_O
15323,P,10,186,1445,960592f70647,1,train,0,15323_P
15323,Q,5,71,579,b7010615e7df,2,train,0,15323_Q
15323,R,6,124,994,4315911f517a,2,train,0,15323_R
15323,S,7,85,690,d7a4ab11f4c8,2,train,0,15323_S
15323,T,8,54,452,ccf5db880917,2,train,0,15323_T
15323,U,9,75,598,631330bfc122,2,train,0,15323_U
15326,A,0,438,3446,e4e03162a099,2,train,1,15326_A
15326,B,1,402,3008,ca059d194df8,2,train,0,15326_B
15326,C,2,383,3052,1b028b1ec38e,2,train,0,15326_C
15326,D,3,244,1893,5b2456c1a2d5,2,train,0,15326_D
15326,E,4,61,465,312fb172e8e3,1,train,0,15326_E
15326,F,5,71,579,b7010615e7df,2,train,0,15326_F
15326,G,6,124,994,4315911f517a,2,train,0,15326_G
15326,H,7,85,690,d7a4ab11f4c8,2,train,0,15326_H
15326,I,8,54,452,ccf5db880917,2,train,0,15326_I
15326,J,9,75,598,631330bfc122,2,train,0,15326_J
15326,L,0,438,3446,e4e03162a099,2,train,0,15326_L
15326,M,1,402,3008,ca059d194df8,2,train,0,15326_M
15326,N,2,383,3052,1b028b1ec38e,2,train,0,15326_N
15326,O,3,244,1893,5b2456c1a2d5,2,train,0,15326_O
15326,P,10,186,1445,960592f70647,1,train,0,15326_P
15326,Q,5,71,579,b7010615e7df,2,train,0,15326_Q
15326,R,6,124,994,4315911f517a,2,train,0,15326_R
15326,S,7,85,690,d7a4ab11f4c8,2,train,0,15326_S
15326,T,8,54,452,ccf5db880917,2,train,0,15326_T
15326,U,9,75,598,631330bfc122,2,train,0,15326_U
15334,A,0,438,3446,e4e03162a099,2,train,0,15334_A
15334,B,1,402,3008,ca059d194df8,2,train,0,15334_B
15334,C,2,383,3052,1b028b1ec38e,2,train,1,15334_C
15334,D,3,244,1893,5b2456c1a2d5,2,train,0,15334_D
15334,E,4,59,452,b6b330180b31,1,train,0,15334_E
15334,F,5,71,579,b7010615e7df,2,train,0,15334_F
15334,G,6,124,994,4315911f517a,2,train,0,15334_G
15334,H,7,85,690,d7a4ab11f4c8,2,train,0,15334_H
15334,I,8,54,452,ccf5db880917,2,train,0,15334_I
15334,J,9,75,598,631330bfc122,2,train,0,15334_J
15334,L,0,438,3446,e4e03162a099,2,train,0,15334_L
15334,M,1,402,3008,ca059d194df8,2,train,0,15334_M
15334,N,2,383,3052,1b028b1ec38e,2,train,0,15334_N
15334,O,3,244,1893,5b2456c1a2d5,2,train,0,15334_O
15334,P,10,186,1445,960592f70647,1,train,0,15334_P
15334,Q,5,71,579,b7010615e7df,2,train,0,15334_Q
15334,R,6,124,994,4315911f517a,2,train,0,15334_R
15334,S,7,85,690,d7a4ab11f4c8,2,train,0,15334_S
15334,T,8,54,452,ccf5db880917,2,train,0,15334_T
15334,U,9,75,598,631330bfc122,2,train,0,15334_U
15348,A,0,536,4103,7a8860e79dd8,1,train,1,15348_A
15348,B,1,538,4116,32b9b0975736,2,train,0,15348_B
15348,C,1,538,4116,32b9b0975736,2,train,0,15348_C
15348,D,2,538,4115,72b0abec6d10,1,train,0,15348_D
15362,A,0,787,6228,5fc0277594bb,1,train,0,15362_A
15362,B,1,361,2722,5eaa96bc0097,1,train,0,15362_B
15362,C,2,58,422,663119611c82,1,train,0,15362_C
15362,D,3,209,1700,c86f18208bd0,1,train,0,15362_D
15362,E,4,84,657,dd45b60f7baf,1,train,1,15362_E
15365,3,0,60,478,41aded359087,2,train,0,15365_3
15365,4,0,60,478,41aded359087,2,train,0,15365_4
15365,A,1,225,1686,52765636fe11,2,train,0,15365_A
15365,B,2,228,1858,226f4b789e0b,2,train,0,15365_B
15365,C,3,219,1613,01c635344357,2,train,0,15365_C
15365,D,4,233,1853,6f4c7edcd87d,2,train,0,15365_D
15365,E,5,225,1811,e2d446bbc56b,2,train,1,15365_E
15365,F,6,234,1879,5ae7779153f2,2,train,0,15365_F
15365,G,7,233,1843,6b6822a9bb2c,2,train,0,15365_G
15365,H,8,218,1659,b3346f8afef7,2,train,0,15365_H
15365,I,9,203,1594,cf1eb95f5a04,2,train,0,15365_I
15365,J,10,193,1542,52cf9a453626,2,train,0,15365_J
15365,K,11,195,1509,5a90751b5325,2,train,0,15365_K
15365,L,12,208,1690,19d535f0daa8,2,train,0,15365_L
15365,M,13,212,1662,01661912f81b,2,train,0,15365_M
15365,N,14,194,1482,170b9f063553,2,train,0,15365_N
15365,O,1,225,1686,52765636fe11,2,train,0,15365_O
15365,P,2,228,1858,226f4b789e0b,2,train,0,15365_P
15365,Q,3,219,1613,01c635344357,2,train,0,15365_Q
15365,R,4,233,1853,6f4c7edcd87d,2,train,0,15365_R
15365,S,5,225,1811,e2d446bbc56b,2,train,0,15365_S
15365,T,6,234,1879,5ae7779153f2,2,train,0,15365_T
15365,U,7,233,1843,6b6822a9bb2c,2,train,0,15365_U
15365,V,8,218,1659,b3346f8afef7,2,train,0,15365_V
15365,W,9,203,1594,cf1eb95f5a04,2,train,0,15365_W
15365,X,10,193,1542,52cf9a453626,2,train,0,15365_X
15365,Y,11,195,1509,5a90751b5325,2,train,0,15365_Y
15365,Z,12,208,1690,19d535f0daa8,2,train,0,15365_Z
15365,a,13,212,1662,01661912f81b,2,train,0,15365_a
15365,b,14,194,1482,170b9f063553,2,train,0,15365_b
15415,A,0,502,4054,d0bb3c105fee,1,train,1,15415_A
15415,B,1,539,4302,e5c5f7a35a08,1,train,0,15415_B
15415,C,2,173,1412,cbfda6159633,1,train,0,15415_C
15415,D,3,170,1387,3a97a51c9f82,1,train,0,15415_D
15533,0,0,51,417,4db3d65547bc,1,val,0,15533_0
15533,1,1,46,377,917fd91fa1d1,1,val,0,15533_1
15533,2,2,64,504,e262703728ed,1,val,0,15533_2
15533,3,3,38,302,43ab24acc3be,1,val,0,15533_3
15533,4,4,60,480,795d3148d6e7,1,val,0,15533_4
15533,c,5,271,2082,dc0ca816fa2a,1,val,0,15533_c
15533,d,6,208,1556,27483bce8f38,1,val,0,15533_d
15533,e,7,201,1552,59baeb04bdd4,1,val,0,15533_e
15533,f,8,177,1410,020a5720fed5,1,val,0,15533_f
15533,g,9,176,1323,77e24bd37b87,1,val,0,15533_g
15533,h,10,41,303,54e277362d42,1,val,0,15533_h
15533,i,11,142,1129,cfbedf730201,1,val,0,15533_i
15533,j,12,123,946,3eb0333c4afa,1,val,0,15533_j
15533,k,13,144,1053,00ba63904ba0,1,val,0,15533_k
15533,l,14,136,1074,6334c138321d,1,val,1,15533_l
15533,m,15,118,945,80b42ceef4c2,1,val,0,15533_m
15533,n,16,116,892,cbc8767a2cdc,1,val,0,15533_n
15533,o,17,114,917,f2f735ce1e57,1,val,0,15533_o
15533,p,18,117,947,6b8dfeb549bf,1,val,0,15533_p
15533,q,19,103,816,b3eb9333aa66,1,val,0,15533_q
15533,r,20,110,857,c4e9259c84c1,1,val,0,15533_r
15533,s,21,93,738,45296cc18fac,1,val,0,15533_s
15533,t,22,102,779,b52fee32a842,1,val,0,15533_t
15533,u,23,94,753,f168559556cf,1,val,0,15533_u
15533,v,24,78,586,5b5c607b5f00,1,val,0,15533_v
15533,w,25,77,625,29a1aee1fff6,1,val,0,15533_w
15533,x,26,62,501,4c6c48e026d9,1,val,0,15533_x
15533,y,27,58,449,f8d3ad4d81e1,1,val,0,15533_y
15533,z,28,56,444,20662074c6dc,1,val,0,15533_z
15558,0,0,51,417,4db3d65547bc,1,train,0,15558_0
15558,1,1,46,377,917fd91fa1d1,1,train,0,15558_1
15558,2,2,64,504,e262703728ed,1,train,0,15558_2
15558,3,3,38,302,43ab24acc3be,1,train,0,15558_3
15558,4,4,48,373,90919c868954,1,train,0,15558_4
15558,A,5,102,820,80207d0f3462,1,train,0,15558_A
15558,c,6,271,2082,dc0ca816fa2a,1,train,0,15558_c
15558,d,7,209,1565,3949dea42f5c,1,train,0,15558_d
15558,e,8,201,1552,59baeb04bdd4,1,train,1,15558_e
15558,f,9,177,1410,020a5720fed5,1,train,0,15558_f
15558,g,10,176,1323,77e24bd37b87,1,train,0,15558_g
15558,h,11,41,303,54e277362d42,1,train,0,15558_h
15558,i,12,142,1129,cfbedf730201,1,train,0,15558_i
15558,j,13,123,946,3eb0333c4afa,1,train,0,15558_j
15558,k,14,144,1053,00ba63904ba0,1,train,0,15558_k
15558,l,15,135,1066,839fbe8e7345,1,train,0,15558_l
15558,m,16,118,945,80b42ceef4c2,1,train,0,15558_m
15558,n,17,116,892,cbc8767a2cdc,1,train,0,15558_n
15558,o,18,114,917,f2f735ce1e57,1,train,0,15558_o
15558,p,19,117,947,6b8dfeb549bf,1,train,0,15558_p
15558,q,20,103,816,b3eb9333aa66,1,train,0,15558_q
15558,r,21,110,857,c4e9259c84c1,1,train,0,15558_r
15558,s,22,93,738,45296cc18fac,1,train,0,15558_s
15558,t,23,102,779,b52fee32a842,1,train,0,15558_t
15558,u,24,94,753,f168559556cf,1,train,0,15558_u
15558,v,25,78,592,5b5c607b5f00,1,train,0,15558_v
15558,w,26,77,625,29a1aee1fff6,1,train,0,15558_w
15558,x,27,62,501,4c6c48e026d9,1,train,0,15558_x
15558,y,28,58,449,f8d3ad4d81e1,1,train,0,15558_y
15558,z,29,56,444,20662074c6dc,1,train,0,15558_z
15775,A,0,153,1257,0844bc10256e,1,train,0,15775_A
15775,B,1,427,3208,425e1ba7c579,1,train,0,15775_B
15775,C,2,104,815,c4ae292b362a,1,train,1,15775_C
15802,A,0,696,5438,492d3a5bda50,1,train,1,15802_A
15802,B,1,547,4110,e3ec97d3fa26,1,train,0,15802_B
15930,A,0,59,486,a2b8ec03f1c0,1,train,0,15930_A
15930,B,1,204,1579,aeec59e36d4d,1,train,1,15930_B
15930,C,2,195,1501,7bf4cb664e44,1,train,0,15930_C
15930,E,3,250,1938,fc66474d3e98,1,train,0,15930_E
15937,A,0,117,956,806b0ec05573,1,val,1,15937_A
15937,B,1,182,1435,8e57b456ea90,1,val,0,15937_B
15937,C,2,209,1726,4b486f719362,1,val,1,15937_C
15937,D,3,427,3411,b3018b0d4049,1,val,0,15937_D
15937,E,4,214,1679,87d4bdc363d5,1,val,0,15937_E
15937,F,5,439,3367,7454cf5ba921,1,val,0,15937_F
15937,G,6,677,5146,510b4ec8384a,1,val,0,15937_G
15937,H,7,315,2571,d13aaa4149a9,1,val,0,15937_H
15937,I,8,186,1485,4f72faccc2e2,1,val,0,15937_I
15937,J,9,167,1351,9fcb9ec91665,1,val,0,15937_J
15937,K,10,93,771,7f470aa0e11e,1,val,1,15937_K
15937,L,11,577,4606,545350f21d12,1,val,0,15937_L
15937,M,12,446,3617,729aaaa73c1a,1,val,0,15937_M
15937,N,13,341,2796,c6970586c7b4,1,val,0,15937_N
15937,O,14,368,3007,26f2fe790359,1,val,0,15937_O
15937,P,15,377,3032,e329a295e4f0,1,val,0,15937_P
15937,Q,16,130,1054,948faee5013b,1,val,0,15937_Q
15937,R,17,89,716,fd25460df321,1,val,1,15937_R
15937,T,18,77,615,e87ca72a89ad,1,val,0,15937_T
15937,U,19,85,684,08b264140bc2,1,val,0,15937_U
15937,V,20,118,922,f2b16e32b340,1,val,0,15937_V
15937,W,21,114,968,07b3fe83d008,1,val,0,15937_W
15937,X,22,174,1383,6027803d26d2,1,val,0,15937_X
15937,Y,23,167,1277,5fdb34416764,1,val,0,15937_Y
15937,Z,24,146,1201,66a0b231fd69,1,val,0,15937_Z
15937,a,25,73,601,b027ceb5fd8d,1,val,0,15937_a
15937,b,26,66,519,3b7c808fca63,1,val,0,15937_b
15937,d,27,115,907,8b8a2deb2dc9,1,val,0,15937_d
15937,e,28,100,828,ff00fea3120e,1,val,0,15937_e
15937,f,29,56,437,0a7815edf6b7,1,val,0,15937_f
15937,g,30,106,870,619c2ff6b161,1,val,0,15937_g
15937,h,31,145,1234,b0020691f2a8,1,val,0,15937_h
15937,i,32,161,1302,51212b3e797e,1,val,0,15937_i
15937,j,33,59,489,b53355e06c84,1,val,0,15937_j
15937,k,34,84,671,60455259eb79,1,val,0,15937_k
15937,l,35,144,1201,90a6e019b2e9,1,val,0,15937_l
15937,m,36,108,892,e2c38f182939,1,val,0,15937_m
15937,n,37,134,1152,cdb93cd18575,1,val,0,15937_n
15937,o,38,112,937,2f44f2cc326f,1,val,0,15937_o
15937,p,39,151,1266,08c27c618e43,1,val,0,15937_p
15937,q,40,135,1130,6b15f9398719,1,val,0,15937_q
15937,r,41,89,724,e2deb73714da,1,val,0,15937_r
15937,s,42,62,456,340643afea2a,1,val,0,15937_s
15960,A,0,218,1631,6290caeb9ba8,10,train,1,15960_A
15960,B,0,218,1631,6290caeb9ba8,10,train,0,15960_B
15960,C,0,218,1631,6290caeb9ba8,10,train,0,15960_C
15960,D,0,218,1631,6290caeb9ba8,10,train,0,15960_D
15960,E,0,218,1631,6290caeb9ba8,10,train,0,15960_E
15960,F,0,218,1631,6290caeb9ba8,10,train,0,15960_F
15960,G,0,218,1631,6290caeb9ba8,10,train,0,15960_G
15960,H,0,218,1631,6290caeb9ba8,10,train,0,15960_H
15960,I,0,218,1631,6290caeb9ba8,10,train,0,15960_I
15960,J,0,218,1631,6290caeb9ba8,10,train,0,15960_J
15996,A,0,722,5786,2f364e547da6,1,train,0,15996_A
15996,B,1,726,5699,c5cdfd7d9bec,1,train,0,15996_B
15996,C,2,731,5859,d765d18ed378,1,train,1,15996_C
16347,B,0,201,1588,8a0f993b39a8,1,test,0,16347_B
16347,E,1,114,902,4b53b296c725,1,test,0,16347_E
16347,F,2,125,973,3e5e5c99d8a6,1,test,0,16347_F
16347,H,3,122,1009,30c86934ff6d,1,test,0,16347_H
16347,I,4,141,1096,992d0020bad8,1,test,0,16347_I
16347,K,5,69,556,8c1afb86e6a1,1,test,0,16347_K
16347,L,6,60,471,93dfda4cd777,1,test,0,16347_L
16347,Q,7,214,1709,d198237cc924,1,test,0,16347_Q
16347,S,8,260,2068,7f84d0a4a4a5,1,test,0,16347_S
16347,T,9,226,1813,7c318baa6295,1,test,0,16347_T
16347,U,10,184,1481,a36264762a3e,1,test,0,16347_U
16347,V,11,185,1462,e74b41ea5e9d,1,test,0,16347_V
16347,W,12,185,1494,bab9a1b32709,1,test,0,16347_W
16347,X,13,141,1137,11a67cdeaa2d,1,test,0,16347_X
16347,Y,14,150,1192,808b959b19bb,1,test,0,16347_Y
16347,Z,15,127,926,f468ddcbbce5,1,test,0,16347_Z
16347,b,16,129,1021,514365257b36,1,test,1,16347_b
16347,c,17,144,1121,287699eabfa5,1,test,0,16347_c
16347,d,18,130,1046,bed8be26cc00,1,test,0,16347_d
16347,e,19,179,796,dc72fdd50b29,1,test,1,16347_e
16347,f,20,81,610,7ff9df22447f,1,test,0,16347_f
16347,g,21,30,257,ced71e8726f0,1,test,0,16347_g
16347,p,22,180,1425,86ae9107d64f,1,test,0,16347_p
16347,r,23,190,1574,43531160414c,1,test,0,16347_r
16347,t,24,619,4982,ec4ca628e6bf,1,test,0,16347_t
16786,1,0,172,1413,d3f6e2dac1fe,24,val,1,16786_1
16786,2,0,172,1413,d3f6e2dac1fe,24,val,0,16786_2
16786,4,0,172,1413,d3f6e2dac1fe,24,val,0,16786_4
16786,6,0,172,1413,d3f6e2dac1fe,24,val,0,16786_6
16786,A,0,172,1413,d3f6e2dac1fe,24,val,0,16786_A
16786,B,0,172,1413,d3f6e2dac1fe,24,val,0,16786_B
16786,E,0,172,1413,d3f6e2dac1fe,24,val,0,16786_E
16786,F,0,172,1413,d3f6e2dac1fe,24,val,0,16786_F
16786,G,0,172,1413,d3f6e2dac1fe,24,val,0,16786_G
16786,H,0,172,1413,d3f6e2dac1fe,24,val,0,16786_H
16786,I,0,172,1413,d3f6e2dac1fe,24,val,0,16786_I
16786,K,0,172,1413,d3f6e2dac1fe,24,val,0,16786_K
16786,M,0,172,1413,d3f6e2dac1fe,24,val,0,16786_M
16786,O,0,172,1413,d3f6e2dac1fe,24,val,0,16786_O
16786,P,0,172,1413,d3f6e2dac1fe,24,val,0,16786_P
16786,Q,0,172,1413,d3f6e2dac1fe,24,val,0,16786_Q
16786,S,0,172,1413,d3f6e2dac1fe,24,val,0,16786_S
16786,U,0,172,1413,d3f6e2dac1fe,24,val,0,16786_U
16786,W,0,172,1413,d3f6e2dac1fe,24,val,0,16786_W
16786,X,0,172,1413,d3f6e2dac1fe,24,val,0,16786_X
16786,Y,0,172,1413,d3f6e2dac1fe,24,val,0,16786_Y
16786,a,0,172,1413,d3f6e2dac1fe,24,val,0,16786_a
16786,e,0,172,1413,d3f6e2dac1fe,24,val,0,16786_e
16786,r,0,172,1413,d3f6e2dac1fe,24,val,0,16786_r
20030,A,0,606,4774,9085ebb1871e,1,train,0,20030_A
20030,B,1,346,2668,7f61cb493004,2,train,1,20030_B
20030,C,2,611,4843,1e19fc857c2c,1,train,0,20030_C
20030,D,1,346,2671,7f61cb493004,2,train,0,20030_D
20030,H,3,55,288,bcf68a33aa5d,1,train,0,20030_H
20030,N,4,36,242,070331abbb4b,1,train,0,20030_N
20033,A,0,604,4788,dbd6bd6c5683,1,train,0,20033_A
20033,B,1,346,2673,7f61cb493004,2,train,1,20033_B
20033,C,2,612,4859,e4e696c2cd9e,1,train,0,20033_C
20033,D,1,346,2671,7f61cb493004,2,train,0,20033_D
20100,A,0,118,960,518d15857b8c,3,test,0,20100_A
20100,B,0,118,960,518d15857b8c,3,test,0,20100_B
20100,C,0,118,960,518d15857b8c,3,test,0,20100_C
20100,D,1,456,3569,1ed2040dfb48,2,test,1,20100_D
20100,E,2,455,3559,55dac9c89500,1,test,0,20100_E
20100,F,1,456,3569,1ed2040dfb48,2,test,0,20100_F
20100,K,3,133,1041,0a585e09e2ba,1,test,0,20100_K
20100,L,4,101,779,02b52717a713,1,test,1,20100_L
20100,M,5,131,1019,610a1b0a5206,3,test,0,20100_M
20100,N,6,104,797,fab0236bf806,3,test,0,20100_N
20100,O,5,131,1019,610a1b0a5206,3,test,0,20100_O
20100,P,6,104,797,fab0236bf806,3,test,0,20100_P
20100,Q,5,131,1019,610a1b0a5206,3,test,0,20100_Q
20100,R,6,104,797,fab0236bf806,3,test,0,20100_R
20170,A,0,508,3832,866a7c633903,1,train,0,20170_A
20170,B,1,513,3871,bd090af8b91e,1,train,0,20170_B
20170,C,2,512,3869,8a8921285097,1,train,0,20170_C
20170,D,3,460,3533,79016bec47e4,2,train,0,20170_D
20170,E,3,460,3533,79016bec47e4,2,train,0,20170_E
20170,F,4,458,3520,ba7bf5a9cd5a,1,train,0,20170_F
20170,G,5,284,2186,3b70ca61e39e,1,train,0,20170_G
20170,H,6,136,1034,691fdfe6559e,1,train,1,20170_H
20170,I,7,77,557,e3266b8823ca,9,train,0,20170_I
20170,J,7,77,557,e3266b8823ca,9,train,0,20170_J
20170,L,7,77,557,e3266b8823ca,9,train,0,20170_L
20170,M,7,77,557,e3266b8823ca,9,train,0,20170_M
20170,N,7,77,557,e3266b8823ca,9,train,0,20170_N
20170,O,7,77,557,e3266b8823ca,9,train,0,20170_O
20170,P,7,77,557,e3266b8823ca,9,train,0,20170_P
20170,Q,7,77,557,e3266b8823ca,9,train,0,20170_Q
20170,R,8,76,552,d244f31bcbb1,1,train,0,20170_R
20170,S,7,77,557,e3266b8823ca,9,train,0,20170_S
20170,W,9,173,1320,f496f3462e5e,1,train,0,20170_W
20170,X,10,156,1210,58477c44890d,2,train,0,20170_X
20170,Y,10,156,1210,58477c44890d,2,train,0,20170_Y
20170,a,11,266,2104,e0370ea18516,1,train,0,20170_a
20180,A,0,218,1751,5994b900c9d6,1,train,0,20180_A
20180,B,1,338,2584,edee59cbca1d,1,train,1,20180_B
20180,C,2,53,404,08d2598d7431,1,train,0,20180_C
20180,D,3,231,1762,5750501f080a,1,train,1,20180_D
20180,R,4,306,2415,70c55192738c,1,train,0,20180_R
20190,A,0,354,2832,f6af13f7d6d6,1,train,0,20190_A
20190,B,1,339,2607,9dd9fa15a083,1,train,0,20190_B
20190,G,2,58,444,e83a9e12c2ee,1,train,0,20190_G
20190,H,3,126,995,f7f2f62b9a64,1,train,1,20190_H
20190,L,4,104,778,50bb689fca47,1,train,0,20190_L
20190,R,5,364,2887,0e8bfa4de630,1,train,0,20190_R
20233,A,0,230,1786,a2b599c1c154,1,train,0,20233_A
20233,B,1,228,1767,e904399fef9c,1,train,0,20233_B
20233,C,2,1340,10568,af66b78a7e33,1,train,0,20233_C
20233,D,3,1327,10319,762abdc1aecb,1,train,0,20233_D
20233,E,4,75,600,d85f33bccf70,1,train,0,20233_E
20233,F,5,325,2665,2d40861a3c1c,1,train,1,20233_F
20233,P,6,145,1165,848e583abb66,1,train,0,20233_P
20233,Q,7,156,1261,d40b40777138,1,train,0,20233_Q
20234,A,0,230,1786,a2b599c1c154,1,val,1,20234_A
20234,B,1,228,1767,e904399fef9c,1,val,0,20234_B
20234,C,2,1324,10437,1568fb180aa9,1,val,0,20234_C
20234,D,3,1327,10319,762abdc1aecb,1,val,0,20234_D
20234,E,4,75,600,d85f33bccf70,1,val,0,20234_E
20234,Q,5,139,1129,b9abd80ad595,1,val,0,20234_Q
20240,A,0,731,5879,3f0744b28b90,1,train,0,20240_A
20240,B,1,690,5605,3d9eb255636f,1,train,1,20240_B
20249,B,0,217,1706,e9ba0d6a4d66,1,train,1,20249_B
20249,C,1,213,1729,aa2b4e72a48a,1,train,0,20249_C
20249,D,2,221,1712,949c95ffb7f3,1,train,0,20249_D
20249,E,3,228,1768,b1b987b0199c,1,train,0,20249_E
20249,F,4,262,2073,2612b5518848,1,train,0,20249_F
20249,G,5,184,1462,bb5110644e9a,1,train,1,20249_G
20249,H,6,237,1923,fc2d025b2d4e,1,train,0,20249_H
20249,I,7,185,1488,40d746e3e123,1,train,0,20249_I
20249,J,8,206,1686,1ad75645ccd8,1,train,0,20249_J
20249,K,9,185,1525,b53c168820b1,1,train,0,20249_K
20249,L,10,96,810,2929fd579a6e,1,train,0,20249_L
20249,M,11,143,1175,0d377290c06b,1,train,0,20249_M
20249,N,12,117,908,2ae20d95827b,1,train,0,20249_N
20249,O,13,149,1202,df3b35a908be,1,train,0,20249_O
20249,P,14,136,1016,687feef29ffd,1,train,0,20249_P
20249,Q,15,119,990,905a55e84ce1,1,train,0,20249_Q
20249,R,16,142,1128,28aa64eb8d77,1,train,0,20249_R
20249,S,17,132,1068,0706d85ced18,1,train,0,20249_S
20249,T,18,141,1168,33a023f15e40,1,train,0,20249_T
20249,U,19,141,1097,e491a8a62ac7,1,train,0,20249_U
20249,V,20,100,795,505d0d81ba43,1,train,1,20249_V
20249,W,21,83,630,bc43e79263c6,1,train,0,20249_W
20249,X,22,129,1034,41a8986a004d,1,train,0,20249_X
20249,Y,23,141,1098,eacbd46b2869,1,train,0,20249_Y
20249,Z,24,124,1011,31c0f823b6de,1,train,0,20249_Z
20249,a,25,70,557,6aa289922018,1,train,0,20249_a
20249,b,26,98,778,28ca75b33212,1,train,0,20249_b
20249,c,27,83,651,386ed138b41d,1,train,0,20249_c
20249,d,28,62,488,786bac91df6f,1,train,0,20249_d
20249,e,29,55,459,5096f80ca211,1,train,0,20249_e
20249,f,30,57,457,2f32b121bee7,1,train,0,20249_f
20249,g,31,68,555,5c83d699d944,1,train,0,20249_g
20249,h,32,313,2436,ea475b3d65ec,1,train,0,20249_h
20249,n,33,25,239,494e634253f1,1,train,0,20249_n
20275,1,0,201,1638,90b7dc99723d,1,test,1,20275_1
20275,2,1,238,1850,106bd094c1ff,1,test,0,20275_2
20275,3,2,223,1734,5267b6a436ee,1,test,0,20275_3
20276,1,0,191,1555,a0677286fa49,1,train,0,20276_1
20276,2,1,218,1697,1e5e14b363c8,1,train,1,20276_2
20276,3,2,228,1777,f70326d9979f,1,train,0,20276_3
20277,A,0,192,1627,b8f5b315381b,1,val,1,20277_A
20277,B,1,338,2600,edee59cbca1d,1,val,0,20277_B
20277,G,2,56,429,90b8fae971fe,1,val,0,20277_G
20277,N,3,126,961,90dc4e3d7b0c,1,val,0,20277_N
20277,P,4,33,265,c37662bf105d,1,val,0,20277_P
20277,R,5,270,2256,7271a7b8eefb,1,val,1,20277_R
20285,A,0,227,1892,85fa46a33fa2,1,train,0,20285_A
20285,B,1,338,2601,edee59cbca1d,1,train,1,20285_B
20285,G,2,57,436,9b808b5d658e,1,train,0,20285_G
20285,N,3,126,961,90dc4e3d7b0c,1,train,0,20285_N
20285,P,4,281,2363,d0d67bc49d51,1,train,0,20285_P
20285,U,5,40,330,4ec154ee2609,1,train,0,20285_U
20295,A,0,675,5088,0f2b38dfc367,4,train,1,20295_A
20295,B,1,142,870,cf38ff01fad8,4,train,0,20295_B
20295,C,0,675,5088,0f2b38dfc367,4,train,0,20295_C
20295,D,1,142,870,cf38ff01fad8,4,train,0,20295_D
20295,E,0,675,5088,0f2b38dfc367,4,train,0,20295_E
20295,F,1,142,870,cf38ff01fad8,4,train,0,20295_F
20295,G,0,675,5088,0f2b38dfc367,4,train,0,20295_G
20295,H,1,142,870,cf38ff01fad8,4,train,0,20295_H
20304,K,0,270,2076,3ca5e4ec35e4,1,train,0,20304_K
20304,L,1,144,1053,00ba63904ba0,1,train,0,20304_L
20304,M,2,201,1552,59baeb04bdd4,1,train,1,20304_M
20304,N,3,206,1542,d0919a4d59b1,1,train,0,20304_N
20304,O,4,142,1129,cfbedf730201,1,train,0,20304_O
20305,K,0,271,2083,dc0ca816fa2a,1,train,1,20305_K
20305,L,1,144,1053,00ba63904ba0,1,train,0,20305_L
20305,M,2,201,1552,59baeb04bdd4,1,train,0,20305_M
20305,N,3,209,1565,3949dea42f5c,1,train,0,20305_N
20305,O,4,142,1129,cfbedf730201,1,train,0,20305_O
20306,K,0,271,2083,dc0ca816fa2a,1,val,0,20306_K
20306,L,1,144,1053,00ba63904ba0,1,val,0,20306_L
20306,M,2,201,1552,59baeb04bdd4,1,val,0,20306_M
20306,N,3,209,1565,3949dea42f5c,1,val,0,20306_N
20306,O,4,142,1129,cfbedf730201,1,val,1,20306_O
20323,A,0,758,6142,490eb95164b4,1,train,0,20323_A
20323,B,1,53,406,093579345830,1,train,0,20323_B
20323,D,2,345,2802,531dc277c165,1,train,0,20323_D
20323,E,3,69,554,69b9d77a2d08,1,train,0,20323_E
20323,F,4,74,561,5c2e4db86c9c,1,train,0,20323_F
20323,G,5,199,1484,4a649fb357a2,1,train,1,20323_G
20323,H,6,158,1149,bcc61ca552f5,1,train,0,20323_H
20323,I,7,159,1140,7e38cd5c874b,8,train,0,20323_I
20323,J,7,159,1140,7e38cd5c874b,8,train,0,20323_J
20323,K,7,159,1140,7e38cd5c874b,8,train,0,20323_K
20323,L,7,159,1140,7e38cd5c874b,8,train,0,20323_L
20323,M,7,159,1140,7e38cd5c874b,8,train,0,20323_M
20323,N,7,159,1140,7e38cd5c874b,8,train,0,20323_N
20323,O,7,159,1140,7e38cd5c874b,8,train,0,20323_O
20323,P,7,159,1140,7e38cd5c874b,8,train,0,20323_P
20323,Q,8,369,2712,43b9fe681e75,2,train,0,20323_Q
20323,R,8,369,2712,43b9fe681e75,2,train,0,20323_R
20375,A,0,345,2787,f8875ba5debd,5,train,1,20375_A
20375,B,0,345,2787,f8875ba5debd,5,train,0,20375_B
20375,C,0,345,2787,f8875ba5debd,5,train,0,20375_C
20375,D,0,345,2787,f8875ba5debd,5,train,0,20375_D
20375,E,0,345,2787,f8875ba5debd,5,train,0,20375_E
20380,A,0,346,2787,16b45b57311e,5,train,1,20380_A
20380,B,0,346,2787,16b45b57311e,5,train,0,20380_B
20380,C,0,346,2787,16b45b57311e,5,train,0,20380_C
20380,D,0,346,2787,16b45b57311e,5,train,0,20380_D
20380,E,0,346,2787,16b45b57311e,5,train,0,20380_E
20435,C,0,221,1684,015a51bdc76d,1,train,0,20435_C
20435,D,1,167,1265,e770e886b4df,1,train,0,20435_D
20435,E,2,194,1484,1c6356672499,1,train,0,20435_E
20435,J,3,141,1119,6f3c542164fc,1,train,0,20435_J
20435,K,4,122,920,1ac431f7fc25,1,train,0,20435_K
20435,L,5,128,952,a785f13d45ad,1,train,0,20435_L
20435,N,6,119,953,129e6932f02b,1,train,0,20435_N
20435,O,7,104,791,56c9717c3b16,1,train,0,20435_O
20435,P,8,103,846,a95b4093383d,1,train,0,20435_P
20435,Q,9,117,940,0e4e48792241,1,train,0,20435_Q
20435,R,10,96,758,a32625f9ddb7,1,train,0,20435_R
20435,S,11,109,842,dce378a57519,1,train,0,20435_S
20435,T,12,88,707,32bd490b655a,1,train,0,20435_T
20435,U,13,98,739,99c045e24711,1,train,0,20435_U
20435,V,14,73,555,03613625bffb,1,train,0,20435_V
20435,Y,15,65,530,0357e2e3d9a5,1,train,1,20435_Y
20435,Z,16,58,455,9c39b8a50df4,1,train,0,20435_Z
20435,b,17,54,426,c93d5ae5a109,1,train,0,20435_b
20435,d,18,44,367,f83017b248b3,1,train,0,20435_d
20440,A,0,901,6209,a8cfef5ab1e1,1,test,0,20440_A
20440,B,1,771,5371,6ea4c7268b9f,1,test,1,20440_B
20454,A,0,508,3832,866a7c633903,1,train,0,20454_A
20454,B,1,513,3871,bd090af8b91e,1,train,0,20454_B
20454,C,2,512,3869,8a8921285097,1,train,0,20454_C
20454,D,3,460,3533,79016bec47e4,2,train,0,20454_D
20454,E,3,460,3533,79016bec47e4,2,train,0,20454_E
20454,F,4,458,3520,ba7bf5a9cd5a,1,train,0,20454_F
20454,G,5,284,2186,3b70ca61e39e,1,train,0,20454_G
20454,H,6,136,1034,691fdfe6559e,1,train,0,20454_H
20454,I,7,77,557,e3266b8823ca,9,train,0,20454_I
20454,J,7,77,557,e3266b8823ca,9,train,0,20454_J
20454,L,7,77,557,e3266b8823ca,9,train,0,20454_L
20454,M,7,77,557,e3266b8823ca,9,train,0,20454_M
20454,N,7,77,557,e3266b8823ca,9,train,0,20454_N
20454,O,7,77,557,e3266b8823ca,9,train,0,20454_O
20454,P,7,77,557,e3266b8823ca,9,train,0,20454_P
20454,Q,7,77,557,e3266b8823ca,9,train,0,20454_Q
20454,R,8,76,552,d244f31bcbb1,1,train,0,20454_R
20454,S,7,77,557,e3266b8823ca,9,train,0,20454_S
20454,W,9,173,1320,f496f3462e5e,1,train,0,20454_W
20454,X,10,156,1210,58477c44890d,2,train,1,20454_X
20454,Y,10,156,1210,58477c44890d,2,train,0,20454_Y
20454,a,11,266,2104,e0370ea18516,1,train,0,20454_a
20457,A,0,480,3823,094b621e7e4a,2,train,1,20457_A
20457,E,0,480,3823,094b621e7e4a,2,train,0,20457_E
20463,G,0,232,1769,0e5b36150791,1,val,1,20463_G
20463,H,1,218,1669,c04ec2487a0e,1,val,0,20463_H
20463,I,2,1337,10512,4cacc023c455,1,val,0,20463_I
20463,J,3,1164,9109,0026849b5378,1,val,0,20463_J
20463,K,4,72,577,0cdb983c6101,1,val,0,20463_K
20463,L,5,558,4495,7ba5643cf560,1,val,0,20463_L
20463,M,6,73,572,1715e8c2e6b3,1,val,0,20463_M
20463,N,7,72,566,6d5357d8024f,1,val,0,20463_N
20464,G,0,230,1775,5281b5680cc8,1,val,0,20464_G
20464,H,1,217,1668,ad1d7b8cb38f,1,val,0,20464_H
20464,I,2,1340,10567,ad4e9e01a954,1,val,0,20464_I
20464,J,3,1344,10433,ef57ddb0d7d7,1,val,0,20464_J
20464,K,4,72,577,0cdb983c6101,1,val,0,20464_K
20464,L,5,529,4277,cc8c2840f2b9,1,val,0,20464_L
20464,M,6,73,572,1715e8c2e6b3,1,val,0,20464_M
20464,N,7,72,571,6d5357d8024f,1,val,1,20464_N
20481,A,0,244,1905,8b9499c3e3d1,1,train,1,20481_A
20481,B,1,231,1818,b25aa6392b4d,1,train,0,20481_B
20481,C,2,63,526,1e22ec1837f0,1,train,0,20481_C
20481,D,3,47,388,b4b3e67f6b5e,1,train,0,20481_D
20491,C,0,220,1680,0ed30acd8b3f,1,train,0,20491_C
20491,D,1,167,1264,cdafd7ef5150,1,train,0,20491_D
20491,E,2,183,1391,805b5b64dd22,1,train,1,20491_E
20491,J,3,141,1119,6f3c542164fc,1,train,0,20491_J
20491,K,4,116,886,4e700e6ee92b,1,train,0,20491_K
20491,L,5,97,716,d88a99a051cb,1,train,1,20491_L
20491,N,6,119,953,129e6932f02b,1,train,0,20491_N
20491,P,7,98,799,43cdd3be0c24,1,train,0,20491_P
20491,Q,8,116,932,d13c96958886,1,train,0,20491_Q
20491,R,9,100,761,d0ee20b92c61,1,train,0,20491_R
20491,S,10,101,780,b5d22210476c,1,train,0,20491_S
20491,T,11,89,712,4b515d3f75cd,1,train,0,20491_T
20491,U,12,90,684,f6460e02d66f,1,train,0,20491_U
20491,Y,13,63,517,30c1735900e7,1,train,0,20491_Y
20491,b,14,52,414,d83056f10e8e,1,train,0,20491_b
20491,d,15,39,327,d72ae728bf55,1,train,0,20491_d
20540,A,0,388,3051,7f841e1215d0,4,test,1,20540_A
20540,B,0,388,3051,7f841e1215d0,4,test,0,20540_B
20540,C,1,129,1002,4eb1f89113c0,4,test,0,20540_C
20540,D,2,109,798,b867f02cae11,4,test,0,20540_D
20540,E,0,388,3051,7f841e1215d0,4,test,0,20540_E
20540,F,0,388,3051,7f841e1215d0,4,test,0,20540_F
20540,G,1,129,1002,4eb1f89113c0,4,test,0,20540_G
20540,H,1,129,1002,4eb1f89113c0,4,test,0,20540_H
20540,I,1,129,1002,4eb1f89113c0,4,test,0,20540_I
20540,J,2,109,798,b867f02cae11,4,test,0,20540_J
20540,K,2,109,798,b867f02cae11,4,test,0,20540_K
20540,L,2,109,798,b867f02cae11,4,test,0,20540_L
20660,A,0,1110,8732,c499f7528d1c,1,train,0,20660_A
20660,B,1,298,2439,d4ded0f36dc7,1,train,1,20660_B
20660,C,2,281,2249,bc7e60e849ed,1,train,0,20660_C
20660,D,3,108,710,7425fe276517,1,train,0,20660_D
20660,E,4,124,911,1db4ba8613f1,1,train,0,20660_E
20660,F,5,120,883,a212d53714a8,1,train,0,20660_F
20660,G,6,84,447,c194e7e9c4af,1,train,0,20660_G
20660,H,7,89,594,28985762ef2a,1,train,0,20660_H
20666,A,0,374,2774,1225d450f297,4,train,1,20666_A
20666,B,0,374,2814,1225d450f297,4,train,0,20666_B
20666,C,0,374,2763,1225d450f297,4,train,0,20666_C
20666,D,0,374,2865,1225d450f297,4,train,0,20666_D
20708,A,0,231,1847,b2a6b679feeb,1,train,1,20708_A
20708,B,1,260,2012,af2a7b27f227,1,train,0,20708_B
20708,C,2,284,2060,6f583cf7826a,1,train,0,20708_C
20708,Z,3,230,1746,4249cec3424a,1,train,0,20708_Z
20750,A,0,221,1616,d7ec669899a4,1,train,0,20750_A
20750,B,1,231,1686,f95becc1dbcc,3,train,0,20750_B
20750,C,2,535,4130,7d3ee6c8c733,1,train,0,20750_C
20750,D,3,132,1042,64a350bac796,1,train,1,20750_D
20750,E,4,227,1570,041524119c00,1,train,0,20750_E
20750,F,1,231,1656,f95becc1dbcc,3,train,0,20750_F
20750,G,1,231,1666,f95becc1dbcc,3,train,0,20750_G
20750,H,5,224,1556,e9196d74aaab,1,train,0,20750_H
20750,K,6,221,1581,692bb353f28d,1,train,0,20750_K
20750,L,7,220,1543,e87d202a6206,1,train,0,20750_L
20765,A,0,97,799,53a7a28ea538,1,test,0,20765_A
20765,B,1,82,657,860fc5991ef2,1,test,1,20765_B
20765,C,2,107,823,40fb0645ee4d,2,test,0,20765_C
20765,D,3,93,726,dc4af31039f1,1,test,0,20765_D
20765,E,4,96,793,13bb46c93bc9,1,test,0,20765_E
20765,F,5,86,694,6b7be9b926ea,1,test,0,20765_F
20765,G,2,107,823,40fb0645ee4d,2,test,0,20765_G
20765,H,6,93,725,daa00500e8f4,1,test,0,20765_H
20765,K,7,305,2365,3e30bdb07e07,1,test,0,20765_K
20765,L,8,382,3128,039002057997,1,test,0,20765_L
20765,M,9,188,1490,4ddbe1e3dc2a,1,test,0,20765_M
20765,N,10,408,3273,db77e27722b9,1,test,0,20765_N
20765,O,11,42,342,28a55f5df411,1,test,0,20765_O
20765,P,12,43,329,99746631913b,1,test,0,20765_P
20765,X,13,73,604,6d21a2811a23,1,test,0,20765_X
20794,A,0,593,4242,446f4fb59cc9,1,train,0,20794_A
20794,B,1,359,2811,4917fb8f380f,1,train,0,20794_B
20794,D,2,176,939,4feb48eb5275,1,train,1,20794_D
20796,A,0,593,4387,446f4fb59cc9,1,train,0,20796_A
20796,B,1,359,2811,4917fb8f380f,1,train,0,20796_B
20796,E,2,115,898,33b676f0123b,1,train,1,20796_E
20796,F,3,117,881,15af7b8b0dd3,1,train,0,20796_F
20814,A,0,121,939,36d42b73dd3d,1,test,0,20814_A
20814,B,1,125,944,dddbab444c90,1,test,0,20814_B
20814,C,2,91,666,a7884edcdff6,1,test,0,20814_C
20814,D,3,85,647,c73f432b9b65,1,test,0,20814_D
20814,E,4,106,829,f0a508a12298,1,test,0,20814_E
20814,F,5,273,2246,9b745a78cd64,1,test,0,20814_F
20814,G,6,310,2506,cbed27009d27,1,test,0,20814_G
20814,L,7,458,3632,846eb73222dd,1,test,0,20814_L
20814,N,8,483,3869,0174dc64accb,1,test,1,20814_N
20819,1,0,132,1034,838f52602d66,3,train,1,20819_1
20819,A,1,462,3613,cfefadb27183,3,train,0,20819_A
20819,B,2,126,991,981913a135ee,3,train,0,20819_B
20819,C,3,110,800,7d084eb31e97,3,train,0,20819_C
20819,D,0,132,1034,838f52602d66,3,train,0,20819_D
20819,E,1,462,3613,cfefadb27183,3,train,0,20819_E
20819,F,2,126,991,981913a135ee,3,train,0,20819_F
20819,G,3,110,800,7d084eb31e97,3,train,0,20819_G
20819,H,0,132,1034,838f52602d66,3,train,0,20819_H
20819,I,1,462,3613,cfefadb27183,3,train,0,20819_I
20819,J,2,126,991,981913a135ee,3,train,0,20819_J
20819,K,3,110,800,7d084eb31e97,3,train,0,20819_K
20833,A,0,184,1437,15acda7a3614,23,test,1,20833_A
20833,B,1,194,1600,3c40c9c549cc,23,test,0,20833_B
20833,C,0,184,1437,15acda7a3614,23,test,0,20833_C
20833,D,1,194,1600,3c40c9c549cc,23,test,0,20833_D
20833,E,0,184,1437,15acda7a3614,23,test,0,20833_E
20833,F,1,194,1600,3c40c9c549cc,23,test,0,20833_F
20833,G,0,184,1437,15acda7a3614,23,test,0,20833_G
20833,H,1,194,1600,3c40c9c549cc,23,test,0,20833_H
20833,I,0,184,1437,15acda7a3614,23,test,0,20833_I
20833,J,1,194,1600,3c40c9c549cc,23,test,0,20833_J
20833,K,0,184,1437,15acda7a3614,23,test,0,20833_K
20833,L,1,194,1600,3c40c9c549cc,23,test,0,20833_L
20833,M,0,184,1437,15acda7a3614,23,test,0,20833_M
20833,N,1,194,1600,3c40c9c549cc,23,test,0,20833_N
20833,O,0,184,1437,15acda7a3614,23,test,0,20833_O
20833,P,1,194,1600,3c40c9c549cc,23,test,0,20833_P
20833,Q,0,184,1437,15acda7a3614,23,test,0,20833_Q
20833,R,1,194,1600,3c40c9c549cc,23,test,0,20833_R
20833,S,0,184,1437,15acda7a3614,23,test,0,20833_S
20833,T,1,194,1600,3c40c9c549cc,23,test,0,20833_T
20833,U,0,184,1437,15acda7a3614,23,test,0,20833_U
20833,V,1,194,1600,3c40c9c549cc,23,test,0,20833_V
20833,W,0,184,1437,15acda7a3614,23,test,0,20833_W
20833,X,1,194,1600,3c40c9c549cc,23,test,0,20833_X
20833,Y,0,184,1437,15acda7a3614,23,test,0,20833_Y
20833,Z,1,194,1600,3c40c9c549cc,23,test,0,20833_Z
20833,a,0,184,1437,15acda7a3614,23,test,0,20833_a
20833,b,1,194,1600,3c40c9c549cc,23,test,0,20833_b
20833,c,0,184,1437,15acda7a3614,23,test,0,20833_c
20833,d,1,194,1600,3c40c9c549cc,23,test,0,20833_d
20833,e,0,184,1437,15acda7a3614,23,test,0,20833_e
20833,f,1,194,1600,3c40c9c549cc,23,test,0,20833_f
20833,g,0,184,1437,15acda7a3614,23,test,0,20833_g
20833,h,1,194,1600,3c40c9c549cc,23,test,0,20833_h
20833,i,0,184,1437,15acda7a3614,23,test,0,20833_i
20833,j,1,194,1600,3c40c9c549cc,23,test,0,20833_j
20833,k,0,184,1437,15acda7a3614,23,test,0,20833_k
20833,l,1,194,1600,3c40c9c549cc,23,test,0,20833_l
20833,m,0,184,1437,15acda7a3614,23,test,0,20833_m
20833,n,1,194,1600,3c40c9c549cc,23,test,0,20833_n
20833,o,0,184,1437,15acda7a3614,23,test,0,20833_o
20833,p,1,194,1600,3c40c9c549cc,23,test,0,20833_p
20833,q,0,184,1437,15acda7a3614,23,test,0,20833_q
20833,r,1,194,1600,3c40c9c549cc,23,test,0,20833_r
20833,s,0,184,1437,15acda7a3614,23,test,0,20833_s
20833,t,1,194,1600,3c40c9c549cc,23,test,0,20833_t
20839,A,0,93,766,b38c7542f03c,1,train,0,20839_A
20839,B,1,79,630,52a0d3fbac1e,2,train,0,20839_B
20839,C,2,97,744,79762777eb74,1,train,1,20839_C
20839,D,3,96,752,cea4b031b23c,1,train,0,20839_D
20839,E,4,97,794,c0e15a544f68,1,train,0,20839_E
20839,F,1,79,630,52a0d3fbac1e,2,train,0,20839_F
20839,G,5,99,762,eff0f2d9e479,1,train,0,20839_G
20839,H,6,92,720,598e43d5478c,1,train,0,20839_H
20861,A,0,1199,9498,41874ef81f93,1,train,0,20861_A
20861,B,1,378,3051,c8b3a3d4a063,1,train,1,20861_B
20861,C,2,116,913,9a28d71a7076,1,train,0,20861_C
20861,E,3,527,4382,e1455440aa76,2,train,0,20861_E
20861,F,3,527,4382,e1455440aa76,2,train,0,20861_F
20877,1,0,203,1558,49b404f3c9b3,14,train,1,20877_1
20877,2,0,203,1558,49b404f3c9b3,14,train,0,20877_2
20877,A,1,227,1765,47cafdc7999b,7,train,1,20877_A
20877,B,1,227,1765,47cafdc7999b,7,train,0,20877_B
20877,C,1,227,1765,47cafdc7999b,7,train,0,20877_C
20877,D,1,227,1765,47cafdc7999b,7,train,0,20877_D
20877,E,1,227,1765,47cafdc7999b,7,train,0,20877_E
20877,F,1,227,1765,47cafdc7999b,7,train,0,20877_F
20877,G,1,227,1765,47cafdc7999b,7,train,0,20877_G
20877,H,0,203,1558,49b404f3c9b3,14,train,0,20877_H
20877,I,0,203,1558,49b404f3c9b3,14,train,0,20877_I
20877,J,0,203,1558,49b404f3c9b3,14,train,0,20877_J
20877,K,0,203,1558,49b404f3c9b3,14,train,0,20877_K
20877,L,0,203,1558,49b404f3c9b3,14,train,0,20877_L
20877,M,0,203,1558,49b404f3c9b3,14,train,0,20877_M
20877,N,0,203,1558,49b404f3c9b3,14,train,0,20877_N
20877,O,2,226,1761,aa74c3a907f9,7,train,0,20877_O
20877,P,2,226,1761,aa74c3a907f9,7,train,0,20877_P
20877,Q,2,226,1761,aa74c3a907f9,7,train,0,20877_Q
20877,R,2,226,1761,aa74c3a907f9,7,train,0,20877_R
20877,S,2,226,1761,aa74c3a907f9,7,train,0,20877_S
20877,T,2,226,1761,aa74c3a907f9,7,train,0,20877_T
20877,U,2,226,1761,aa74c3a907f9,7,train,0,20877_U
20877,V,0,203,1558,49b404f3c9b3,14,train,0,20877_V
20877,W,0,203,1558,49b404f3c9b3,14,train,0,20877_W
20877,X,0,203,1558,49b404f3c9b3,14,train,0,20877_X
20877,Y,0,203,1558,49b404f3c9b3,14,train,0,20877_Y
20877,Z,0,203,1558,49b404f3c9b3,14,train,0,20877_Z
20901,A,0,190,1604,57e126f50e58,1,train,1,20901_A
20901,B,1,336,2583,7b42d9ef1d03,1,train,0,20901_B
20901,E,2,111,749,158a18169731,1,train,0,20901_E
20901,G,3,49,380,a328299a0c44,1,train,0,20901_G
20901,N,4,126,961,90dc4e3d7b0c,1,train,0,20901_N
20901,P,5,37,297,d4fcd8e310f9,1,train,0,20901_P
20901,R,6,341,2734,5cad439c4b63,1,train,0,20901_R
20906,A,0,190,1604,57e126f50e58,1,val,0,20906_A
20906,B,1,336,2583,7b42d9ef1d03,1,val,0,20906_B
20906,E,2,111,888,158a18169731,1,val,0,20906_E
20906,G,3,49,380,a328299a0c44,1,val,0,20906_G
20906,N,4,126,961,90dc4e3d7b0c,1,val,0,20906_N
20906,P,5,43,326,41e96c03bf06,1,val,0,20906_P
20906,R,6,344,2819,d4fb5a6787f0,1,val,1,20906_R
20947,A,0,231,1808,eb56e75281ff,3,train,0,20947_A
20947,B,0,231,1808,eb56e75281ff,3,train,0,20947_B
20947,C,0,231,1808,eb56e75281ff,3,train,0,20947_C
20947,D,1,91,730,cea2cb779c3d,3,train,0,20947_D
20947,E,1,91,730,cea2cb779c3d,3,train,0,20947_E
20947,F,1,91,730,cea2cb779c3d,3,train,0,20947_F
20947,G,2,132,1034,fe734d42f9e9,3,train,1,20947_G
20947,H,2,132,1034,fe734d42f9e9,3,train,0,20947_H
20947,I,2,132,1034,fe734d42f9e9,3,train,0,20947_I
20947,J,3,108,825,9c23094cced5,3,train,0,20947_J
20947,K,3,108,825,9c23094cced5,3,train,0,20947_K
20947,L,3,108,825,9c23094cced5,3,train,0,20947_L
20965,A,0,352,2848,93e1dbba5250,4,test,1,20965_A
20965,B,1,144,1108,bcc3a8603ce7,4,test,0,20965_B
20965,C,0,352,2848,93e1dbba5250,4,test,0,20965_C
20965,D,1,144,1108,bcc3a8603ce7,4,test,0,20965_D
20965,E,0,352,2848,93e1dbba5250,4,test,0,20965_E
20965,F,1,144,1108,bcc3a8603ce7,4,test,0,20965_F
20965,G,0,352,2848,93e1dbba5250,4,test,0,20965_G
20965,H,1,144,1108,bcc3a8603ce7,4,test,0,20965_H
21018,A,0,446,3436,3e5cb2cf8000,4,train,1,21018_A
21018,B,0,446,3436,3e5cb2cf8000,4,train,0,21018_B
21018,C,0,446,3436,3e5cb2cf8000,4,train,0,21018_C
21018,D,0,446,3436,3e5cb2cf8000,4,train,0,21018_D
21107,C,0,60,493,d8491d4e4d9b,1,train,0,21107_C
21107,D,1,100,772,13f046cecfa0,1,train,1,21107_D
21107,E,2,120,978,3d92bf9937e2,1,train,0,21107_E
21107,F,3,67,536,4f1b9c935cae,1,train,0,21107_F
21107,G,4,53,422,47e6ceb1bf0a,1,train,0,21107_G
21107,H,5,131,1083,0a5da0872dbb,1,train,0,21107_H
21107,I,6,293,2416,d100c0d188ad,1,train,0,21107_I
21107,J,7,115,924,8081f8a893d0,1,train,0,21107_J
21107,K,8,109,878,379340cbfafc,1,train,0,21107_K
21107,L,9,298,2445,e6eef9cfd120,1,train,0,21107_L
21107,M,10,310,2474,b454018313cd,1,train,0,21107_M
21107,N,11,412,3275,52f2428ad42b,1,train,0,21107_N
21107,O,12,384,3145,7826535c2921,1,train,0,21107_O
21107,Q,13,264,2137,3a260787dd1e,1,train,0,21107_Q
21107,R,14,262,2126,8833f3757452,1,train,0,21107_R
21107,S,15,34,278,abc932745004,1,train,0,21107_S
21126,A,0,454,3573,58a0c06c384f,1,train,0,21126_A
21126,B,1,341,2731,2c1170a93799,1,train,0,21126_B
21126,C,2,339,2713,69a9341fac70,1,train,0,21126_C
21126,D,3,338,2704,51227f949fec,1,train,0,21126_D
21126,E,4,337,2695,59d755839650,1,train,0,21126_E
21126,F,5,338,2704,6bf7e43d39f3,1,train,0,21126_F
21126,G,6,303,2453,1b46c885f9d7,1,train,0,21126_G
21126,H,7,135,1113,769027f0a9f7,1,train,1,21126_H
21126,I,8,374,3050,066aa8d98fb8,1,train,0,21126_I
21126,J,9,378,3075,2ec65abb8fd3,1,train,0,21126_J
21132,A,0,715,5580,f1d0f1cbff0a,2,train,1,21132_A
21132,B,0,715,5580,f1d0f1cbff0a,2,train,0,21132_B
21132,C,1,23,147,c894266c2b19,1,train,0,21132_C
21144,0,0,52,421,bf604f75956c,1,train,0,21144_0
21144,1,1,486,3767,8d91b88d6f97,1,train,0,21144_1
21144,2,2,659,5145,4b9674fbe0e8,1,train,0,21144_2
21144,4,3,386,3113,4f580375f15b,1,train,0,21144_4
21144,5,4,300,2411,e336565cbf0a,1,train,0,21144_5
21144,7,5,698,5519,bb095f5781c6,1,train,0,21144_7
21144,8,6,475,3797,f5b23ddf834a,1,train,0,21144_8
21144,9,7,764,6034,c56a7adacfb5,1,train,1,21144_9
21145,0,0,52,421,bf604f75956c,1,train,0,21145_0
21145,1,1,486,3767,8d91b88d6f97,1,train,0,21145_1
21145,2,2,659,5145,4b9674fbe0e8,1,train,0,21145_2
21145,3,3,167,1336,23e057b6c342,1,train,1,21145_3
21145,4,4,391,3156,712b016a331f,1,train,0,21145_4
21145,5,5,300,2411,e336565cbf0a,1,train,1,21145_5
21145,7,6,706,5575,00ea85312776,1,train,0,21145_7
21145,8,7,475,3797,f5b23ddf834a,1,train,1,21145_8
21145,9,8,764,6034,c56a7adacfb5,1,train,0,21145_9
21205,A,0,1723,13243,59774005a8d2,1,train,0,21205_A
21205,B,1,98,772,a8cfd9480789,1,train,1,21205_B
21227,A,0,441,3475,604fedea2d36,3,train,0,21227_A
21227,B,1,132,1057,6be5ed09c33e,3,train,1,21227_B
21227,C,0,441,3475,604fedea2d36,3,train,0,21227_C
21227,D,0,441,3475,604fedea2d36,3,train,0,21227_D
21227,E,1,132,1057,6be5ed09c33e,3,train,0,21227_E
21227,F,1,132,1057,6be5ed09c33e,3,train,0,21227_F
21227,G,2,120,930,af2697141b7a,3,train,0,21227_G
21227,H,2,120,930,af2697141b7a,3,train,0,21227_H
21227,I,2,120,930,af2697141b7a,3,train,0,21227_I
21227,J,3,105,818,9234c068e6f8,3,train,0,21227_J
21227,K,3,105,818,9234c068e6f8,3,train,0,21227_K
21227,L,3,105,818,9234c068e6f8,3,train,0,21227_L
21247,A,0,584,4719,170c84e0f917,3,train,0,21247_A
21247,B,0,584,4719,170c84e0f917,3,train,0,21247_B
21247,C,0,584,4719,170c84e0f917,3,train,0,21247_C
21247,H,1,128,957,8748125f5ded,3,train,1,21247_H
21247,I,1,128,957,8748125f5ded,3,train,0,21247_I
21247,J,1,128,957,8748125f5ded,3,train,0,21247_J
21247,L,2,106,832,5f4445f6fc3e,3,train,0,21247_L
21247,M,2,106,832,5f4445f6fc3e,3,train,0,21247_M
21247,N,2,106,832,5f4445f6fc3e,3,train,0,21247_N
21251,B,0,659,3957,4b9674fbe0e8,1,train,0,21251_B
21251,C,1,665,3666,108603cd9598,1,train,0,21251_C
21251,D,2,528,4093,8db4c6a88e82,1,train,0,21251_D
21251,E,3,388,3107,76ee2e832af9,1,train,1,21251_E
21251,F,4,475,3797,f5b23ddf834a,1,train,0,21251_F
21251,G,5,300,2411,e336565cbf0a,1,train,0,21251_G
21251,H,6,52,421,bf604f75956c,1,train,0,21251_H
21251,I,7,764,6034,c56a7adacfb5,1,train,0,21251_I
21260,A,0,149,1128,c0e701e54804,1,test,1,21260_A
21260,B,1,163,1215,5e014f94f300,1,test,0,21260_B
21260,C,2,164,1227,e1c4e452b487,1,test,0,21260_C
21270,A,0,501,3850,c86e7d29ebe3,1,train,0,21270_A
21270,B,1,502,3854,002c32662f60,1,train,0,21270_B
21270,C,2,500,3843,2d257f7042ac,1,train,0,21270_C
21270,D,3,478,3619,8eadfecad562,1,train,0,21270_D
21270,E,4,481,3645,7bad88eaea58,1,train,0,21270_E
21270,F,5,480,3636,1cd1efd220a9,1,train,0,21270_F
21270,I,6,153,1237,59816ec58d2d,1,train,0,21270_I
21270,J,7,130,1018,d2d069901e22,1,train,0,21270_J
21270,M,8,79,544,96a5e6207b71,14,train,0,21270_M
21270,N,8,79,544,96a5e6207b71,14,train,0,21270_N
21270,O,8,79,544,96a5e6207b71,14,train,0,21270_O
21270,P,8,79,544,96a5e6207b71,14,train,0,21270_P
21270,Q,8,79,544,96a5e6207b71,14,train,0,21270_Q
21270,R,8,79,544,96a5e6207b71,14,train,0,21270_R
21270,S,8,79,544,96a5e6207b71,14,train,0,21270_S
21270,T,8,79,544,96a5e6207b71,14,train,0,21270_T
21270,U,8,79,544,96a5e6207b71,14,train,0,21270_U
21270,V,8,79,544,96a5e6207b71,14,train,0,21270_V
21270,W,8,79,544,96a5e6207b71,14,train,0,21270_W
21270,X,8,79,544,96a5e6207b71,14,train,0,21270_X
21270,Y,8,79,544,96a5e6207b71,14,train,0,21270_Y
21270,Z,8,79,544,96a5e6207b71,14,train,0,21270_Z
21270,a,9,223,1741,bdf8da956fa2,1,train,0,21270_a
21270,d,10,179,1384,2d3966081ccd,1,train,0,21270_d
21270,e,11,131,1010,17e3aab7c020,1,train,1,21270_e
21270,g,12,322,2502,5cd6b5e61369,1,train,0,21270_g
21359,A,0,80,552,14fa0e8cf4de,1,train,1,21359_A
21359,B,1,242,1391,614c1bcc0c7c,1,train,0,21359_B
21359,C,2,297,2309,5f742ba183fa,1,train,0,21359_C
21359,D,3,293,2272,d2f64947a825,1,train,0,21359_D
21359,E,4,333,2575,d9549a2799ab,1,train,0,21359_E
21359,F,5,334,2587,4985eb11422e,1,train,0,21359_F
21359,G,6,331,2559,5a922f073efa,1,train,0,21359_G
21359,H,7,325,2516,ff30c9b78c1d,1,train,0,21359_H
21359,I,8,326,2523,cf87d66f0677,1,train,0,21359_I
21359,J,9,87,350,2b375648ebe6,1,train,0,21359_J
21387,A,0,439,3433,be38cca91dd2,1,train,1,21387_A
21387,B,1,135,1068,b468b28f4843,1,train,0,21387_B
21408,A,0,225,1716,305872c568b9,1,train,0,21408_A
21408,B,1,237,1759,3dff62d4bf37,1,train,0,21408_B
21408,C,2,1111,8577,fb9329098ddd,1,train,0,21408_C
21408,D,3,1266,9873,aa9996f094f5,1,train,0,21408_D
21408,E,4,83,649,bbd1d8480175,1,train,0,21408_E
21408,F,5,319,2503,539bd552fe18,1,train,0,21408_F
21408,J,6,108,875,fc69ee0274fb,1,train,0,21408_J
21408,M,7,159,1241,ce4dfb97df25,1,train,1,21408_M
21429,A,0,114,885,55b905268b3c,5,train,1,21429_A
21429,B,0,114,885,55b905268b3c,5,train,0,21429_B
21429,C,0,114,885,55b905268b3c,5,train,0,21429_C
21429,D,0,114,885,55b905268b3c,5,train,0,21429_D
21429,E,0,114,885,55b905268b3c,5,train,0,21429_E
21429,F,1,247,1908,74a43be756d1,1,train,0,21429_F
21429,G,2,224,1769,b540e1adb25f,1,train,0,21429_G
21429,H,3,118,930,f19f75c9df32,1,train,0,21429_H
21429,K,4,106,781,68b96322d5c9,1,train,0,21429_K
21445,A,0,266,2043,dc3db1771283,7,train,1,21445_A
21445,B,0,266,2043,dc3db1771283,7,train,0,21445_B
21445,C,0,266,2043,dc3db1771283,7,train,0,21445_C
21445,D,0,266,2043,dc3db1771283,7,train,0,21445_D
21445,E,0,266,2043,dc3db1771283,7,train,0,21445_E
21445,F,0,266,2043,dc3db1771283,7,train,0,21445_F
21445,G,0,266,2043,dc3db1771283,7,train,0,21445_G
21460,A,0,428,3305,d8ec920d660f,1,train,0,21460_A
21460,C,1,213,1348,81f51086f34a,1,train,0,21460_C
21460,D,2,219,1437,e3d02730adeb,1,train,1,21460_D
21462,A,0,267,2035,16f5280f8ace,7,train,1,21462_A
21462,B,0,267,2035,16f5280f8ace,7,train,0,21462_B
21462,C,0,267,2035,16f5280f8ace,7,train,0,21462_C
21462,D,0,267,2035,16f5280f8ace,7,train,0,21462_D
21462,E,0,267,2035,16f5280f8ace,7,train,0,21462_E
21462,F,0,267,2035,16f5280f8ace,7,train,0,21462_F
21462,G,0,267,2035,16f5280f8ace,7,train,0,21462_G
21522,A,0,578,4510,b17aa953802d,6,test,1,21522_A
21522,B,0,578,4510,b17aa953802d,6,test,0,21522_B
21522,C,0,578,4510,b17aa953802d,6,test,0,21522_C
21522,D,0,578,4510,b17aa953802d,6,test,0,21522_D
21522,E,0,578,4510,b17aa953802d,6,test,0,21522_E
21522,F,0,578,4510,b17aa953802d,6,test,0,21522_F
21540,A,0,736,5854,cd6a6188f758,1,val,1,21540_A
21540,B,1,738,5873,2607fe29aefd,1,val,0,21540_B
21540,C,2,374,3046,1a84ff32e49e,1,val,0,21540_C
21540,D,3,340,2777,95e125933611,1,val,0,21540_D
21560,A,0,226,1856,81001ce535ff,4,train,1,21560_A
21560,C,1,35,283,b36cd74aa4d8,4,train,0,21560_C
21560,D,0,226,1856,81001ce535ff,4,train,0,21560_D
21560,E,1,35,283,b36cd74aa4d8,4,train,0,21560_E
21560,F,0,226,1856,81001ce535ff,4,train,0,21560_F
21560,G,1,35,283,b36cd74aa4d8,4,train,0,21560_G
21560,H,0,226,1856,81001ce535ff,4,train,0,21560_H
21560,I,1,35,283,b36cd74aa4d8,4,train,0,21560_I
21564,B,0,780,6345,02cb7e3bdd2b,1,test,0,21564_B
21564,D,1,212,1759,2f983eabb183,1,test,0,21564_D
21564,E,2,169,1335,1167ad81c0be,1,test,0,21564_E
21564,F,3,158,1280,ca761cd789cd,1,test,0,21564_F
21564,G,4,126,1006,0a512eeb34c8,1,test,0,21564_G
21564,H,5,125,1033,424cb5bef983,1,test,1,21564_H
21564,I,6,243,1891,e2ec66140cee,1,test,0,21564_I
21564,J,7,293,2260,31050cafeef0,1,test,0,21564_J
21564,K,8,79,648,4f8ed7937506,1,test,0,21564_K
21564,L,9,121,1032,60e65770378c,1,test,0,21564_L
21569,C,0,206,1624,9d92ce33fb81,1,val,0,21569_C
21569,D,1,205,1643,a0946ea8f78f,1,val,0,21569_D
21569,E,2,156,1152,d490880d0ec2,1,val,0,21569_E
21569,F,3,104,848,dabdb2b2b934,1,val,0,21569_F
21569,H,4,129,979,1885ae2d39ac,1,val,0,21569_H
21569,I,5,127,1016,76319acb2a25,1,val,0,21569_I
21569,J,6,98,786,ecf80bed5a2e,1,val,0,21569_J
21569,K,7,115,858,5fae29fb93ca,1,val,1,21569_K
21569,L,8,122,949,fc9ede5e6fff,1,val,0,21569_L
21569,M,9,112,867,3e571bea06b5,1,val,0,21569_M
21569,N,10,96,774,30eb8b6980be,1,val,0,21569_N
21569,O,11,87,708,3e0fc3afcbbb,1,val,0,21569_O
21569,P,12,82,649,070016caff40,1,val,0,21569_P
21569,Q,13,80,648,b08ac46412db,1,val,0,21569_Q
21569,R,14,66,544,9f486e13fdea,1,val,0,21569_R
21569,S,15,79,637,34ab0452ec11,1,val,0,21569_S
21569,T,16,85,664,5769833cc47c,1,val,0,21569_T
21599,A,0,429,3262,db52d6577b54,1,test,0,21599_A
21599,B,1,25,181,83420020fc14,1,test,0,21599_B
21599,H,2,220,1666,3cba4efd313c,1,test,0,21599_H
21599,L,3,218,1670,d4eb9e43465f,1,test,1,21599_L
21644,A,0,206,1611,9df748c985e8,1,train,0,21644_A
21644,C,1,217,1635,f8ec9412d21c,1,train,0,21644_C
21644,D,2,223,1734,2689b74103d5,1,train,0,21644_D
21644,E,3,260,2068,7f84d0a4a4a5,1,train,0,21644_E
21644,F,4,206,1609,ba99ccb30d77,1,train,0,21644_F
21644,G,5,232,1873,b7daa3607821,1,train,0,21644_G
21644,H,6,184,1481,a36264762a3e,1,train,0,21644_H
21644,I,7,188,1489,2fd203edc916,1,train,0,21644_I
21644,J,8,185,1494,bab9a1b32709,1,train,0,21644_J
21644,K,9,96,817,57045ca07528,1,train,0,21644_K
21644,L,10,140,1129,d567101b64ee,1,train,0,21644_L
21644,M,11,125,941,df460cbc05c5,1,train,0,21644_M
21644,N,12,150,1192,808b959b19bb,1,train,1,21644_N
21644,P,13,127,1001,3d075926b6dd,1,train,0,21644_P
21644,Q,14,127,993,09eb004e78b8,1,train,0,21644_Q
21644,R,15,125,1000,48c18e0e1a06,1,train,0,21644_R
21644,S,16,135,1110,87e38c198b5b,1,train,0,21644_S
21644,T,17,143,1112,8e8903f81fcb,1,train,0,21644_T
21644,U,18,103,819,7d1f82382129,1,train,0,21644_U
21644,V,19,87,684,d6efe2703a83,1,train,0,21644_V
21644,W,20,129,1021,514365257b36,1,train,0,21644_W
21644,X,21,144,1121,287699eabfa5,1,train,1,21644_X
21644,Y,22,134,1073,ccf91c80107f,1,train,0,21644_Y
21644,Z,23,63,512,c3cb97953b98,1,train,0,21644_Z
21644,b,24,81,610,7ff9df22447f,1,train,1,21644_b
21644,c,25,63,497,6ad42826fb10,1,train,0,21644_c
21644,d,26,37,302,f984fba58cf8,1,train,0,21644_d
21644,e,27,48,384,69e09859b091,1,train,0,21644_e
21644,f,28,71,498,5c91532cd09a,1,train,0,21644_f
21644,g,29,317,2431,e1d2d9cd922e,1,train,0,21644_g
21644,k,30,638,5154,19e5b71e5437,1,train,0,21644_k
21671,A,0,219,1823,bbbaecc7681d,1,train,1,21671_A
21671,B,1,332,2547,2ab41e2af9d1,1,train,0,21671_B
21671,C,2,47,363,5d598e5ee329,1,train,0,21671_C
21671,E,3,29,238,8bcd791b04c5,1,train,0,21671_E
21671,N,4,128,973,a02c374db11e,1,train,0,21671_N
21671,R,5,371,2765,b79d4a0fb770,1,train,0,21671_R
21707,A,0,439,3340,a1f3e2fc308c,1,train,0,21707_A
21707,B,1,41,278,afd86b71b512,1,train,0,21707_B
21707,C,2,606,4278,87f54702beee,1,train,0,21707_C
21707,E,3,35,203,2444cebf39e5,1,train,0,21707_E
21707,F,4,76,603,220c47aa3f24,2,train,0,21707_F
21707,I,5,117,935,eaad15e4ed53,1,train,1,21707_I
21707,J,6,83,662,30d05b67c961,1,train,0,21707_J
21707,K,7,108,825,ed1c3b1a9a47,2,train,0,21707_K
21707,L,8,362,2874,7309c8a55a81,1,train,0,21707_L
21707,M,9,95,736,ac4b48337109,1,train,0,21707_M
21707,N,10,395,3080,ebdce014e8c4,1,train,0,21707_N
21707,O,11,99,816,d404cca7fee1,1,train,0,21707_O
21707,P,12,193,1346,44c80685ab06,1,train,0,21707_P
21707,Q,13,87,667,09d419bbdb6d,1,train,0,21707_Q
21707,R,7,108,829,ed1c3b1a9a47,2,train,0,21707_R
21707,S,14,96,741,b3de4ae78347,1,train,0,21707_S
21707,T,4,76,604,220c47aa3f24,2,train,0,21707_T
21708,A,0,106,788,cf5c99162698,4,train,1,21708_A
21708,B,0,106,788,cf5c99162698,4,train,0,21708_B
21708,C,0,106,788,cf5c99162698,4,train,0,21708_C
21708,D,0,106,788,cf5c99162698,4,train,0,21708_D
21847,0,0,204,1495,0febec9fefc6,1,train,1,21847_0
21847,1,1,150,1065,9a66b375d888,9,train,0,21847_1
21847,2,1,150,1065,9a66b375d888,9,train,0,21847_2
21847,3,1,150,1065,9a66b375d888,9,train,0,21847_3
21847,4,1,150,1065,9a66b375d888,9,train,0,21847_4
21847,5,1,150,1065,9a66b375d888,9,train,0,21847_5
21847,6,1,150,1065,9a66b375d888,9,train,0,21847_6
21847,7,1,150,1059,9a66b375d888,9,train,0,21847_7
21847,8,1,150,1065,9a66b375d888,9,train,0,21847_8
21847,9,1,150,1065,9a66b375d888,9,train,0,21847_9
21847,A,2,600,4652,fecbad842ff3,3,train,0,21847_A
21847,B,2,600,4656,fecbad842ff3,3,train,0,21847_B
21847,C,2,600,4656,fecbad842ff3,3,train,0,21847_C
21847,D,3,460,3600,4b2612392087,3,train,0,21847_D
21847,E,3,460,3589,4b2612392087,3,train,0,21847_E
21847,F,3,460,3596,4b2612392087,3,train,0,21847_F
21847,G,4,213,1713,e9537a745b20,1,train,0,21847_G
21847,H,5,225,1822,69508b56c7b8,3,train,0,21847_H
21847,I,5,225,1822,69508b56c7b8,3,train,0,21847_I
21847,J,5,225,1822,69508b56c7b8,3,train,0,21847_J
21847,K,6,114,938,43bfe22ea510,3,train,0,21847_K
21847,L,6,114,938,43bfe22ea510,3,train,0,21847_L
21847,M,6,114,938,43bfe22ea510,3,train,0,21847_M
21847,N,7,110,875,98804a508dcf,1,train,0,21847_N
21847,O,8,359,2916,42e8539a2ebb,1,train,0,21847_O
21847,P,9,427,3508,d877ac61c5d5,1,train,0,21847_P
21847,Q,10,350,2829,9a79092c9345,1,train,0,21847_Q
21847,R,11,753,6141,78e0ef8cd4fb,1,train,0,21847_R
21847,S,12,77,631,6cf9dfc238fb,1,train,0,21847_S
21847,T,13,85,654,2d5132225fd6,1,train,0,21847_T
21847,U,14,205,1664,4bdcea14412a,1,train,0,21847_U
21847,V,15,50,417,9d79cbe83d08,1,train,0,21847_V
21847,X,16,262,2111,91954e31e0fa,2,train,0,21847_X
21847,Y,17,267,2136,05aed31fd537,1,train,0,21847_Y
21847,Z,16,262,2105,91954e31e0fa,2,train,0,21847_Z
21849,0,0,204,1498,0febec9fefc6,1,train,0,21849_0
21849,1,1,150,1065,9a66b375d888,9,train,0,21849_1
21849,2,1,150,1065,9a66b375d888,9,train,0,21849_2
21849,3,1,150,1065,9a66b375d888,9,train,0,21849_3
21849,4,1,150,1065,9a66b375d888,9,train,0,21849_4
21849,5,1,150,1065,9a66b375d888,9,train,0,21849_5
21849,6,1,150,1065,9a66b375d888,9,train,0,21849_6
21849,7,1,150,1065,9a66b375d888,9,train,0,21849_7
21849,8,1,150,1065,9a66b375d888,9,train,0,21849_8
21849,9,1,150,1065,9a66b375d888,9,train,0,21849_9
21849,A,2,600,4656,fecbad842ff3,3,train,0,21849_A
21849,B,2,600,4656,fecbad842ff3,3,train,0,21849_B
21849,C,2,600,4656,fecbad842ff3,3,train,0,21849_C
21849,D,3,468,3666,3c25d8767736,3,train,0,21849_D
21849,E,3,468,3666,3c25d8767736,3,train,0,21849_E
21849,F,3,468,3666,3c25d8767736,3,train,0,21849_F
21849,G,4,213,1717,e9537a745b20,1,train,0,21849_G
21849,H,5,224,1817,26a5c411f1dc,1,train,0,21849_H
21849,I,6,225,1822,69508b56c7b8,2,train,0,21849_I
21849,J,6,225,1822,69508b56c7b8,2,train,0,21849_J
21849,K,7,114,938,43bfe22ea510,3,train,0,21849_K
21849,L,7,114,938,43bfe22ea510,3,train,0,21849_L
21849,M,7,114,938,43bfe22ea510,3,train,0,21849_M
21849,N,8,110,875,98804a508dcf,1,train,1,21849_N
21849,O,9,375,3035,133c4008af0f,1,train,0,21849_O
21849,P,10,427,3508,d877ac61c5d5,1,train,0,21849_P
21849,Q,11,351,2844,ddaff2231105,1,train,0,21849_Q
21849,R,12,753,6147,78e0ef8cd4fb,1,train,0,21849_R
21849,S,13,77,631,6cf9dfc238fb,1,train,0,21849_S
21849,T,14,85,658,2d5132225fd6,1,train,0,21849_T
21849,U,15,204,1662,14c8c28ed262,1,train,0,21849_U
21849,V,16,49,411,df40c4528347,1,train,0,21849_V
21849,X,17,262,2111,91954e31e0fa,1,train,0,21849_X
21849,Y,18,261,2102,54627aa00b4b,1,train,0,21849_Y
21849,Z,19,267,2136,05aed31fd537,1,train,0,21849_Z
21851,A,0,223,1688,941b58f68168,1,val,0,21851_A
21851,B,1,230,1769,7c7d16861f8b,1,val,1,21851_B
21851,C,2,1186,8922,fde82ebbffec,1,val,0,21851_C
21851,D,3,1159,8880,f5ccc34c7b45,1,val,0,21851_D
21851,E,4,72,567,4775bb2aa63f,1,val,0,21851_E
21851,M,5,201,1598,f623203acf56,1,val,0,21851_M
21851,S,6,202,1583,5970e8d3eda5,1,val,0,21851_S
21851,Z,7,470,3772,eb313fc451ec,1,val,0,21851_Z
21854,A,0,512,3869,dcb33a10f642,3,train,0,21854_A
21854,B,0,512,3869,dcb33a10f642,3,train,0,21854_B
21854,C,0,512,3869,dcb33a10f642,3,train,0,21854_C
21854,D,1,460,3533,79016bec47e4,3,train,1,21854_D
21854,E,1,460,3533,79016bec47e4,3,train,0,21854_E
21854,F,1,460,3533,79016bec47e4,3,train,0,21854_F
21854,G,2,284,2186,3b70ca61e39e,1,train,0,21854_G
21854,H,3,136,1034,691fdfe6559e,1,train,0,21854_H
21854,I,4,77,557,e3266b8823ca,10,train,0,21854_I
21854,J,4,77,557,e3266b8823ca,10,train,0,21854_J
21854,L,4,77,557,e3266b8823ca,10,train,0,21854_L
21854,M,4,77,557,e3266b8823ca,10,train,0,21854_M
21854,N,4,77,557,e3266b8823ca,10,train,0,21854_N
21854,O,4,77,557,e3266b8823ca,10,train,0,21854_O
21854,P,4,77,557,e3266b8823ca,10,train,0,21854_P
21854,Q,4,77,557,e3266b8823ca,10,train,0,21854_Q
21854,R,4,77,557,e3266b8823ca,10,train,0,21854_R
21854,S,4,77,557,e3266b8823ca,10,train,0,21854_S
21854,W,5,173,1320,f496f3462e5e,1,train,0,21854_W
21854,X,6,156,1210,58477c44890d,2,train,0,21854_X
21854,Y,6,156,1210,58477c44890d,2,train,0,21854_Y
21854,a,7,266,2104,e0370ea18516,1,train,0,21854_a
21855,A,0,512,3869,dcb33a10f642,3,train,0,21855_A
21855,B,0,512,3869,dcb33a10f642,3,train,0,21855_B
21855,C,0,512,3869,dcb33a10f642,3,train,0,21855_C
21855,D,1,460,3533,79016bec47e4,3,train,0,21855_D
21855,E,1,460,3533,79016bec47e4,3,train,0,21855_E
21855,F,1,460,3533,79016bec47e4,3,train,0,21855_F
21855,G,2,284,2186,3b70ca61e39e,1,train,0,21855_G
21855,H,3,136,1034,691fdfe6559e,1,train,0,21855_H
21855,I,4,77,557,e3266b8823ca,10,train,0,21855_I
21855,J,4,77,557,e3266b8823ca,10,train,0,21855_J
21855,L,4,77,557,e3266b8823ca,10,train,0,21855_L
21855,M,4,77,557,e3266b8823ca,10,train,0,21855_M
21855,N,4,77,557,e3266b8823ca,10,train,0,21855_N
21855,O,4,77,554,e3266b8823ca,10,train,0,21855_O
21855,P,4,77,557,e3266b8823ca,10,train,0,21855_P
21855,Q,4,77,557,e3266b8823ca,10,train,0,21855_Q
21855,R,4,77,557,e3266b8823ca,10,train,0,21855_R
21855,S,4,77,557,e3266b8823ca,10,train,0,21855_S
21855,W,5,173,1317,f496f3462e5e,1,train,1,21855_W
21855,X,6,153,1179,2cc6c0db6db6,2,train,0,21855_X
21855,Y,6,153,1157,2cc6c0db6db6,2,train,0,21855_Y
21855,a,7,266,2104,e0370ea18516,1,train,0,21855_a
21856,A,0,41,315,4747e8ec6f2a,1,val,0,21856_A
21856,B,1,56,443,20662074c6dc,1,val,0,21856_B
21856,D,2,46,376,917fd91fa1d1,1,val,0,21856_D
21856,E,3,64,503,e262703728ed,1,val,0,21856_E
21856,F,4,38,302,43ab24acc3be,1,val,0,21856_F
21856,a,5,134,1026,5bc759b2abba,1,val,0,21856_a
21856,b,6,271,2082,dc0ca816fa2a,1,val,0,21856_b
21856,c,7,209,1564,3949dea42f5c,1,val,0,21856_c
21856,d,8,201,1551,59baeb04bdd4,1,val,0,21856_d
21856,e,9,177,1410,020a5720fed5,1,val,0,21856_e
21856,f,10,176,1322,77e24bd37b87,1,val,0,21856_f
21856,g,11,53,409,472f8be10149,1,val,0,21856_g
21856,h,12,131,988,70bbe5c712cd,1,val,0,21856_h
21856,i,13,141,1031,1bb66feabace,1,val,0,21856_i
21856,j,14,142,1128,cfbedf730201,1,val,0,21856_j
21856,k,15,122,938,217b4e1f5707,1,val,0,21856_k
21856,l,16,143,1044,2096168d2b86,1,val,0,21856_l
21856,n,17,120,960,3de31a0153bf,1,val,0,21856_n
21856,o,18,116,891,cbc8767a2cdc,1,val,0,21856_o
21856,p,19,114,916,f2f735ce1e57,1,val,0,21856_p
21856,q,20,117,946,6b8dfeb549bf,1,val,0,21856_q
21856,r,21,103,815,b3eb9333aa66,1,val,0,21856_r
21856,s,22,110,856,c4e9259c84c1,1,val,0,21856_s
21856,t,23,93,738,45296cc18fac,1,val,0,21856_t
21856,u,24,102,779,b52fee32a842,1,val,0,21856_u
21856,v,25,94,752,f168559556cf,1,val,1,21856_v
21856,w,26,75,574,d83efb9981d1,1,val,0,21856_w
21856,x,27,77,624,29a1aee1fff6,1,val,0,21856_x
21856,y,28,63,508,31a24983055e,1,val,0,21856_y
21856,z,29,58,448,f8d3ad4d81e1,1,val,0,21856_z
21872,A,0,112,907,ef03947d268b,1,train,0,21872_A
21872,B,1,274,2094,1749e50ddc37,1,train,0,21872_B
21872,C,2,116,943,25d890d39331,1,train,0,21872_C
21872,D,3,100,785,4bc1246cf883,1,train,0,21872_D
21872,E,4,110,845,f78a405e1b7f,1,train,0,21872_E
21872,F,5,81,654,a871e9080de9,1,train,0,21872_F
21872,G,6,91,702,82a25a6d9298,1,train,0,21872_G
21872,H,7,93,727,39e48c26851f,1,train,0,21872_H
21872,I,8,78,597,3b8bca4cf723,1,train,0,21872_I
21872,J,9,59,463,f2604b54d8fc,1,train,0,21872_J
21872,K,10,53,436,4c459994e6dd,1,train,0,21872_K
21872,L,11,215,1621,2a243e83d1c8,1,train,0,21872_L
21872,M,12,56,432,3afdd9312c2f,1,train,0,21872_M
21872,N,13,50,397,52b964efeae0,1,train,0,21872_N
21872,O,14,47,390,ca58942d88c9,1,train,0,21872_O
21872,P,15,44,372,464f12289914,1,train,0,21872_P
21872,Q,16,64,521,1603a3dcb83b,1,train,0,21872_Q
21872,R,17,37,296,ff25cb651fe8,1,train,0,21872_R
21872,S,18,192,1472,d2986ce18db9,1,train,1,21872_S
21872,V,19,143,1138,7ec391eaca06,1,train,0,21872_V
21872,W,20,121,911,78df31c43844,1,train,0,21872_W
21872,X,21,144,1082,a676f7420f93,1,train,0,21872_X
21872,Y,22,136,1089,f9bbdbc00a9d,1,train,0,21872_Y
21872,Z,23,120,951,2db13dc496a5,1,train,0,21872_Z
21872,a,24,110,857,df7416bc21e9,1,train,0,21872_a
21873,A,0,113,915,ba73fec128a2,1,val,0,21873_A
21873,B,1,274,2094,1749e50ddc37,1,val,0,21873_B
21873,C,2,116,943,25d890d39331,1,val,0,21873_C
21873,D,3,100,785,4bc1246cf883,1,val,0,21873_D
21873,E,4,111,853,f782af791f94,1,val,0,21873_E
21873,F,5,87,711,458795016acd,1,val,0,21873_F
21873,G,6,100,770,3b4de57ef35b,1,val,0,21873_G
21873,H,7,93,727,39e48c26851f,1,val,0,21873_H
21873,I,8,78,597,3b8bca4cf723,1,val,0,21873_I
21873,J,9,59,463,f2604b54d8fc,1,val,0,21873_J
21873,K,10,60,495,3f1e8d1690f6,1,val,0,21873_K
21873,L,11,215,1628,2a243e83d1c8,1,val,1,21873_L
21873,M,12,56,432,3afdd9312c2f,1,val,0,21873_M
21873,N,13,50,397,52b964efeae0,1,val,0,21873_N
21873,O,14,47,390,ca58942d88c9,1,val,0,21873_O
21873,P,15,44,372,464f12289914,1,val,0,21873_P
21873,Q,16,64,521,1603a3dcb83b,1,val,0,21873_Q
21873,R,17,37,296,ff25cb651fe8,1,val,0,21873_R
21873,S,18,192,1472,d2986ce18db9,1,val,0,21873_S
21873,V,19,143,1138,7ec391eaca06,1,val,0,21873_V
21873,W,20,121,911,78df31c43844,1,val,0,21873_W
21873,X,21,144,1082,a676f7420f93,1,val,0,21873_X
21873,Y,22,136,1089,f9bbdbc00a9d,1,val,0,21873_Y
21873,Z,23,121,955,c41507808343,1,val,0,21873_Z
21873,a,24,110,857,df7416bc21e9,1,val,0,21873_a
21887,A,0,113,915,ba73fec128a2,1,val,0,21887_A
21887,B,1,274,2094,1749e50ddc37,1,val,0,21887_B
21887,C,2,116,943,25d890d39331,1,val,0,21887_C
21887,D,3,100,785,4bc1246cf883,1,val,0,21887_D
21887,E,4,111,853,f782af791f94,1,val,0,21887_E
21887,F,5,87,711,458795016acd,1,val,0,21887_F
21887,G,6,100,770,3b4de57ef35b,1,val,0,21887_G
21887,H,7,93,727,39e48c26851f,1,val,0,21887_H
21887,I,8,78,597,3b8bca4cf723,1,val,0,21887_I
21887,J,9,59,463,f2604b54d8fc,1,val,0,21887_J
21887,K,10,58,481,e80c433f7895,1,val,0,21887_K
21887,L,11,215,1628,2a243e83d1c8,1,val,1,21887_L
21887,M,12,56,432,3afdd9312c2f,1,val,0,21887_M
21887,N,13,50,397,52b964efeae0,1,val,0,21887_N
21887,O,14,47,390,ca58942d88c9,1,val,0,21887_O
21887,P,15,44,372,464f12289914,1,val,0,21887_P
21887,Q,16,64,521,1603a3dcb83b,1,val,0,21887_Q
21887,R,17,37,296,ff25cb651fe8,1,val,0,21887_R
21887,S,18,192,1472,d2986ce18db9,1,val,0,21887_S
21887,V,19,143,1138,7ec391eaca06,1,val,0,21887_V
21887,W,20,121,911,78df31c43844,1,val,0,21887_W
21887,X,21,144,1082,a676f7420f93,1,val,0,21887_X
21887,Y,22,136,1089,f9bbdbc00a9d,1,val,0,21887_Y
21887,Z,23,121,955,c41507808343,1,val,0,21887_Z
21887,a,24,110,857,df7416bc21e9,1,val,0,21887_a
21888,A,0,113,915,ba73fec128a2,1,train,0,21888_A
21888,B,1,275,2103,d9d00d6af543,1,train,0,21888_B
21888,C,2,116,943,25d890d39331,1,train,0,21888_C
21888,D,3,100,785,4bc1246cf883,1,train,0,21888_D
21888,E,4,111,853,f782af791f94,1,train,1,21888_E
21888,F,5,87,711,458795016acd,1,train,0,21888_F
21888,G,6,89,689,401c671e142d,1,train,0,21888_G
21888,H,7,93,727,39e48c26851f,1,train,0,21888_H
21888,I,8,78,597,3b8bca4cf723,1,train,0,21888_I
21888,J,9,59,463,f2604b54d8fc,1,train,0,21888_J
21888,K,10,58,481,e80c433f7895,1,train,0,21888_K
21888,L,11,215,1628,2a243e83d1c8,1,train,0,21888_L
21888,M,12,56,432,3afdd9312c2f,1,train,0,21888_M
21888,N,13,50,397,52b964efeae0,1,train,0,21888_N
21888,O,14,47,390,ca58942d88c9,1,train,0,21888_O
21888,P,15,44,372,464f12289914,1,train,0,21888_P
21888,Q,16,64,521,1603a3dcb83b,1,train,0,21888_Q
21888,R,17,37,296,ff25cb651fe8,1,train,0,21888_R
21888,S,18,192,1472,d2986ce18db9,1,train,0,21888_S
21888,U,19,174,1360,1efad33802a6,1,train,0,21888_U
21888,V,20,143,1138,7ec391eaca06,1,train,0,21888_V
21888,W,21,121,911,78df31c43844,1,train,0,21888_W
21888,X,22,144,1082,a676f7420f93,1,train,0,21888_X
21888,Y,23,136,1089,f9bbdbc00a9d,1,train,0,21888_Y
21888,Z,24,114,899,33a56c6f1851,1,train,0,21888_Z
21888,a,25,116,899,75266f1bec06,1,train,0,21888_a
21897,A,0,660,5240,a49987dd5a95,1,test,0,21897_A
21897,B,1,262,2047,71895f2c3e1f,1,test,0,21897_B
21897,C,2,186,1459,64312b2e1653,1,test,0,21897_C
21897,D,3,99,769,035adb55973f,1,test,1,21897_D
21907,0,0,58,435,2ea0514b45b7,1,val,0,21907_0
21907,2,1,56,429,0651e1414441,1,val,0,21907_2
21907,3,2,49,419,c2cd98931134,1,val,0,21907_3
21907,4,3,44,374,d7a82d4c38c7,1,val,0,21907_4
21907,5,4,64,522,e60b18a22df7,1,val,0,21907_5
21907,6,5,38,304,f8a3b8b8e8b7,1,val,0,21907_6
21907,D,6,207,1579,34a7bf285ecb,1,val,0,21907_D
21907,E,7,206,1574,a7ac6bf61603,1,val,0,21907_E
21907,F,8,177,1392,87aaf78646bb,1,val,0,21907_F
21907,G,9,176,1345,5f3fd73c08ab,1,val,0,21907_G
21907,K,10,145,1130,1cf90e709cce,1,val,0,21907_K
21907,L,11,122,922,3c12c60f8b6a,1,val,0,21907_L
21907,M,12,146,1095,5a9e1c994814,1,val,0,21907_M
21907,N,13,141,1118,807d50092d50,1,val,0,21907_N
21907,O,14,124,991,2f7ab561741b,1,val,0,21907_O
21907,P,15,117,899,bbf1c68501eb,1,val,0,21907_P
21907,Q,16,114,924,49712db157d9,1,val,0,21907_Q
21907,R,17,118,950,ed701f49e110,1,val,1,21907_R
21907,S,18,102,784,111ccf8be8b1,1,val,0,21907_S
21907,T,19,112,849,b2cbf4c7692b,1,val,0,21907_T
21907,U,20,89,720,4742e46a0f46,1,val,0,21907_U
21907,V,21,101,763,8023047eba98,1,val,1,21907_V
21907,X,22,76,572,411c20d87972,1,val,1,21907_X
21907,Y,23,54,425,e519c1ad1d58,1,val,0,21907_Y
21907,Z,24,61,504,2aed46a46f55,1,val,0,21907_Z
21908,c,0,204,1610,08f719abc491,1,train,0,21908_c
21908,g,1,154,1229,0c418e4987b9,1,train,0,21908_g
21908,i,2,128,990,03d393e3675f,1,train,0,21908_i
21908,j,3,99,800,c23e38d7d9b0,1,train,0,21908_j
21908,m,4,110,870,86c504c4d1fd,1,train,1,21908_m
21908,n,5,60,492,93f6282c540b,1,train,0,21908_n
21908,s,6,78,634,b1a70ca745e6,1,train,0,21908_s
21918,A,0,296,2295,ec2c0eed9183,1,test,0,21918_A
21918,B,1,443,3295,24eac8522cd2,1,test,1,21918_B
21918,C,2,348,2628,48576e12bb7a,1,test,0,21918_C
21923,A,0,430,3372,0d328c168d6e,2,train,0,21923_A
21923,B,1,426,3354,f223ef5470ad,2,train,1,21923_B
21923,C,0,430,3372,0d328c168d6e,2,train,0,21923_C
21923,D,1,426,3354,f223ef5470ad,2,train,0,21923_D
21950,A,0,210,1649,89ccc184b232,1,train,0,21950_A
21950,B,1,338,2600,edee59cbca1d,1,train,1,21950_B
21950,C,2,66,530,698c241d2fec,1,train,0,21950_C
21950,R,3,310,2468,c4d274fc6200,1,train,0,21950_R
21950,S,4,231,1770,5750501f080a,1,train,0,21950_S
21950,Y,5,56,433,fab9529b4cf8,1,train,0,21950_Y
21963,A,0,834,6624,435c37a515f5,2,train,0,21963_A
21963,B,1,273,2093,707808d37c36,2,train,1,21963_B
21963,C,0,834,6624,435c37a515f5,2,train,0,21963_C
21963,D,1,273,2093,707808d37c36,2,train,0,21963_D
21989,A,0,419,3111,81eddacc57bb,3,train,1,21989_A
21989,B,0,419,3111,81eddacc57bb,3,train,0,21989_B
21989,C,0,419,3111,81eddacc57bb,3,train,0,21989_C
21993,A,0,350,2876,f1acff51a75d,1,val,0,21993_A
21993,B,1,338,2600,edee59cbca1d,1,val,0,21993_B
21993,G,2,57,436,9b808b5d658e,1,val,0,21993_G
21993,N,3,126,961,90dc4e3d7b0c,1,val,0,21993_N
21993,R,4,387,3203,3fe0de12b06c,1,val,1,21993_R
22031,A,0,334,2732,bb9e8ce8d306,2,train,0,22031_A
22031,B,1,338,2730,1edb7cd40b98,2,train,0,22031_B
22031,C,0,334,2732,bb9e8ce8d306,2,train,0,22031_C
22031,D,1,338,2730,1edb7cd40b98,2,train,0,22031_D
22031,E,2,333,2729,98b4c9cf9c49,1,train,0,22031_E
22031,I,3,105,802,992e8b7f58a0,1,train,0,22031_I
22031,J,4,116,907,0b9fe85ef857,1,train,1,22031_J
22031,K,5,117,914,a4cec53af9ed,1,train,0,22031_K
22031,L,6,106,811,41238705f45c,1,train,0,22031_L
22038,A,0,334,2732,bb9e8ce8d306,2,train,0,22038_A
22038,B,1,338,2730,1edb7cd40b98,2,train,0,22038_B
22038,C,0,334,2732,bb9e8ce8d306,2,train,0,22038_C
22038,D,1,338,2730,1edb7cd40b98,2,train,0,22038_D
22038,E,2,333,2729,98b4c9cf9c49,1,train,0,22038_E
22038,I,3,105,802,992e8b7f58a0,1,train,0,22038_I
22038,J,4,116,907,0b9fe85ef857,1,train,1,22038_J
22038,K,5,117,914,a4cec53af9ed,1,train,0,22038_K
22038,L,6,106,811,41238705f45c,1,train,0,22038_L
22098,A,0,135,1003,93906d893b4a,1,val,1,22098_A
22098,B,1,198,1572,2464598443de,2,val,0,22098_B
22098,C,2,183,1504,b0d38856cf34,2,val,0,22098_C
22098,D,3,145,877,e81293dfb4eb,1,val,0,22098_D
22098,E,1,198,981,2464598443de,2,val,0,22098_E
22098,F,2,183,909,b0d38856cf34,2,val,0,22098_F
22108,A,0,432,3405,5c6e2b3f104b,1,train,1,22108_A
22108,B,1,121,971,2bb8acb0d356,1,train,0,22108_B
22108,H,2,124,943,e78e881f5034,1,train,0,22108_H
22108,L,3,109,811,efa824190f73,1,train,0,22108_L
22109,A,0,432,3405,5c6e2b3f104b,1,test,0,22109_A
22109,B,1,121,971,2bb8acb0d356,1,test,0,22109_B
22109,H,2,124,943,e78e881f5034,1,test,0,22109_H
22109,L,3,109,811,efa824190f73,1,test,1,22109_L
22116,A,0,144,1108,421db7ceace6,1,train,1,22116_A
22116,B,1,138,1063,76fa20f37a14,1,train,0,22116_B
22116,C,2,144,1033,8724ef9d2404,1,train,0,22116_C
22116,D,3,143,1096,ebbd85393775,1,train,0,22116_D
22116,E,4,145,1112,cedf413b69cc,1,train,0,22116_E
22116,F,5,143,1028,158ad43462ec,1,train,0,22116_F
22116,G,6,256,1926,6ff101a3d7c6,1,train,0,22116_G
22116,H,7,255,1918,0a5315a21c95,1,train,0,22116_H
22116,I,8,263,1996,9be5c7e9728b,2,train,0,22116_I
22116,J,8,263,1996,9be5c7e9728b,2,train,0,22116_J
22116,K,9,95,734,c593105095ed,2,train,0,22116_K
22116,L,9,95,734,c593105095ed,2,train,0,22116_L
22160,A,0,926,7459,eb39c829d696,1,train,0,22160_A
22160,B,1,186,1383,dba1539908b8,2,train,0,22160_B
22160,C,2,73,559,fd9c2f696249,1,train,1,22160_C
22160,D,1,186,1408,dba1539908b8,2,train,0,22160_D
22160,E,3,596,4618,3c053a593312,2,train,0,22160_E
22160,F,3,596,4630,3c053a593312,2,train,0,22160_F
22182,A,0,353,2791,c4392f0318fc,6,train,0,22182_A
22182,B,0,353,2791,c4392f0318fc,6,train,0,22182_B
22182,C,0,353,2791,c4392f0318fc,6,train,0,22182_C
22182,D,0,353,2791,c4392f0318fc,6,train,0,22182_D
22182,E,0,353,2791,c4392f0318fc,6,train,0,22182_E
22182,F,0,353,2791,c4392f0318fc,6,train,0,22182_F
22182,G,1,332,2627,fbc80ee50f63,1,train,0,22182_G
22182,a,2,124,905,4a61e044accd,7,train,1,22182_a
22182,b,2,124,905,4a61e044accd,7,train,0,22182_b
22182,c,2,124,905,4a61e044accd,7,train,0,22182_c
22182,d,2,124,905,4a61e044accd,7,train,0,22182_d
22182,e,2,124,905,4a61e044accd,7,train,0,22182_e
22182,f,2,124,905,4a61e044accd,7,train,0,22182_f
22182,g,2,124,903,4a61e044accd,7,train,0,22182_g
22189,C,0,423,3244,b5daf70bfe45,2,train,1,22189_C
22189,D,1,235,1801,906c5b1f3d5d,2,train,0,22189_D
22189,E,2,181,1365,eb2000a71b13,2,train,0,22189_E
22189,P,0,423,3244,b5daf70bfe45,2,train,0,22189_P
22189,Q,1,235,1794,906c5b1f3d5d,2,train,0,22189_Q
22189,R,2,181,1365,eb2000a71b13,2,train,0,22189_R
22236,A,0,230,1786,a2b599c1c154,1,val,1,22236_A
22236,B,1,229,1774,722bd4c08997,1,val,0,22236_B
22236,C,2,1339,10560,b6baaa093273,1,val,0,22236_C
22236,D,3,1338,10398,2e927af7675c,1,val,0,22236_D
22236,F,4,465,3789,efd1e14b006f,1,val,0,22236_F
22236,G,5,268,2208,308bc7c9bf92,2,val,1,22236_G
22236,H,5,268,2208,308bc7c9bf92,2,val,0,22236_H
22247,A,0,231,1793,5dd922993fd2,1,test,0,22247_A
22247,B,1,222,1711,9436ab2077ea,1,test,0,22247_B
22247,C,2,1339,10560,b6baaa093273,1,test,0,22247_C
22247,D,3,1336,10387,6a7005523fde,1,test,0,22247_D
22247,E,4,79,627,cf637ce9517d,1,test,1,22247_E
22247,F,5,476,3878,4ae57bfde054,1,test,0,22247_F
22273,A,0,550,4411,2100b67317b7,1,train,0,22273_A
22273,B,1,344,2689,8522e716ab30,1,train,1,22273_B
22273,C,2,548,4398,cc1901a4d562,1,train,0,22273_C
22273,D,3,345,2694,6da199cf8c5d,1,train,0,22273_D
22290,A,0,154,1166,ca73b5e5ea7b,2,train,0,22290_A
22290,B,1,151,1128,b3303ab754c8,2,train,0,22290_B
22290,C,0,154,1156,ca73b5e5ea7b,2,train,0,22290_C
22290,D,1,151,1137,b3303ab754c8,2,train,0,22290_D
22290,E,2,31,223,5260ce763d12,1,train,0,22290_E
22290,G,3,25,174,70bc58c6c060,1,train,0,22290_G
22290,H,4,26,186,c5839ff8d3be,1,train,0,22290_H
22290,I,5,307,2243,f7fda975f51d,1,train,0,22290_I
22290,J,6,291,2019,07b0ce2d95dc,1,train,1,22290_J
22321,1,0,81,560,b1861498e553,9,train,0,22321_1
22321,2,0,81,560,b1861498e553,9,train,0,22321_2
22321,3,0,81,564,b1861498e553,9,train,0,22321_3
22321,4,0,81,560,b1861498e553,9,train,0,22321_4
22321,5,0,81,564,b1861498e553,9,train,0,22321_5
22321,6,0,81,560,b1861498e553,9,train,0,22321_6
22321,7,0,81,554,b1861498e553,9,train,0,22321_7
22321,8,0,81,560,b1861498e553,9,train,0,22321_8
22321,9,0,81,556,b1861498e553,9,train,0,22321_9
22321,a,1,207,1594,1edbb9c7e731,1,train,1,22321_a
22321,b,2,41,319,22827bb68f8c,1,train,0,22321_b
22321,d,3,40,311,3e016aa3f120,1,train,0,22321_d
22329,A,0,401,3129,60dd40f885a3,1,train,0,22329_A
22329,B,1,290,2321,2965f4fb62fe,1,train,1,22329_B
22329,C,2,612,4918,955d78cbe4a9,1,train,0,22329_C
22329,D,3,441,3549,b7c43f740f03,1,train,0,22329_D
22329,E,4,398,3161,b011930162e4,1,train,0,22329_E
22329,G,5,372,2974,d215c5b19d05,1,train,0,22329_G
22360,A,0,401,3129,60dd40f885a3,1,test,0,22360_A
22360,B,1,285,2290,f6b29de380ff,1,test,0,22360_B
22360,C,2,614,4934,36890b10a76a,1,test,1,22360_C
22360,D,3,441,3549,b7c43f740f03,1,test,1,22360_D
22360,E,4,398,3161,b011930162e4,1,test,0,22360_E
22360,G,5,372,2974,d215c5b19d05,1,test,0,22360_G
22361,A,0,401,3129,60dd40f885a3,1,train,0,22361_A
22361,B,1,290,2321,2965f4fb62fe,1,train,1,22361_B
22361,C,2,612,4918,955d78cbe4a9,1,train,0,22361_C
22361,D,3,441,3549,b7c43f740f03,1,train,0,22361_D
22361,E,4,398,3161,b011930162e4,1,train,1,22361_E
22361,G,5,372,2974,d215c5b19d05,1,train,1,22361_G
22386,A,0,667,5174,337fd1055335,2,train,1,22386_A
22386,B,0,667,5174,337fd1055335,2,train,0,22386_B
22389,A,0,683,5294,f4f499d56f1c,2,train,1,22389_A
22389,B,1,218,1706,14bb4a0daf9e,2,train,0,22389_B
22389,C,0,683,5294,f4f499d56f1c,2,train,0,22389_C
22389,D,1,218,1706,14bb4a0daf9e,2,train,0,22389_D
22408,A,0,98,810,f9766fa5f2aa,1,train,0,22408_A
22408,B,1,81,648,911356d3fa78,1,train,0,22408_B
22408,C,2,109,837,cc35a3ba8018,2,train,0,22408_C
22408,D,3,94,736,ed6ce7894dc1,2,train,1,22408_D
22408,E,4,97,801,72b8c26d8c66,1,train,0,22408_E
22408,F,5,85,683,372a2779fc43,1,train,0,22408_F
22408,G,2,109,837,cc35a3ba8018,2,train,0,22408_G
22408,H,3,94,736,ed6ce7894dc1,2,train,0,22408_H
22408,K,6,358,2960,0c152382f753,1,train,0,22408_K
22409,A,0,98,810,f9766fa5f2aa,1,train,0,22409_A
22409,B,1,81,648,911356d3fa78,1,train,0,22409_B
22409,C,2,109,837,cc35a3ba8018,2,train,0,22409_C
22409,D,3,94,736,ed6ce7894dc1,2,train,1,22409_D
22409,E,4,97,801,72b8c26d8c66,1,train,0,22409_E
22409,F,5,85,683,372a2779fc43,1,train,0,22409_F
22409,G,2,109,837,cc35a3ba8018,2,train,0,22409_G
22409,H,3,94,736,ed6ce7894dc1,2,train,0,22409_H
22409,K,6,358,2960,0c152382f753,1,train,0,22409_K
22432,B,0,217,1710,2e2c01e7b4fb,1,test,0,22432_B
22432,C,1,213,1729,aa2b4e72a48a,1,test,0,22432_C
22432,D,2,221,1716,302ea5dc6f27,1,test,0,22432_D
22432,E,3,228,1768,b1b987b0199c,1,test,0,22432_E
22432,F,4,36,280,8ebc7be59fdf,1,test,0,22432_F
22432,G,5,185,1471,f2e7d8e36ed8,1,test,0,22432_G
22432,H,6,237,1923,fc2d025b2d4e,1,test,0,22432_H
22432,I,7,185,1488,40d746e3e123,1,test,0,22432_I
22432,J,8,206,1686,1ad75645ccd8,1,test,0,22432_J
22432,K,9,185,1525,b53c168820b1,1,test,0,22432_K
22432,L,10,96,810,2929fd579a6e,1,test,0,22432_L
22432,M,11,263,2083,fd70114a3e64,1,test,0,22432_M
22432,N,12,117,908,2ae20d95827b,1,test,0,22432_N
22432,O,13,158,1296,d1fa898ed580,1,test,0,22432_O
22432,P,14,150,1208,d5901649de7b,1,test,0,22432_P
22432,Q,15,129,1058,690335c4c926,1,test,0,22432_Q
22432,R,16,142,1128,28aa64eb8d77,1,test,0,22432_R
22432,S,17,132,1068,0706d85ced18,1,test,0,22432_S
22432,T,18,144,1190,ea61c0f8a9a5,1,test,0,22432_T
22432,U,19,141,1097,8d1b17d1df60,1,test,0,22432_U
22432,V,20,100,795,505d0d81ba43,1,test,0,22432_V
22432,W,21,83,636,de08bdd7e7c0,1,test,0,22432_W
22432,X,22,136,1016,687feef29ffd,1,test,0,22432_X
22432,Y,23,129,1034,41a8986a004d,1,test,0,22432_Y
22432,Z,24,124,1011,31c0f823b6de,1,test,0,22432_Z
22432,a,25,75,598,a39ba7e034ec,1,test,0,22432_a
22432,b,26,101,814,41997dc39665,1,test,0,22432_b
22432,c,27,142,1106,9380cb55ef18,1,test,0,22432_c
22432,d,28,62,488,786bac91df6f,1,test,0,22432_d
22432,e,29,84,659,380e48580243,1,test,0,22432_e
22432,f,30,57,457,2f32b121bee7,1,test,0,22432_f
22432,g,31,68,555,5c83d699d944,1,test,0,22432_g
22432,h,32,313,2436,ea475b3d65ec,1,test,1,22432_h
22433,B,0,217,1710,2e2c01e7b4fb,1,test,0,22433_B
22433,C,1,213,1729,aa2b4e72a48a,1,test,0,22433_C
22433,D,2,221,1716,302ea5dc6f27,1,test,0,22433_D
22433,E,3,228,1768,b1b987b0199c,1,test,0,22433_E
22433,F,4,36,280,8ebc7be59fdf,1,test,0,22433_F
22433,G,5,185,1461,f2e7d8e36ed8,1,test,0,22433_G
22433,H,6,237,1923,fc2d025b2d4e,1,test,0,22433_H
22433,I,7,185,1488,40d746e3e123,1,test,0,22433_I
22433,J,8,206,1686,1ad75645ccd8,1,test,0,22433_J
22433,K,9,185,1525,b53c168820b1,1,test,0,22433_K
22433,L,10,96,810,2929fd579a6e,1,test,0,22433_L
22433,M,11,263,2083,fd70114a3e64,1,test,0,22433_M
22433,N,12,117,908,2ae20d95827b,1,test,0,22433_N
22433,O,13,158,1296,d1fa898ed580,1,test,0,22433_O
22433,P,14,150,1208,d5901649de7b,1,test,0,22433_P
22433,Q,15,107,889,ad39b123581d,1,test,1,22433_Q
22433,R,16,142,1128,28aa64eb8d77,1,test,0,22433_R
22433,S,17,132,1068,0706d85ced18,1,test,0,22433_S
22433,T,18,144,1190,ea61c0f8a9a5,1,test,0,22433_T
22433,U,19,141,1097,8d1b17d1df60,1,test,0,22433_U
22433,V,20,100,795,505d0d81ba43,1,test,0,22433_V
22433,W,21,83,636,de08bdd7e7c0,1,test,0,22433_W
22433,X,22,136,1016,687feef29ffd,1,test,0,22433_X
22433,Y,23,129,1034,41a8986a004d,1,test,0,22433_Y
22433,Z,24,124,1011,31c0f823b6de,1,test,0,22433_Z
22433,a,25,75,598,a39ba7e034ec,1,test,0,22433_a
22433,b,26,101,814,41997dc39665,1,test,0,22433_b
22433,c,27,142,1106,9380cb55ef18,1,test,0,22433_c
22433,d,28,62,488,786bac91df6f,1,test,0,22433_d
22433,e,29,84,659,380e48580243,1,test,0,22433_e
22433,f,30,57,457,2f32b121bee7,1,test,0,22433_f
22433,g,31,68,555,5c83d699d944,1,test,0,22433_g
22433,h,32,313,2436,ea475b3d65ec,1,test,0,22433_h
22443,A,0,588,4626,7603a11ef53c,1,train,1,22443_A
22443,B,1,579,4609,628ffc3909f9,1,train,0,22443_B
22443,C,2,210,1638,cdb1f6210de1,1,train,0,22443_C
22443,D,3,213,1627,6f48e9e48cb2,1,train,0,22443_D
22443,E,4,218,1663,1548351ae9cf,1,train,0,22443_E
22443,F,5,212,1636,21240cd17c85,1,train,0,22443_F
22448,A,0,487,3838,4fefb6369fb4,2,train,1,22448_A
22448,B,1,457,3471,5634bafeae30,1,train,0,22448_B
22448,C,2,388,3104,60cfc60e6016,2,train,0,22448_C
22448,D,3,244,1910,12c49cfd1e01,2,train,0,22448_D
22448,E,4,74,574,e01a51a6c625,2,train,0,22448_E
22448,F,5,116,965,d8916bb77322,1,train,0,22448_F
22448,G,6,70,578,8c34805aed3d,2,train,1,22448_G
22448,H,7,65,536,ccc2fb787eb3,1,train,0,22448_H
22448,J,8,60,480,3ee963464d15,1,train,0,22448_J
22448,K,9,31,218,3cb105d51989,1,train,0,22448_K
22448,M,0,487,3838,4fefb6369fb4,2,train,0,22448_M
22448,N,10,455,3456,000326743fd4,1,train,0,22448_N
22448,O,2,388,3104,60cfc60e6016,2,train,0,22448_O
22448,P,3,244,1910,12c49cfd1e01,2,train,0,22448_P
22448,Q,4,74,574,e01a51a6c625,2,train,0,22448_Q
22448,R,11,115,959,9f1ef93307bb,1,train,0,22448_R
22448,S,6,70,578,8c34805aed3d,2,train,0,22448_S
22448,T,12,64,527,58a007c1be6d,1,train,0,22448_T
22448,V,13,59,476,2b4f66d3c76f,1,train,0,22448_V
22448,W,14,32,226,1f840e383b82,1,train,0,22448_W
22448,a,15,524,4074,fb8d2f0b4ae8,1,train,0,22448_a
22448,b,16,239,1915,ce77c7522df4,1,train,0,22448_b
22448,c,17,265,2134,d792f9960e31,1,train,0,22448_c
22448,d,18,76,595,ae5b749f2f58,1,train,0,22448_d
22448,e,19,94,733,d9d340c5a5ae,1,train,0,22448_e
22448,f,20,59,480,9a2a7a532b4a,1,train,0,22448_f
22448,g,21,74,612,2acef37109e4,1,train,0,22448_g
22448,h,22,49,391,5ceb2d4814de,1,train,0,22448_h
22448,i,23,65,519,30a214139f28,1,train,0,22448_i
22448,j,24,47,384,8a2b82d9bcda,1,train,0,22448_j
22462,A,0,443,3400,6351cdbc502e,8,train,1,22462_A
22462,B,1,138,1130,404e5f020ed1,8,train,0,22462_B
22462,C,0,443,3400,6351cdbc502e,8,train,0,22462_C
22462,D,1,138,1130,404e5f020ed1,8,train,0,22462_D
22462,E,0,443,3400,6351cdbc502e,8,train,0,22462_E
22462,F,1,138,1130,404e5f020ed1,8,train,0,22462_F
22462,G,0,443,3400,6351cdbc502e,8,train,0,22462_G
22462,H,1,138,1130,404e5f020ed1,8,train,0,22462_H
22462,I,0,443,3400,6351cdbc502e,8,train,0,22462_I
22462,J,1,138,1130,404e5f020ed1,8,train,0,22462_J
22462,K,0,443,3400,6351cdbc502e,8,train,0,22462_K
22462,L,1,138,1130,404e5f020ed1,8,train,0,22462_L
22462,M,0,443,3400,6351cdbc502e,8,train,0,22462_M
22462,N,1,138,1130,404e5f020ed1,8,train,0,22462_N
22462,O,0,443,3400,6351cdbc502e,8,train,0,22462_O
22462,P,1,138,1130,404e5f020ed1,8,train,0,22462_P
22462,q,2,22,172,c6cbfe214819,8,train,0,22462_q
22462,r,2,22,172,c6cbfe214819,8,train,0,22462_r
22462,s,2,22,172,c6cbfe214819,8,train,0,22462_s
22462,t,2,22,172,c6cbfe214819,8,train,0,22462_t
22462,u,2,22,172,c6cbfe214819,8,train,0,22462_u
22462,v,2,22,172,c6cbfe214819,8,train,0,22462_v
22462,w,2,22,172,c6cbfe214819,8,train,0,22462_w
22462,x,2,22,172,c6cbfe214819,8,train,0,22462_x
22491,A,0,53,424,83cd6c503fd8,1,train,0,22491_A
22491,H,1,119,915,31d1d7396a53,1,train,1,22491_H
22491,L,2,110,812,99c05f06f6c6,1,train,0,22491_L
22493,A,0,238,1978,228cf3cbd7eb,1,train,0,22493_A
22493,B,1,339,2604,eaf260eff854,1,train,0,22493_B
22493,G,2,57,436,9b808b5d658e,1,train,0,22493_G
22493,N,3,128,973,a02c374db11e,1,train,1,22493_N
22493,R,4,282,2244,f9b6e8a33364,1,train,1,22493_R
22509,A,0,237,1966,e426cc275b02,1,train,0,22509_A
22509,B,1,339,2604,eaf260eff854,1,train,0,22509_B
22509,G,2,57,436,9b808b5d658e,1,train,0,22509_G
22509,N,3,128,973,a02c374db11e,1,train,0,22509_N
22509,R,4,280,2227,72f2a0a37ce3,1,train,1,22509_R
22528,A,0,481,3707,95fea71fa0ff,3,test,0,22528_A
22528,B,1,238,1869,bfe41de2e1ed,3,test,0,22528_B
22528,C,2,125,972,1859deaa84bc,3,test,0,22528_C
22528,D,3,113,898,69471dbae754,3,test,1,22528_D
22528,E,0,481,3707,95fea71fa0ff,3,test,0,22528_E
22528,F,1,238,1869,bfe41de2e1ed,3,test,0,22528_F
22528,G,2,125,972,1859deaa84bc,3,test,0,22528_G
22528,H,3,113,898,69471dbae754,3,test,0,22528_H
22528,I,0,481,3707,95fea71fa0ff,3,test,0,22528_I
22528,J,1,238,1869,bfe41de2e1ed,3,test,0,22528_J
22528,K,2,125,972,1859deaa84bc,3,test,0,22528_K
22528,L,3,113,898,69471dbae754,3,test,0,22528_L
22605,A,0,464,3582,c1c9387a82d6,2,train,1,22605_A
22605,B,1,491,3874,3924e7565ff5,2,train,0,22605_B
22605,C,2,62,476,c82861fe67b9,2,train,0,22605_C
22605,D,3,153,1230,2033fa44c48c,2,train,0,22605_D
22605,E,0,464,3582,c1c9387a82d6,2,train,0,22605_E
22605,F,1,491,3874,3924e7565ff5,2,train,0,22605_F
22605,G,2,62,476,c82861fe67b9,2,train,0,22605_G
22605,H,3,153,1230,2033fa44c48c,2,train,0,22605_H
22655,A,0,307,2375,c86a92de5458,3,train,0,22655_A
22655,B,1,77,650,23fd17339ce8,3,train,0,22655_B
22655,C,0,307,2375,c86a92de5458,3,train,0,22655_C
22655,D,1,77,650,23fd17339ce8,3,train,0,22655_D
22655,E,0,307,2375,c86a92de5458,3,train,0,22655_E
22655,F,1,77,650,23fd17339ce8,3,train,0,22655_F
22655,G,2,202,1502,09f5046d51d6,3,train,0,22655_G
22655,H,3,212,1608,9019187637c6,3,train,1,22655_H
22655,I,2,202,1502,09f5046d51d6,3,train,0,22655_I
22655,J,3,212,1608,9019187637c6,3,train,0,22655_J
22655,K,2,202,1502,09f5046d51d6,3,train,0,22655_K
22655,L,3,212,1608,9019187637c6,3,train,0,22655_L
22681,1,0,30,250,3c3a22799bdb,1,train,0,22681_1
22681,A,1,206,1624,509f205d0495,1,train,0,22681_A
22681,B,2,213,1729,aa2b4e72a48a,1,train,1,22681_B
22681,C,3,218,1682,c36dceaeb865,1,train,0,22681_C
22681,D,4,225,1748,981f15287eae,1,train,0,22681_D
22681,E,5,262,2076,7a6daa02623c,1,train,0,22681_E
22681,F,6,189,1495,1c183b697401,1,train,0,22681_F
22681,G,7,230,1862,fb47701beb5a,1,train,0,22681_G
22681,H,8,186,1501,1238a305d357,1,train,0,22681_H
22681,I,9,205,1682,fbea195b77ee,1,train,0,22681_I
22681,J,10,180,1499,bdc506180619,1,train,0,22681_J
22681,K,11,95,800,e9bf5a804034,1,train,0,22681_K
22681,L,12,151,1229,72f9e0f1c438,1,train,0,22681_L
22681,M,13,123,953,7821060708d5,1,train,0,22681_M
22681,N,14,149,1202,df3b35a908be,1,train,0,22681_N
22681,O,15,135,1006,95fc0a388941,1,train,0,22681_O
22681,P,16,120,984,d367c3aea27b,1,train,0,22681_P
22681,Q,17,139,1109,ea6c4e21cc6e,1,train,0,22681_Q
22681,R,18,132,1066,0706d85ced18,1,train,0,22681_R
22681,S,19,143,1184,83e2b19ba899,1,train,0,22681_S
22681,T,20,144,1122,d751c3719cde,1,train,0,22681_T
22681,U,21,100,795,505d0d81ba43,1,train,0,22681_U
22681,V,22,82,625,e5356a0a5838,1,train,0,22681_V
22681,W,23,129,1034,41a8986a004d,1,train,0,22681_W
22681,X,24,141,1098,eacbd46b2869,1,train,0,22681_X
22681,Y,25,124,1014,c345558b90bc,1,train,0,22681_Y
22681,Z,26,72,574,48af581d5572,1,train,0,22681_Z
22681,a,27,101,814,41997dc39665,1,train,0,22681_a
22681,b,28,82,640,cea9b78434d6,1,train,0,22681_b
22681,c,29,61,479,1e46b6bbb991,1,train,0,22681_c
22681,d,30,54,455,09a17ec29b6c,1,train,0,22681_d
22681,e,31,50,397,da21e7ee9104,1,train,0,22681_e
22681,f,32,72,585,4a8d6b7fd3e7,1,train,0,22681_f
22681,g,33,314,2440,531ccb30ebaf,1,train,0,22681_g
22681,h,34,24,231,4cc28df1a436,1,train,0,22681_h
22700,A,0,114,885,55b905268b3c,5,train,0,22700_A
22700,B,0,114,885,55b905268b3c,5,train,0,22700_B
22700,C,0,114,885,55b905268b3c,5,train,0,22700_C
22700,D,0,114,885,55b905268b3c,5,train,0,22700_D
22700,E,0,114,885,55b905268b3c,5,train,0,22700_E
22700,H,1,119,925,f9ce6132a0c1,5,train,1,22700_H
22700,J,1,119,925,f9ce6132a0c1,5,train,0,22700_J
22700,K,2,108,829,4ce75c13b1f4,5,train,0,22700_K
22700,L,2,108,829,4ce75c13b1f4,5,train,0,22700_L
22700,M,1,119,925,f9ce6132a0c1,5,train,0,22700_M
22700,N,2,108,829,4ce75c13b1f4,5,train,0,22700_N
22700,P,1,119,925,f9ce6132a0c1,5,train,0,22700_P
22700,Q,2,108,829,4ce75c13b1f4,5,train,0,22700_Q
22700,X,1,119,925,f9ce6132a0c1,5,train,0,22700_X
22700,Y,2,108,829,4ce75c13b1f4,5,train,0,22700_Y
22748,A,0,950,6876,e7772135c265,1,test,0,22748_A
22748,B,1,994,7649,67eddf7c3867,1,test,0,22748_B
22748,C,2,991,7623,b6a4a2441824,1,test,0,22748_C
22748,H,3,119,926,974f5a6a752b,2,test,0,22748_H
22748,I,3,119,926,974f5a6a752b,2,test,0,22748_I
22748,L,4,109,812,5474090904c9,2,test,1,22748_L
22748,M,4,109,812,5474090904c9,2,test,0,22748_M
22771,A,0,436,3310,e9cf19404522,1,train,0,22771_A
22771,B,1,32,229,2ed13b789037,1,train,0,22771_B
22771,C,2,55,435,d2cda3db8f0f,1,train,0,22771_C
22771,D,3,492,3864,83e538c45a48,1,train,0,22771_D
22771,E,4,138,1129,da5c10903107,1,train,1,22771_E
22771,F,5,190,1471,86d88dfd42fc,1,train,0,22771_F
22790,A,0,97,801,72b8c26d8c66,2,train,0,22790_A
22790,B,1,83,668,c026e4387a14,1,train,0,22790_B
22790,C,2,104,790,7d7b2befd10a,1,train,0,22790_C
22790,D,3,94,734,226b404edfeb,1,train,1,22790_D
22790,E,0,97,801,72b8c26d8c66,2,train,0,22790_E
22790,F,4,81,648,911356d3fa78,1,train,0,22790_F
22790,G,5,106,808,4f5080767da1,1,train,0,22790_G
22790,H,6,93,729,0ca8c62df41a,1,train,0,22790_H
22791,A,0,99,816,d404cca7fee1,1,train,1,22791_A
22791,B,1,81,648,911356d3fa78,1,train,0,22791_B
22791,C,2,106,808,4f5080767da1,2,train,1,22791_C
22791,D,3,94,734,226b404edfeb,1,train,0,22791_D
22791,E,4,97,801,72b8c26d8c66,1,train,0,22791_E
22791,F,5,84,673,259c1bc477d5,1,train,0,22791_F
22791,G,2,106,808,4f5080767da1,2,train,0,22791_G
22791,H,6,93,725,daa00500e8f4,1,train,0,22791_H
22807,A,0,347,2582,70f755b9dace,4,train,1,22807_A
22807,B,0,347,2582,70f755b9dace,4,train,0,22807_B
22807,C,0,347,2582,70f755b9dace,4,train,0,22807_C
22807,D,0,347,2582,70f755b9dace,4,train,0,22807_D
22817,A,0,347,2581,b6d5906893fe,4,train,1,22817_A
22817,B,0,347,2581,b6d5906893fe,4,train,0,22817_B
22817,C,0,347,2581,b6d5906893fe,4,train,0,22817_C
22817,D,0,347,2581,b6d5906893fe,4,train,0,22817_D
22819,A,0,571,4646,bdc2b1233644,3,test,0,22819_A
22819,B,0,571,4646,bdc2b1233644,3,test,0,22819_B
22819,C,0,571,4646,bdc2b1233644,3,test,0,22819_C
22819,D,1,131,998,0bb59e0cbf8c,3,test,0,22819_D
22819,E,2,110,796,9bdde6df60a5,3,test,1,22819_E
22819,F,1,131,998,0bb59e0cbf8c,3,test,0,22819_F
22819,G,2,110,796,9bdde6df60a5,3,test,0,22819_G
22819,H,1,131,998,0bb59e0cbf8c,3,test,0,22819_H
22819,I,2,110,796,9bdde6df60a5,3,test,0,22819_I
22853,A,0,229,1793,5755bed9519f,3,test,0,22853_A
22853,B,0,229,1793,5755bed9519f,3,test,0,22853_B
22853,C,0,229,1793,5755bed9519f,3,test,0,22853_C
22853,D,1,95,757,4aa2cb21cd78,3,test,1,22853_D
22853,E,1,95,757,4aa2cb21cd78,3,test,0,22853_E
22853,F,1,95,757,4aa2cb21cd78,3,test,0,22853_F
22853,G,2,133,1026,ec6daeab3336,3,test,0,22853_G
22853,H,2,133,1026,ec6daeab3336,3,test,0,22853_H
22853,I,2,133,1026,ec6daeab3336,3,test,0,22853_I
22853,J,3,108,818,4dac33e0e4d3,3,test,0,22853_J
22853,K,3,108,818,4dac33e0e4d3,3,test,0,22853_K
22853,L,3,108,818,4dac33e0e4d3,3,test,0,22853_L
22880,A,0,589,4568,630a10c4a233,1,train,0,22880_A
22880,B,1,591,4591,f6055121bf10,1,train,0,22880_B
22880,C,2,600,4654,cdb08e323bf6,1,train,0,22880_C
22880,D,3,461,3609,4086c08a2264,1,train,0,22880_D
22880,E,4,458,3585,9ccb73c64f9a,2,train,0,22880_E
22880,F,4,458,3585,9ccb73c64f9a,2,train,0,22880_F
22880,G,5,346,1720,3e4080c95037,1,train,0,22880_G
22880,H,6,212,1708,6bd15a52d63b,1,train,0,22880_H
22880,I,7,218,1543,f03e4014b629,2,train,0,22880_I
22880,J,7,218,1636,f03e4014b629,2,train,0,22880_J
22880,K,8,220,1568,9d9764117a64,1,train,0,22880_K
22880,L,9,103,816,0c4189c5afab,1,train,0,22880_L
22880,M,10,109,663,4169e5bd21c1,3,train,0,22880_M
22880,N,10,109,684,4169e5bd21c1,3,train,0,22880_N
22880,O,10,109,677,4169e5bd21c1,3,train,0,22880_O
22880,P,11,368,2499,64490fefcf89,1,train,0,22880_P
22880,a,12,750,5827,12b50288b03a,1,train,1,22880_a
22880,b,13,204,1503,7a2d510f4244,1,train,0,22880_b
22880,c,14,150,1064,ccc0a2c06758,6,train,0,22880_c
22880,d,15,348,2819,d498da8b67d0,1,train,0,22880_d
22880,e,16,73,590,54d54873b121,1,train,0,22880_e
22880,f,17,65,501,462036a0c0a9,1,train,0,22880_f
22880,g,14,150,1064,ccc0a2c06758,6,train,0,22880_g
22880,k,14,150,1064,ccc0a2c06758,6,train,0,22880_k
22880,l,14,150,1064,ccc0a2c06758,6,train,0,22880_l
22880,m,14,150,1064,ccc0a2c06758,6,train,0,22880_m
22880,n,14,150,1064,ccc0a2c06758,6,train,0,22880_n
22880,o,18,151,1073,0f21462fad71,3,train,0,22880_o
22880,p,18,151,1073,0f21462fad71,3,train,0,22880_p
22880,q,18,151,1073,0f21462fad71,3,train,0,22880_q
22880,r,19,46,385,6e50d49c9ba7,1,train,0,22880_r
22880,s,20,204,1660,517ab62a7ae5,1,train,0,22880_s
22886,A,0,225,1716,305872c568b9,1,train,0,22886_A
22886,B,1,237,1765,3dff62d4bf37,1,train,0,22886_B
22886,C,2,1111,8606,590b3ed418fe,1,train,0,22886_C
22886,D,3,1270,9914,4f508a24295f,1,train,0,22886_D
22886,E,4,83,649,bbd1d8480175,1,train,0,22886_E
22886,F,5,322,2548,56bc9058aeea,1,train,0,22886_F
22886,J,6,109,880,553b008ad350,1,train,0,22886_J
22886,M,7,159,1241,ce4dfb97df25,1,train,0,22886_M
22886,Z,8,76,581,9452f3539fb8,1,train,1,22886_Z
22900,A,0,543,4317,c5541e7a1a9e,1,val,1,22900_A
22900,B,1,406,3282,6700a1e593e2,1,val,0,22900_B
22928,A,0,174,1385,e0a9e9dd9c5a,1,train,0,22928_A
22928,B,1,475,3879,57f6e4a5f6b6,1,train,0,22928_B
22928,E,2,178,1454,ce503f3f0882,1,train,0,22928_E
22928,F,3,182,1467,4bfc7612c168,2,train,0,22928_F
22928,G,4,156,1273,22cef5739da4,1,train,0,22928_G
22928,H,5,169,1352,b953fd11ac7a,1,train,0,22928_H
22928,I,3,182,1467,4bfc7612c168,2,train,0,22928_I
22928,J,6,191,1553,3ba17636c509,1,train,1,22928_J
22928,K,7,131,1081,b065240b4a59,1,train,0,22928_K
22962,E,0,114,920,88bd93558fc8,1,test,1,22962_E
22962,R,1,341,2796,229ced106d66,1,test,0,22962_R
22979,A,0,392,3160,0237ae84607d,5,train,0,22979_A
22979,B,0,392,3160,0237ae84607d,5,train,0,22979_B
22979,C,0,392,3160,0237ae84607d,5,train,0,22979_C
22979,D,0,392,3160,0237ae84607d,5,train,0,22979_D
22979,E,0,392,3160,0237ae84607d,5,train,0,22979_E
22979,F,1,71,530,f00f28359736,5,train,1,22979_F
22979,G,1,71,530,f00f28359736,5,train,0,22979_G
22979,H,1,71,530,f00f28359736,5,train,0,22979_H
22979,I,1,71,530,f00f28359736,5,train,0,22979_I
22979,J,1,71,530,f00f28359736,5,train,0,22979_J
23023,1,0,192,1473,914ac344e7d7,1,train,0,23023_1
23023,2,1,203,1567,c3e52f7084f5,1,train,0,23023_2
23023,3,2,218,1678,0780567031a5,1,train,0,23023_3
23023,4,3,203,1574,0f8679357ae3,1,train,0,23023_4
23023,A,4,742,5837,a4fe5f208c39,1,train,0,23023_A
23023,B,5,732,5845,b3a4c675b117,1,train,0,23023_B
23023,C,6,80,596,100e14cc48ae,1,train,0,23023_C
23023,D,7,142,1109,81e2e51895b6,1,train,0,23023_D
23023,E,8,63,500,5525f4d155b1,1,train,0,23023_E
23023,F,9,160,1239,0010d236c33e,1,train,0,23023_F
23023,G,10,91,689,6f784c28ed4d,1,train,0,23023_G
23023,H,11,87,659,f04154b9292c,1,train,0,23023_H
23023,I,12,34,266,b95540a3f7ce,1,train,0,23023_I
23023,J,13,41,325,4f4859873315,1,train,0,23023_J
23023,K,14,81,561,dcd32889a4b9,1,train,0,23023_K
23023,L,15,160,1171,57ee177ff665,1,train,0,23023_L
23023,M,16,30,223,08cdebc3cfcc,1,train,0,23023_M
23023,O,17,88,655,1e8a09431739,1,train,1,23023_O
23050,A,0,623,5056,27b45b0d7f23,1,train,0,23050_A
23050,B,1,628,5098,9efa6a3a87a0,1,train,0,23050_B
23050,C,2,511,3938,3420c2cbbab3,1,train,1,23050_C
23050,D,3,379,2938,1a126a8eea3f,1,train,0,23050_D
23050,E,4,327,2662,25c382e11918,1,train,0,23050_E
23050,F,5,259,2102,783c73ed1c3a,1,train,0,23050_F
23115,A,0,474,3636,057be82ff722,1,train,0,23115_A
23115,B,1,475,3643,d579054616d2,1,train,0,23115_B
23115,C,2,476,3649,9d0b75087b5e,1,train,0,23115_C
23115,D,3,470,3621,965c5d454b6f,1,train,1,23115_D
23115,E,4,470,3622,8a31c50fc0d3,1,train,0,23115_E
23115,F,5,471,3629,859af6e814a8,1,train,0,23115_F
23115,G,6,282,2211,478982bf04da,1,train,0,23115_G
23148,A,0,339,2698,021d723e34bb,4,train,1,23148_A
23148,B,0,339,2697,021d723e34bb,4,train,0,23148_B
23148,C,0,339,2674,021d723e34bb,4,train,0,23148_C
23148,D,0,339,2663,021d723e34bb,4,train,0,23148_D
23148,E,1,330,2613,649b2db3a6ab,1,train,1,23148_E
23210,A,0,224,1723,b7ab98e74df6,1,train,0,23210_A
23210,B,1,237,1825,71b82f938fbd,1,train,0,23210_B
23210,C,2,1166,9203,8ca05f62d355,1,train,0,23210_C
23210,D,3,1148,9025,e79d8e85aadf,1,train,0,23210_D
23210,E,4,78,628,69eccb55103a,1,train,1,23210_E
23210,F,5,272,2213,e336b6543a89,1,train,0,23210_F
23239,A,0,444,3507,a0a670aa19c6,1,train,1,23239_A
23239,B,1,145,1155,4c80e030028a,1,train,0,23239_B
23239,C,2,439,3461,24636a9b6b66,1,train,0,23239_C
23239,D,3,128,1023,14128db2010d,1,train,0,23239_D
23239,E,4,427,3371,e5bd87928108,1,train,0,23239_E
23239,F,5,138,1101,697b9db36805,1,train,0,23239_F
23244,A,0,308,2301,134e46276c43,1,train,0,23244_A
23244,B,1,398,3037,3f9f185fbaf9,4,train,0,23244_B
23244,C,1,398,2995,3f9f185fbaf9,4,train,0,23244_C
23244,D,1,398,3043,3f9f185fbaf9,4,train,0,23244_D
23244,E,1,398,2982,3f9f185fbaf9,4,train,0,23244_E
23244,F,2,272,2007,cdc00d0e5d8e,1,train,0,23244_F
23244,G,3,172,1199,e3fe2b7a3fa5,1,train,1,23244_G
23244,I,4,189,1325,9dca994c09e7,1,train,0,23244_I
23244,J,5,127,945,0befe7eda92b,1,train,0,23244_J
23244,K,6,127,929,37a0dd6054c7,1,train,0,23244_K
23244,X,7,63,468,c05e07f9d25f,1,train,0,23244_X
23244,Y,8,69,522,6b29836ac565,1,train,0,23244_Y
23269,A,0,557,4158,3f74dd75db5f,1,train,0,23269_A
23269,B,1,672,4984,85edd524b32d,1,train,1,23269_B
23269,C,2,185,1396,c11f12bbb357,1,train,0,23269_C
23269,D,3,26,192,536dab690f3a,1,train,0,23269_D
23279,A,0,973,7046,217aeb89f9e9,2,test,0,23279_A
23279,B,0,973,7046,217aeb89f9e9,2,test,0,23279_B
23279,C,1,949,7026,5361256baf34,1,test,0,23279_C
23279,H,2,232,1235,79c6995f546d,3,test,1,23279_H
23279,L,3,219,1229,1c517d97c18d,2,test,1,23279_L
23279,M,2,232,1248,79c6995f546d,3,test,0,23279_M
23279,N,3,219,1245,1c517d97c18d,2,test,0,23279_N
23279,O,4,220,1235,b0d1b62255b2,1,test,0,23279_O
23279,P,2,232,1235,79c6995f546d,3,test,0,23279_P
23284,A,0,776,5857,692cf4f9f650,2,test,0,23284_A
23284,B,1,778,5652,9eb2b5952c1f,2,test,1,23284_B
23284,C,0,776,5857,692cf4f9f650,2,test,0,23284_C
23284,D,1,778,5652,9eb2b5952c1f,2,test,0,23284_D
23284,E,2,124,974,03d07e51dc67,2,test,0,23284_E
23284,F,2,124,978,03d07e51dc67,2,test,0,23284_F
23284,G,3,162,1134,803aa05124c1,2,test,0,23284_G
23284,H,3,162,1134,803aa05124c1,2,test,0,23284_H
23284,I,4,229,1124,2e9452ec4597,2,test,0,23284_I
23284,J,5,211,1042,2a95488482ea,2,test,0,23284_J
23284,K,6,215,1059,15493f48328b,2,test,0,23284_K
23284,L,4,229,1124,2e9452ec4597,2,test,0,23284_L
23284,M,5,211,1042,2a95488482ea,2,test,0,23284_M
23284,N,6,215,1059,15493f48328b,2,test,0,23284_N
23292,A,0,403,2843,2a1fb519db77,1,train,0,23292_A
23292,B,1,403,2929,bc9c01d9f401,2,train,0,23292_B
23292,C,2,403,2855,59ef54a4a566,1,train,0,23292_C
23292,D,1,403,2921,bc9c01d9f401,2,train,0,23292_D
23292,E,3,141,1092,fecfb51ae1fa,2,train,0,23292_E
23292,F,3,141,1096,fecfb51ae1fa,2,train,0,23292_F
23292,G,4,164,1144,754d72e13cd2,2,train,1,23292_G
23292,H,4,164,1144,754d72e13cd2,2,train,0,23292_H
23312,A,0,450,3552,9e8b7092b37c,3,train,0,23312_A
23312,B,1,146,1160,42deab760b23,3,train,0,23312_B
23312,C,2,120,930,af2697141b7a,3,train,1,23312_C
23312,D,3,105,817,9234c068e6f8,3,train,0,23312_D
23312,E,0,450,3552,9e8b7092b37c,3,train,0,23312_E
23312,F,0,450,3552,9e8b7092b37c,3,train,0,23312_F
23312,G,1,146,1160,42deab760b23,3,train,0,23312_G
23312,H,4,123,965,a9936c0fe433,3,train,0,23312_H
23312,I,1,146,1160,42deab760b23,3,train,0,23312_I
23312,J,2,120,930,af2697141b7a,3,train,0,23312_J
23312,K,2,120,930,af2697141b7a,3,train,0,23312_K
23312,L,5,107,833,c3898d057a94,3,train,0,23312_L
23312,M,3,105,817,9234c068e6f8,3,train,0,23312_M
23312,N,3,105,817,9234c068e6f8,3,train,0,23312_N
23312,O,4,123,965,a9936c0fe433,3,train,0,23312_O
23312,P,4,123,965,a9936c0fe433,3,train,0,23312_P
23312,Q,5,107,833,c3898d057a94,3,train,0,23312_Q
23312,R,5,107,833,c3898d057a94,3,train,0,23312_R
23361,A,0,539,4284,bdeabcc50bc8,1,train,0,23361_A
23361,B,1,118,912,5be944105558,1,train,1,23361_B
23361,C,2,110,829,56ef1234225c,1,train,0,23361_C
23405,A,0,281,2298,bc6bec6adabb,1,train,1,23405_A
23405,H,1,121,959,3dce62f62c8b,1,train,0,23405_H
23405,L,2,109,854,70b25e0f09ec,1,train,0,23405_L
23463,H,0,232,1755,67056a79519c,1,train,1,23463_H
23463,L,1,213,1618,85b3858637ed,1,train,0,23463_L
23463,Z,2,360,2751,4938d554a935,1,train,0,23463_Z
23464,H,0,231,1733,89d99d3708ee,1,train,1,23464_H
23464,L,1,215,1633,1454e41b661d,1,train,0,23464_L
23464,Z,2,369,2835,73c26a56ee58,1,train,0,23464_Z
23465,A,0,363,2832,4e741709a0b2,1,train,0,23465_A
23465,B,1,123,986,885581d47eb1,1,train,1,23465_B
23465,C,2,358,2802,2578e2ce4e71,1,train,0,23465_C
23465,D,3,126,991,4fc1be3796d6,1,train,0,23465_D
23465,E,4,353,1751,7706328609a5,1,train,0,23465_E
23465,F,5,128,631,45a10b9eede8,1,train,0,23465_F
23465,G,6,24,177,849f21a4c2af,3,train,0,23465_G
23465,H,6,24,177,849f21a4c2af,3,train,0,23465_H
23465,I,6,24,118,849f21a4c2af,3,train,0,23465_I
23465,J,7,106,810,2edd8e6f5be5,1,train,0,23465_J
23465,K,8,129,996,bb2a0770917c,2,train,0,23465_K
23465,L,9,109,835,3ecadbfc6315,1,train,0,23465_L
23465,M,8,129,996,bb2a0770917c,2,train,0,23465_M
23478,A,0,497,3733,ce053be6f501,4,train,1,23478_A
23478,B,0,497,3733,ce053be6f501,4,train,0,23478_B
23478,C,0,497,3733,ce053be6f501,4,train,0,23478_C
23478,D,0,497,3733,ce053be6f501,4,train,0,23478_D
23499,A,0,1085,8494,6521ae46cdde,1,train,0,23499_A
23499,B,1,1088,8515,a7bc69c35590,1,train,0,23499_B
23499,C,2,1088,8516,e3c8771375ae,1,train,0,23499_C
23499,D,3,216,1625,d235c7064633,1,train,1,23499_D
23499,E,4,213,1636,ccad7c7fa469,1,train,0,23499_E
23499,F,5,123,946,213bfadb90a5,2,train,0,23499_F
23499,G,6,108,825,f1491c5e1c23,2,train,0,23499_G
23499,H,5,123,946,213bfadb90a5,2,train,0,23499_H
23499,L,6,108,825,f1491c5e1c23,2,train,0,23499_L
23502,1,0,222,1757,52d5272dd982,2,train,0,23502_1
23502,2,1,233,1824,0816ac295cf1,2,train,0,23502_2
23502,A,2,243,1920,63d324b855c0,1,train,0,23502_A
23502,B,3,250,1915,1e226bf94c30,1,train,0,23502_B
23502,C,4,239,1876,b67836b06f37,1,train,0,23502_C
23502,D,5,237,1861,3552142efb41,1,train,0,23502_D
23502,E,6,235,1813,7d815db35ef0,1,train,0,23502_E
23502,F,7,231,1773,31850621ac99,2,train,0,23502_F
23502,G,8,244,1896,8bf69d93eaf6,1,train,0,23502_G
23502,H,9,196,1516,6b252cc3889d,2,train,0,23502_H
23502,I,10,220,1670,74a5a277a0c3,2,train,0,23502_I
23502,J,11,204,1581,4098e4221b14,1,train,0,23502_J
23502,K,12,194,1553,b24c427418f4,2,train,1,23502_K
23502,L,13,212,1644,cecedffc6e9d,2,train,0,23502_L
23502,M,0,222,1757,52d5272dd982,2,train,0,23502_M
23502,N,1,233,1824,0816ac295cf1,2,train,0,23502_N
23502,O,14,240,1898,338f6014f02b,1,train,0,23502_O
23502,P,15,246,1881,916d57c8ace4,1,train,0,23502_P
23502,Q,16,244,1904,ea424494c66c,1,train,0,23502_Q
23502,R,17,235,1844,4e9bccccb82b,1,train,0,23502_R
23502,S,18,236,1817,8ea6a754bc9b,1,train,0,23502_S
23502,T,7,231,1773,31850621ac99,2,train,0,23502_T
23502,U,19,243,1892,7ffeb37ddd76,1,train,0,23502_U
23502,V,9,196,1516,6b252cc3889d,2,train,0,23502_V
23502,W,10,220,1670,74a5a277a0c3,2,train,0,23502_W
23502,X,20,203,1575,81d388b6eeb4,1,train,0,23502_X
23502,Y,12,194,1553,b24c427418f4,2,train,0,23502_Y
23502,Z,13,212,1644,cecedffc6e9d,2,train,0,23502_Z
23503,A,0,245,1928,0397f6e302a5,1,train,0,23503_A
23503,B,1,247,1891,a48712446f96,1,train,0,23503_B
23503,C,2,234,1836,3b52d9e2a242,1,train,0,23503_C
23503,D,3,235,1841,35784a492a94,1,train,0,23503_D
23503,E,4,249,1924,2e97a577c0ae,1,train,0,23503_E
23503,F,5,234,1803,0bd18f6f4240,1,train,0,23503_F
23503,G,6,245,1901,94abf6f11676,1,train,1,23503_G
23503,H,7,118,948,ed310544c5ef,1,train,0,23503_H
23503,I,8,205,1554,c12e947a0fb9,1,train,0,23503_I
23503,J,9,173,1353,4cc7fa20f54c,1,train,0,23503_J
23503,K,10,191,1530,6e150354cf7f,1,train,0,23503_K
23503,L,11,177,1376,9d4019889b15,1,train,0,23503_L
23503,M,12,160,1255,61094b22c016,1,train,0,23503_M
23503,O,13,240,1870,fc3a744c8da4,1,train,0,23503_O
23503,P,14,257,2087,253d1833e4b6,1,train,0,23503_P
23575,A,0,251,1986,32c189b55f0c,2,test,0,23575_A
23575,B,1,229,1826,7db4b9f55f83,2,test,0,23575_B
23575,C,2,242,1934,40eadd184a70,2,test,0,23575_C
23575,D,3,233,1845,257dfa5c6c4f,2,test,0,23575_D
23575,E,4,236,1830,92821bb5e03c,2,test,0,23575_E
23575,F,5,235,1866,14fe11a87cb5,2,test,0,23575_F
23575,G,6,242,1979,7dc044d28b0c,2,test,0,23575_G
23575,H,7,229,1846,bec10c0ac8cd,2,test,1,23575_H
23575,I,8,219,1676,18095fe49fe0,2,test,0,23575_I
23575,J,9,215,1698,f78f55c58d16,2,test,0,23575_J
23575,K,10,195,1614,02e167753c71,2,test,0,23575_K
23575,L,11,209,1647,684aab17f1f7,2,test,0,23575_L
23575,M,12,213,1696,0adf44bd5ffd,2,test,0,23575_M
23575,N,13,234,1920,2b9958322541,2,test,0,23575_N
23575,O,0,251,1986,32c189b55f0c,2,test,0,23575_O
23575,P,1,229,1826,7db4b9f55f83,2,test,0,23575_P
23575,Q,2,242,1934,40eadd184a70,2,test,0,23575_Q
23575,R,3,233,1845,257dfa5c6c4f,2,test,0,23575_R
23575,S,4,236,1830,92821bb5e03c,2,test,0,23575_S
23575,T,5,235,1866,14fe11a87cb5,2,test,0,23575_T
23575,U,6,242,1979,7dc044d28b0c,2,test,0,23575_U
23575,V,7,229,1846,bec10c0ac8cd,2,test,0,23575_V
23575,W,8,219,1676,18095fe49fe0,2,test,0,23575_W
23575,X,9,215,1698,f78f55c58d16,2,test,0,23575_X
23575,Y,10,195,1614,02e167753c71,2,test,0,23575_Y
23575,Z,11,209,1647,684aab17f1f7,2,test,0,23575_Z
23575,a,12,213,1696,0adf44bd5ffd,2,test,0,23575_a
23575,b,13,234,1920,2b9958322541,2,test,0,23575_b
23579,A,0,1035,7945,2626d0ec6896,3,test,0,23579_A
23579,B,0,1035,7945,2626d0ec6896,3,test,0,23579_B
23579,C,1,104,765,6a4377cd42e1,3,test,0,23579_C
23579,D,1,104,765,6a4377cd42e1,3,test,0,23579_D
23579,E,2,122,958,e68ad2c072a5,3,test,0,23579_E
23579,F,2,122,958,e68ad2c072a5,3,test,0,23579_F
23579,G,3,121,600,3f66cfd84b30,3,test,0,23579_G
23579,H,3,121,600,3f66cfd84b30,3,test,0,23579_H
23579,I,4,100,503,8be1e98ed77e,3,test,1,23579_I
23579,J,0,1035,7945,2626d0ec6896,3,test,0,23579_J
23579,K,1,104,765,6a4377cd42e1,3,test,0,23579_K
23579,L,4,100,503,8be1e98ed77e,3,test,0,23579_L
23579,M,2,122,958,e68ad2c072a5,3,test,0,23579_M
23579,N,3,121,600,3f66cfd84b30,3,test,0,23579_N
23579,O,4,100,503,8be1e98ed77e,3,test,0,23579_O
23589,A,0,121,985,73596a9bf9b2,3,train,0,23589_A
23589,B,0,121,985,73596a9bf9b2,3,train,0,23589_B
23589,C,1,98,783,f93736ab32f7,2,train,0,23589_C
23589,D,2,435,3440,d81425e8e67c,1,train,0,23589_D
23589,E,0,121,985,73596a9bf9b2,3,train,0,23589_E
23589,F,3,113,899,14d235f29eb8,1,train,1,23589_F
23589,G,4,436,3449,66a93f8219d5,1,train,0,23589_G
23589,H,5,127,991,f11a0edb013b,1,train,0,23589_H
23589,I,1,98,783,f93736ab32f7,2,train,0,23589_I
23589,J,6,116,924,667396925960,1,train,0,23589_J
23589,K,7,435,3442,f4fb79c1a509,1,train,0,23589_K
23589,L,8,105,797,0b58230fda8e,1,train,0,23589_L
23589,M,9,96,767,56ace1292d84,1,train,0,23589_M
23589,N,10,114,912,14f6a383f54e,1,train,0,23589_N
23590,A,0,99,815,a027361df1f1,2,test,0,23590_A
23590,B,1,82,652,e0251bd5a2e2,2,test,1,23590_B
23590,C,2,109,839,dd2beee558c9,1,test,0,23590_C
23590,D,3,95,751,6c403c752da3,1,test,0,23590_D
23590,E,0,99,815,a027361df1f1,2,test,0,23590_E
23590,F,1,82,653,e0251bd5a2e2,2,test,0,23590_F
23590,G,4,108,830,8fd6cb453764,1,test,0,23590_G
23590,H,5,93,731,653f487d45f7,1,test,0,23590_H
23608,A,0,716,5530,52c8d91c3047,3,test,1,23608_A
23608,B,0,716,5530,52c8d91c3047,3,test,0,23608_B
23608,C,0,716,5530,52c8d91c3047,3,test,0,23608_C
23614,A,0,313,2626,bf63cb09cb83,6,test,1,23614_A
23614,B,0,313,2626,bf63cb09cb83,6,test,0,23614_B
23614,C,0,313,2626,bf63cb09cb83,6,test,0,23614_C
23614,D,0,313,2626,bf63cb09cb83,6,test,0,23614_D
23614,E,0,313,2626,bf63cb09cb83,6,test,0,23614_E
23614,F,0,313,2626,bf63cb09cb83,6,test,0,23614_F
23667,0,0,51,427,3d2c76dc30ec,1,train,0,23667_0
23667,1,1,44,363,f8bc518e10d5,1,train,0,23667_1
23667,2,2,63,509,5c8146fe3caa,1,train,0,23667_2
23667,3,3,38,295,859b04b88ea9,1,train,0,23667_3
23667,C,4,272,2111,09004f2f1433,1,train,0,23667_C
23667,D,5,211,1572,d0dcce6d8c5e,1,train,0,23667_D
23667,E,6,200,1516,0c90eed74b4a,1,train,0,23667_E
23667,F,7,174,1370,58bdc39350d9,1,train,0,23667_F
23667,G,8,174,1318,6c888b8a112c,1,train,0,23667_G
23667,H,9,60,458,8e47c03364db,1,train,0,23667_H
23667,I,10,142,1125,d8a50a2907e1,1,train,0,23667_I
23667,J,11,122,946,3b62d90d7b25,1,train,0,23667_J
23667,K,12,144,1071,0ff616fb162e,1,train,0,23667_K
23667,L,13,137,1087,d759bedd0ba4,1,train,0,23667_L
23667,M,14,119,942,c431b5b34277,1,train,0,23667_M
23667,N,15,114,857,5b4b9cd0aaf0,1,train,1,23667_N
23667,O,16,116,913,8766622888c7,1,train,0,23667_O
23667,P,17,118,942,874616e2b40e,1,train,0,23667_P
23667,Q,18,103,807,775fe943b9c5,1,train,0,23667_Q
23667,R,19,109,826,dec063ffc371,1,train,0,23667_R
23667,S,20,91,710,300a1416c0b6,1,train,0,23667_S
23667,T,21,103,766,573849b33bbe,1,train,0,23667_T
23667,U,22,97,760,e8fd1d264022,1,train,0,23667_U
23667,V,23,77,585,42717b1fa07a,1,train,0,23667_V
23667,W,24,77,632,43c1a1e81406,1,train,0,23667_W
23667,X,25,60,486,d19cb2a10845,1,train,0,23667_X
23667,Y,26,57,455,ba1ef90b0559,1,train,0,23667_Y
23667,Z,27,55,456,e0782d68c27b,1,train,0,23667_Z
23693,A,0,1034,8021,ff935b4f200a,3,test,0,23693_A
23693,B,0,1034,8021,ff935b4f200a,3,test,0,23693_B
23693,C,1,108,802,7ba7294c6c9d,3,test,1,23693_C
23693,D,2,123,947,bf10d17c8ea4,3,test,0,23693_D
23693,E,0,1034,8021,ff935b4f200a,3,test,0,23693_E
23693,F,2,123,947,bf10d17c8ea4,3,test,0,23693_F
23693,G,1,108,802,7ba7294c6c9d,3,test,0,23693_G
23693,H,2,123,947,bf10d17c8ea4,3,test,0,23693_H
23693,L,1,108,802,7ba7294c6c9d,3,test,0,23693_L
23698,A,0,234,1810,0d06f8ad58b8,1,train,0,23698_A
23698,B,1,287,2260,c46c07f6675a,1,train,1,23698_B
23698,C,2,270,2134,6b5320ab1add,1,train,0,23698_C
23698,D,3,273,2149,a0d944a43372,1,train,0,23698_D
23698,E,4,296,2338,29655c1b144f,1,train,0,23698_E
23698,F,5,254,1983,17d3761cccbe,1,train,0,23698_F
23705,A,0,351,2846,f2d3a63cf35a,5,train,1,23705_A
23705,B,0,351,2846,f2d3a63cf35a,5,train,0,23705_B
23705,C,0,351,2846,f2d3a63cf35a,5,train,0,23705_C
23705,D,0,351,2846,f2d3a63cf35a,5,train,0,23705_D
23705,E,0,351,2846,f2d3a63cf35a,5,train,0,23705_E
23716,A,0,230,1786,a2b599c1c154,1,test,0,23716_A
23716,B,1,228,1767,e904399fef9c,1,test,0,23716_B
23716,C,2,1340,10570,af66b78a7e33,1,test,0,23716_C
23716,D,3,1337,10396,b74f05d9faa6,1,test,0,23716_D
23716,E,4,79,627,cf637ce9517d,1,test,1,23716_E
23716,F,5,967,7719,12baf48c6d68,1,test,0,23716_F
23755,A,0,493,3946,ee9e00cba7fa,1,train,0,23755_A
23755,B,1,253,2096,7d0c1d9b2872,1,train,1,23755_B
23755,C,2,584,4830,4bf6113c860e,1,train,0,23755_C
23755,D,3,438,3572,36d12199c213,1,train,0,23755_D
23755,E,4,452,3702,eb7523638e1b,1,train,0,23755_E
23755,F,5,164,1369,245535830d85,1,train,0,23755_F
23755,I,6,376,2999,7a920f89718a,1,train,0,23755_I
23779,A,0,439,3469,16fe641c4050,1,train,0,23779_A
23779,B,1,122,971,43e16740dd82,1,train,0,23779_B
23779,C,2,428,3393,2d3cc0e5eaa9,1,train,0,23779_C
23779,D,3,122,971,31dfd8837401,1,train,0,23779_D
23779,E,4,433,3428,a34aad41de35,1,train,0,23779_E
23779,F,5,121,963,383c2b5e6734,1,train,0,23779_F
23779,H,6,117,894,9a23f212ecd0,1,train,1,23779_H
23779,L,7,110,796,d52ce417965c,1,train,0,23779_L
23789,A,0,1425,11167,c4dfbb7a0389,2,val,0,23789_A
23789,B,1,1166,9227,d6e422190494,1,val,0,23789_B
23789,C,2,265,2086,1755ae4d0552,2,val,0,23789_C
23789,D,3,168,1331,850207bbe0b7,2,val,0,23789_D
23789,E,4,214,1752,680582145be4,2,val,0,23789_E
23789,F,5,87,705,fff6cb5529ad,2,val,1,23789_F
23789,G,6,171,1335,43e5549e41bd,2,val,0,23789_G
23789,H,7,135,1080,d8544dbbafbd,2,val,0,23789_H
23789,I,8,114,927,94e033c10e05,2,val,0,23789_I
23789,J,9,66,540,8b63d3bf5624,2,val,0,23789_J
23789,K,10,115,924,0f38c8478c6a,2,val,0,23789_K
23789,L,11,44,352,1f02c693892a,2,val,0,23789_L
23789,M,12,135,1106,a1976584d8fe,1,val,0,23789_M
23789,Q,13,214,1619,8f1c0301eaa8,1,val,0,23789_Q
23789,a,0,1425,11189,c4dfbb7a0389,2,val,0,23789_a
23789,b,14,1160,9197,65676d813a59,1,val,0,23789_b
23789,c,2,265,2086,1755ae4d0552,2,val,0,23789_c
23789,d,3,168,1331,850207bbe0b7,2,val,0,23789_d
23789,e,4,214,1752,680582145be4,2,val,0,23789_e
23789,f,5,87,705,fff6cb5529ad,2,val,0,23789_f
23789,g,6,171,1339,43e5549e41bd,2,val,0,23789_g
23789,h,7,135,1080,d8544dbbafbd,2,val,0,23789_h
23789,i,8,114,927,94e033c10e05,2,val,0,23789_i
23789,j,9,66,540,8b63d3bf5624,2,val,0,23789_j
23789,k,10,115,924,0f38c8478c6a,2,val,0,23789_k
23789,l,11,44,352,1f02c693892a,2,val,0,23789_l
23803,A,0,564,3643,2189432f4a30,1,train,1,23803_A
23803,B,1,455,2834,8fff3c5b83f2,1,train,0,23803_B
23810,A,0,890,7230,d216a4a47757,1,train,0,23810_A
23810,B,1,896,7276,75181e080e87,1,train,0,23810_B
23810,C,2,149,1169,acf2c4b9e81a,2,train,0,23810_C
23810,D,3,158,1277,5479e08e6aae,1,train,1,23810_D
23810,E,4,157,1270,a03a5a4c0e46,1,train,0,23810_E
23810,F,2,149,1169,acf2c4b9e81a,2,train,0,23810_F
23810,G,5,212,1742,a28fe70b0dcf,1,train,0,23810_G
23810,H,6,211,1737,25818623c14e,1,train,0,23810_H
23837,A,0,491,3980,53daf68e2542,1,test,0,23837_A
23837,O,1,113,872,2fc5bbea0c2c,1,test,0,23837_O
23837,P,2,111,793,a90190f20c0c,1,test,1,23837_P
23848,C,0,534,4249,3c6682b6f3f2,4,train,1,23848_C
23848,G,0,534,4249,3c6682b6f3f2,4,train,0,23848_G
23848,H,0,534,4249,3c6682b6f3f2,4,train,0,23848_H
23848,I,0,534,4249,3c6682b6f3f2,4,train,0,23848_I
23850,A,0,534,4249,3c6682b6f3f2,4,train,1,23850_A
23850,B,0,534,4249,3c6682b6f3f2,4,train,0,23850_B
23850,C,0,534,4249,3c6682b6f3f2,4,train,0,23850_C
23850,E,0,534,4249,3c6682b6f3f2,4,train,0,23850_E
23883,H,0,132,1018,a810b465813e,1,test,0,23883_H
23883,L,1,113,863,d2742c053c63,1,test,1,23883_L
23883,X,2,458,3592,4fecddcd1433,1,test,0,23883_X
23897,G,0,233,1808,ce09534e313b,1,val,1,23897_G
23897,H,1,222,1710,be959b6f1a12,1,val,0,23897_H
23897,I,2,1340,10567,ad4e9e01a954,1,val,0,23897_I
23897,J,3,1336,10386,30cc71bfc86d,1,val,0,23897_J
23897,K,4,79,627,cf637ce9517d,1,val,0,23897_K
23897,L,5,471,3835,489b2142987c,1,val,0,23897_L
23897,R,6,73,572,1715e8c2e6b3,1,val,0,23897_R
23904,0,0,753,6099,b4517bcf186e,1,train,0,23904_0
23904,1,1,262,1890,f28d075117be,1,train,0,23904_1
23904,2,2,461,3020,08a4a7bca710,1,train,0,23904_2
23904,3,3,137,890,73c36ef8c1b3,1,train,0,23904_3
23904,4,4,282,2031,d75abbbaed4e,1,train,0,23904_4
23904,5,5,66,498,807bcff79326,1,train,0,23904_5
23904,6,6,338,2462,5444de832bc7,1,train,0,23904_6
23904,7,7,638,4478,7abcfdc0f37a,1,train,0,23904_7
23904,A,8,1397,10993,68cdec484ea4,1,train,0,23904_A
23904,B,9,1147,9132,d78d87667dfa,1,train,0,23904_B
23904,C,10,262,2061,c7abf6a999ac,1,train,0,23904_C
23904,D,11,157,1253,a14431c525ae,1,train,0,23904_D
23904,E,12,213,1744,2d45d420adef,1,train,0,23904_E
23904,F,13,83,670,5c8d244ba1d0,1,train,0,23904_F
23904,G,14,171,1340,43e5549e41bd,1,train,0,23904_G
23904,H,15,136,1089,5ede8445ed42,1,train,0,23904_H
23904,I,16,116,944,70e4b6eceedb,1,train,0,23904_I
23904,J,17,65,532,5209c99bc32f,1,train,0,23904_J
23904,K,18,112,904,e5ef00ab5c78,1,train,0,23904_K
23904,L,19,45,358,7aa8e59e119c,1,train,0,23904_L
23904,M,20,279,2175,8022bcf081e2,1,train,1,23904_M
23904,O,21,180,1416,74f74e0badc5,1,train,0,23904_O
23904,Q,22,148,1144,dbcd849a7a89,1,train,0,23904_Q
23904,R,23,190,1303,e13808027056,1,train,0,23904_R
23904,W,24,191,1469,7b08e3c907db,1,train,0,23904_W
23904,X,25,156,984,ab7b60e16560,1,train,0,23904_X
23906,0,0,754,6108,97cdd4660d52,1,val,0,23906_0
23906,1,1,261,1881,f288fe6dfdfa,1,val,0,23906_1
23906,2,2,460,3011,22b61f9b03c6,1,val,0,23906_2
23906,3,3,138,860,cbc703694ea2,1,val,0,23906_3
23906,4,4,282,2031,d75abbbaed4e,1,val,1,23906_4
23906,5,5,66,498,807bcff79326,1,val,0,23906_5
23906,6,6,338,2462,5444de832bc7,1,val,0,23906_6
23906,7,7,634,4447,104dd7e98acf,1,val,0,23906_7
23906,A,8,1398,10997,16d52ffe4c51,1,val,0,23906_A
23906,B,9,1152,9178,e1074d5cb5e4,1,val,0,23906_B
23906,C,10,262,2061,c7abf6a999ac,1,val,0,23906_C
23906,D,11,157,1253,a14431c525ae,1,val,0,23906_D
23906,E,12,213,1744,2d45d420adef,1,val,0,23906_E
23906,F,13,83,670,5c8d244ba1d0,1,val,1,23906_F
23906,G,14,171,1340,43e5549e41bd,1,val,0,23906_G
23906,H,15,136,1089,5ede8445ed42,1,val,0,23906_H
23906,I,16,116,944,70e4b6eceedb,1,val,0,23906_I
23906,J,17,65,532,5209c99bc32f,1,val,0,23906_J
23906,K,18,112,904,e5ef00ab5c78,1,val,0,23906_K
23906,L,19,45,358,7aa8e59e119c,1,val,0,23906_L
23906,M,20,279,2175,8022bcf081e2,1,val,0,23906_M
23906,O,21,180,1416,74f74e0badc5,1,val,0,23906_O
23906,Q,22,148,1144,dbcd849a7a89,1,val,0,23906_Q
23906,R,23,190,1303,e13808027056,1,val,0,23906_R
23906,U,24,46,383,ca19ec76069d,1,val,0,23906_U
23906,V,25,49,381,2fdcf15d7872,1,val,0,23906_V
23906,W,26,191,1469,7b08e3c907db,1,val,0,23906_W
23906,X,27,156,984,ab7b60e16560,1,val,0,23906_X
23908,0,0,754,6108,97cdd4660d52,1,train,0,23908_0
23908,1,1,261,1881,f288fe6dfdfa,1,train,1,23908_1
23908,2,2,460,3011,22b61f9b03c6,1,train,0,23908_2
23908,3,3,72,361,5f17a5295d08,1,train,0,23908_3
23908,4,4,282,2031,d75abbbaed4e,1,train,0,23908_4
23908,5,5,66,498,807bcff79326,1,train,0,23908_5
23908,6,6,338,2462,5444de832bc7,1,train,0,23908_6
23908,7,7,634,4447,104dd7e98acf,1,train,0,23908_7
23908,A,8,1405,11039,4e726b63f692,1,train,0,23908_A
23908,B,9,1114,8861,4aeefe85d7e1,1,train,0,23908_B
23908,C,10,266,2095,1a4a2de9c24a,1,train,0,23908_C
23908,D,11,157,1253,a14431c525ae,1,train,0,23908_D
23908,E,12,214,1752,680582145be4,1,train,0,23908_E
23908,F,13,85,688,64ebcf8753fc,1,train,0,23908_F
23908,G,14,171,1340,43e5549e41bd,1,train,0,23908_G
23908,H,15,133,1068,3af00e3709ba,1,train,0,23908_H
23908,I,16,119,971,bcd8f74c6c06,1,train,1,23908_I
23908,J,17,65,532,5209c99bc32f,1,train,0,23908_J
23908,K,18,114,919,d6f25ef74faa,1,train,0,23908_K
23908,L,19,46,363,b98537d5cb8f,1,train,0,23908_L
23908,M,20,234,1805,fe0809628fc6,1,train,0,23908_M
23908,O,21,180,1416,74f74e0badc5,1,train,0,23908_O
23908,Q,22,148,1141,dbcd849a7a89,1,train,0,23908_Q
23908,R,23,154,1039,88d3ba43b4d9,1,train,0,23908_R
23908,U,24,46,383,ca19ec76069d,1,train,0,23908_U
23908,V,25,49,381,2fdcf15d7872,1,train,0,23908_V
23908,W,26,191,1469,7b08e3c907db,1,train,0,23908_W
23908,X,27,149,921,e0347cfe3d56,1,train,0,23908_X
23915,A,0,1085,8494,6521ae46cdde,1,test,0,23915_A
23915,B,1,1088,8515,a7bc69c35590,1,test,0,23915_B
23915,C,2,1088,8516,e3c8771375ae,1,test,0,23915_C
23915,H,3,122,932,a15f63922dcc,1,test,0,23915_H
23915,L,4,107,819,595fcc1f55a9,1,test,1,23915_L
23916,A,0,585,4496,fa75bb714d0b,1,test,0,23916_A
23916,B,1,579,4471,3a72e3325a9d,1,test,1,23916_B
23916,H,2,49,383,a082e1438967,1,test,0,23916_H
23994,A,0,742,5132,09d6d435e8f1,1,train,1,23994_A
23994,B,1,744,5176,9e46188ca3cf,1,train,0,23994_B
24060,A,0,1004,7745,ee559b572c5e,3,test,0,24060_A
24060,B,0,1004,7745,ee559b572c5e,3,test,0,24060_B
24060,C,0,1004,7745,ee559b572c5e,3,test,0,24060_C
24060,D,1,212,1576,ce6030fe83b0,3,test,0,24060_D
24060,E,2,215,1595,b8ca59ed6f1f,3,test,1,24060_E
24060,F,1,212,1576,ce6030fe83b0,3,test,0,24060_F
24060,G,2,215,1595,b8ca59ed6f1f,3,test,0,24060_G
24060,H,1,212,1576,ce6030fe83b0,3,test,0,24060_H
24060,L,2,215,1595,b8ca59ed6f1f,3,test,0,24060_L
24086,A,0,538,4368,a877aeaf1588,1,train,1,24086_A
24086,B,1,584,4726,4af91112ac3e,1,train,0,24086_B
24086,C,2,619,5016,249af0e2c6e2,1,train,0,24086_C
24086,D,3,537,4363,f2dc135ceeef,1,train,0,24086_D
24089,A,0,528,4287,dbb2be41fc49,4,train,1,24089_A
24089,B,0,528,4287,dbb2be41fc49,4,train,0,24089_B
24089,C,0,528,4287,dbb2be41fc49,4,train,0,24089_C
24089,D,0,528,4287,dbb2be41fc49,4,train,0,24089_D
24101,A,0,347,2744,aaab8f0d1963,6,train,1,24101_A
24101,B,0,347,2744,aaab8f0d1963,6,train,0,24101_B
24101,C,0,347,2744,aaab8f0d1963,6,train,0,24101_C
24101,D,0,347,2744,aaab8f0d1963,6,train,0,24101_D
24101,E,0,347,2744,aaab8f0d1963,6,train,0,24101_E
24101,F,0,347,2744,aaab8f0d1963,6,train,0,24101_F
24102,A,0,131,955,d3374f864759,1,train,1,24102_A
24102,B,1,512,4089,765f377e060f,1,train,0,24102_B
24107,A,0,313,2577,501f572214ee,2,train,1,24107_A
24107,B,0,313,2577,501f572214ee,2,train,0,24107_B
24268,A,0,217,1752,2f454671ae96,1,train,0,24268_A
24268,B,1,336,2584,54c2c51452b9,1,train,0,24268_B
24268,G,2,54,418,9c9b23e52763,1,train,0,24268_G
24268,N,3,232,1784,b80e80fea88a,1,train,0,24268_N
24268,R,4,285,2285,7ac1b3dfe849,1,train,1,24268_R
24275,A,0,229,1665,a05e54cdeb44,2,train,1,24275_A
24275,B,1,250,1795,1221917385ec,1,train,0,24275_B
24275,C,2,235,1694,0053d31e17f5,1,train,0,24275_C
24275,D,3,235,1699,b8eb8515de50,2,train,0,24275_D
24275,E,4,238,1794,ebc414ee85fe,1,train,0,24275_E
24275,F,5,240,1783,39aac89d39a3,1,train,0,24275_F
24275,G,6,243,1781,792ec4de50fe,2,train,0,24275_G
24275,H,7,222,1604,b1b77c7eb425,2,train,0,24275_H
24275,I,8,204,1563,c30a07475990,2,train,0,24275_I
24275,J,9,197,1541,5e840020ea45,1,train,0,24275_J
24275,K,10,200,1525,ad451074a54f,2,train,0,24275_K
24275,L,11,213,1604,7b80ac720d18,2,train,0,24275_L
24275,M,12,215,1635,b08009848c80,1,train,0,24275_M
24275,N,13,202,1485,1093c8485f66,2,train,0,24275_N
24275,O,0,229,1694,a05e54cdeb44,2,train,0,24275_O
24275,P,14,251,1850,251b6876a22c,1,train,0,24275_P
24275,Q,15,236,1719,eae47e713ce3,1,train,0,24275_Q
24275,R,3,235,1688,b8eb8515de50,2,train,0,24275_R
24275,S,16,237,1759,f3113b6bd874,1,train,0,24275_S
24275,T,17,239,1784,23964b372aae,1,train,0,24275_T
24275,U,6,243,1781,792ec4de50fe,2,train,0,24275_U
24275,V,7,222,1618,b1b77c7eb425,2,train,0,24275_V
24275,W,8,204,1559,c30a07475990,2,train,0,24275_W
24275,X,18,196,1531,9fd763a8f069,1,train,0,24275_X
24275,Y,10,200,1522,ad451074a54f,2,train,0,24275_Y
24275,Z,11,213,1593,7b80ac720d18,2,train,0,24275_Z
24275,a,19,214,1624,6e8915475742,1,train,0,24275_a
24275,b,13,202,1470,1093c8485f66,2,train,0,24275_b
24286,D,0,437,3486,7efc93023b95,1,train,0,24286_D
24286,G,1,199,1560,177af87caee4,1,train,0,24286_G
24286,K,2,286,2291,4a4cc4ac6684,1,train,0,24286_K
24286,L,3,32,263,93de8491bd91,1,train,0,24286_L
24286,N,4,131,1131,8a39aa896374,1,train,0,24286_N
24286,X,5,62,465,4a315af92edd,1,train,0,24286_X
24286,g,6,35,284,8dbd324af49f,1,train,0,24286_g
24286,i,7,58,468,100452df876f,1,train,0,24286_i
24286,m,8,180,1513,0f8cf5d5dff8,1,train,1,24286_m
24286,n,9,425,3467,c11f25e156a6,1,train,0,24286_n
24286,o,10,133,1107,72bf84da7844,1,train,0,24286_o
24286,t,11,290,2328,390dd129e2f7,1,train,0,24286_t
24286,v,12,53,475,5c5006444197,1,train,0,24286_v
24286,w,13,68,574,c39fb3862948,1,train,0,24286_w
24290,8,0,58,480,5ad221706d21,1,train,0,24290_8
24290,I,1,334,2675,c55eb9abc026,1,train,0,24290_I
24290,P,2,51,433,a454c9227962,1,train,0,24290_P
24290,R,3,134,1082,c6dc8cdac05c,1,train,0,24290_R
24290,U,4,102,808,ad56b53115c3,1,train,0,24290_U
24290,X,5,98,786,b123b3ed936b,1,train,0,24290_X
24290,Z,6,135,1092,823ce4fd43ad,1,train,0,24290_Z
24290,b,7,53,431,6448bba3d4d4,1,train,0,24290_b
24290,c,8,97,743,c249b41cb489,1,train,1,24290_c
24290,d,9,72,593,abf13345b321,1,train,0,24290_d
24290,g,10,112,881,0f152699dd76,1,train,0,24290_g
24290,j,11,27,212,8e03a782212d,1,train,0,24290_j
24290,k,12,77,612,b03474a7220d,1,train,0,24290_k
24290,m,13,412,3302,71cd8a996b4e,1,train,0,24290_m
24290,n,14,103,861,15f8ab4c4366,1,train,0,24290_n
24290,p,15,337,2629,2f90f8b088b3,1,train,0,24290_p
24290,t,16,26,221,2d20520d93bf,1,train,0,24290_t
24290,u,17,56,481,e1661446d6f1,1,train,0,24290_u
24290,w,18,189,1562,d501a5540d1e,1,train,0,24290_w
24290,x,19,539,4340,7e05c8f8c61d,1,train,0,24290_x
24297,7,0,104,841,eb855040324e,1,train,0,24297_7
24297,A,1,93,759,cfbdb6f85cbe,1,train,0,24297_A
24297,J,2,96,802,98343f1bd749,1,train,0,24297_J
24297,a,3,214,1696,0c530442f12b,1,train,0,24297_a
24297,b,4,54,447,e4234c67d7f4,1,train,0,24297_b
24297,l,5,176,1394,d30e0cdc1e4e,1,train,0,24297_l
24297,m,6,63,478,784fc1fcd49c,1,train,0,24297_m
24297,q,7,358,2799,e9246429c783,1,train,0,24297_q
24297,r,8,103,810,f64fda608dff,1,train,1,24297_r
24310,A,0,586,4608,7130e622d11f,1,train,1,24310_A
24310,B,1,564,4481,553110499f16,1,train,1,24310_B
24310,C,2,114,901,fc04be29f932,1,train,0,24310_C
24310,D,3,105,803,81dcc5c46c91,1,train,0,24310_D
24347,A,0,917,6676,cf56d843319a,3,test,0,24347_A
24347,B,0,917,6679,cf56d843319a,3,test,0,24347_B
24347,C,1,119,586,411392ee10c8,3,test,0,24347_C
24347,D,2,99,496,7b0ce99fcc65,3,test,1,24347_D
24347,E,0,917,6679,cf56d843319a,3,test,0,24347_E
24347,F,1,119,586,411392ee10c8,3,test,0,24347_F
24347,G,2,99,496,7b0ce99fcc65,3,test,0,24347_G
24347,H,1,119,586,411392ee10c8,3,test,0,24347_H
24347,L,2,99,496,7b0ce99fcc65,3,test,0,24347_L
24390,A,0,190,1464,c9953008ea67,7,train,1,24390_A
24390,B,0,190,1464,c9953008ea67,7,train,0,24390_B
24390,C,0,190,1464,c9953008ea67,7,train,0,24390_C
24390,D,0,190,1464,c9953008ea67,7,train,0,24390_D
24390,E,0,190,1464,c9953008ea67,7,train,0,24390_E
24390,F,0,190,1464,c9953008ea67,7,train,0,24390_F
24390,G,0,190,1464,c9953008ea67,7,train,0,24390_G
24401,A,0,220,1792,5435c4ab7839,1,train,0,24401_A
24401,B,1,339,2581,9dd9fa15a083,1,train,0,24401_B
24401,E,2,232,1748,b1b46e319a8c,1,train,0,24401_E
24401,G,3,57,436,9b808b5d658e,1,train,0,24401_G
24401,N,4,128,969,a02c374db11e,1,train,1,24401_N
24401,P,5,30,234,ee07aa721c2c,1,train,0,24401_P
24401,R,6,378,3072,a5fa1600234f,1,train,0,24401_R
24428,A,0,927,7470,5389eb466aa5,1,train,0,24428_A
24428,B,1,186,1408,dba1539908b8,1,train,0,24428_B
24428,C,2,73,559,fd9c2f696249,1,train,0,24428_C
24428,D,3,185,1415,dfd52adb123e,1,train,0,24428_D
24428,E,4,590,4529,1cf1996a5d58,2,train,1,24428_E
24428,F,4,590,4547,1cf1996a5d58,2,train,0,24428_F
24455,D,0,216,1092,b967f60b6b19,2,train,0,24455_D
24455,E,1,535,4181,3445f75ef32b,2,train,0,24455_E
24455,F,1,535,4181,3445f75ef32b,2,train,0,24455_F
24455,G,0,216,1092,b967f60b6b19,2,train,0,24455_G
24455,I,2,223,1623,71aff4b305f6,2,train,0,24455_I
24455,J,3,92,736,0b8ceecedf29,2,train,0,24455_J
24455,K,4,312,2465,ce57f37db97e,2,train,1,24455_K
24455,L,5,552,4370,e7babe2d5f8a,2,train,0,24455_L
24455,M,6,382,2977,61bd43edbc0c,2,train,0,24455_M
24455,O,2,223,1623,71aff4b305f6,2,train,0,24455_O
24455,P,3,92,736,0b8ceecedf29,2,train,0,24455_P
24455,Q,4,312,2465,ce57f37db97e,2,train,0,24455_Q
24455,R,5,552,4370,e7babe2d5f8a,2,train,0,24455_R
24455,S,7,203,1560,44b7262440db,2,train,0,24455_S
24455,T,8,139,1077,0dbc16b86d61,2,train,0,24455_T
24455,U,9,79,591,f4ca1a901f3e,2,train,0,24455_U
24455,V,10,145,1041,7a762b579cb2,2,train,0,24455_V
24455,W,11,158,1149,14f2872ffe2b,2,train,0,24455_W
24455,X,7,203,1560,44b7262440db,2,train,0,24455_X
24455,Y,6,382,2977,61bd43edbc0c,2,train,0,24455_Y
24455,Z,8,139,1077,0dbc16b86d61,2,train,0,24455_Z
24455,a,9,79,591,f4ca1a901f3e,2,train,0,24455_a
24455,b,10,145,1041,7a762b579cb2,2,train,0,24455_b
24455,c,11,158,1149,14f2872ffe2b,2,train,0,24455_c
24456,D,0,216,1092,b967f60b6b19,2,test,0,24456_D
24456,E,1,535,4181,3445f75ef32b,2,test,0,24456_E
24456,F,1,535,4181,3445f75ef32b,2,test,0,24456_F
24456,G,0,216,1092,b967f60b6b19,2,test,0,24456_G
24456,I,2,223,1623,71aff4b305f6,1,test,1,24456_I
24456,J,3,92,736,0b8ceecedf29,2,test,0,24456_J
24456,K,4,312,2465,ce57f37db97e,2,test,0,24456_K
24456,L,5,552,4370,e7babe2d5f8a,2,test,0,24456_L
24456,M,6,382,2977,61bd43edbc0c,2,test,0,24456_M
24456,O,7,210,1531,57ad276e8489,1,test,0,24456_O
24456,P,3,92,736,0b8ceecedf29,2,test,0,24456_P
24456,Q,4,312,2465,ce57f37db97e,2,test,0,24456_Q
24456,R,5,552,4370,e7babe2d5f8a,2,test,0,24456_R
24456,S,8,203,1560,44b7262440db,2,test,0,24456_S
24456,T,9,139,1077,0dbc16b86d61,2,test,0,24456_T
24456,U,10,79,591,f4ca1a901f3e,2,test,0,24456_U
24456,V,11,145,1041,7a762b579cb2,2,test,0,24456_V
24456,X,8,203,1560,44b7262440db,2,test,0,24456_X
24456,Y,6,382,2977,61bd43edbc0c,2,test,0,24456_Y
24456,Z,9,139,1077,0dbc16b86d61,2,test,0,24456_Z
24456,a,10,79,591,f4ca1a901f3e,2,test,0,24456_a
24456,b,11,145,1041,7a762b579cb2,2,test,0,24456_b
24456,c,12,158,1149,14f2872ffe2b,1,test,0,24456_c
24457,D,0,216,1092,b967f60b6b19,2,test,0,24457_D
24457,E,1,535,4181,3445f75ef32b,2,test,0,24457_E
24457,F,1,535,4181,3445f75ef32b,2,test,0,24457_F
24457,G,0,216,1092,b967f60b6b19,2,test,0,24457_G
24457,I,2,223,1623,71aff4b305f6,2,test,1,24457_I
24457,J,3,92,736,0b8ceecedf29,2,test,0,24457_J
24457,K,4,312,2465,ce57f37db97e,2,test,0,24457_K
24457,L,5,552,4370,e7babe2d5f8a,2,test,0,24457_L
24457,M,6,382,2977,61bd43edbc0c,2,test,0,24457_M
24457,O,2,223,1623,71aff4b305f6,2,test,0,24457_O
24457,P,3,92,736,0b8ceecedf29,2,test,0,24457_P
24457,Q,4,312,2465,ce57f37db97e,2,test,0,24457_Q
24457,R,5,552,4370,e7babe2d5f8a,2,test,0,24457_R
24457,S,7,203,1560,44b7262440db,2,test,0,24457_S
24457,T,8,139,1077,0dbc16b86d61,2,test,0,24457_T
24457,U,9,79,591,f4ca1a901f3e,2,test,0,24457_U
24457,V,10,145,1041,7a762b579cb2,2,test,1,24457_V
24457,W,11,158,1149,14f2872ffe2b,2,test,0,24457_W
24457,X,7,203,1560,44b7262440db,2,test,0,24457_X
24457,Y,6,382,2977,61bd43edbc0c,2,test,0,24457_Y
24457,Z,8,139,1077,0dbc16b86d61,2,test,0,24457_Z
24457,a,9,79,591,f4ca1a901f3e,2,test,0,24457_a
24457,b,10,145,1041,7a762b579cb2,2,test,0,24457_b
24457,c,11,158,1149,14f2872ffe2b,2,test,0,24457_c
24482,A,0,416,3198,9f918130d627,2,train,1,24482_A
24482,B,1,364,2700,a521aac9de0b,2,train,0,24482_B
24482,C,2,181,1043,a9ec75e86b36,2,train,0,24482_C
24482,D,3,244,1916,704330386d6c,2,train,0,24482_D
24482,F,4,85,708,0b042452e8b3,2,train,0,24482_F
24482,G,5,122,976,cecfdbbd5404,2,train,0,24482_G
24482,H,6,72,604,94e22b224639,2,train,0,24482_H
24482,I,7,39,324,e02a8df52565,2,train,0,24482_I
24482,J,0,416,3198,9f918130d627,2,train,0,24482_J
24482,K,8,383,3056,16f76ac0bde1,2,train,0,24482_K
24482,L,1,364,2700,a521aac9de0b,2,train,0,24482_L
24482,M,2,181,1043,a9ec75e86b36,2,train,0,24482_M
24482,N,3,244,1916,704330386d6c,2,train,0,24482_N
24482,P,4,85,708,0b042452e8b3,2,train,0,24482_P
24482,Q,5,122,976,cecfdbbd5404,2,train,0,24482_Q
24482,R,6,72,604,94e22b224639,2,train,0,24482_R
24482,S,7,39,324,e02a8df52565,2,train,0,24482_S
24482,T,8,383,3056,16f76ac0bde1,2,train,0,24482_T
24483,A,0,416,3198,9f918130d627,1,test,0,24483_A
24483,B,1,364,2700,a521aac9de0b,1,test,0,24483_B
24483,D,2,244,1916,704330386d6c,1,test,0,24483_D
24483,E,3,132,664,efe119dc171f,1,test,1,24483_E
24483,F,4,85,708,0b042452e8b3,1,test,1,24483_F
24483,G,5,122,976,cecfdbbd5404,1,test,0,24483_G
24483,H,6,72,604,94e22b224639,1,test,0,24483_H
24483,I,7,39,324,e02a8df52565,1,test,0,24483_I
24483,K,8,383,3056,16f76ac0bde1,1,test,0,24483_K
24483,M,9,50,379,5358bc31cf47,1,test,0,24483_M
24486,A,0,417,3197,87aae8ae277e,2,test,0,24486_A
24486,B,1,364,2700,a521aac9de0b,2,test,0,24486_B
24486,C,2,181,1043,a9ec75e86b36,2,test,1,24486_C
24486,D,3,243,1901,b443a44ea18b,2,test,0,24486_D
24486,E,0,417,3197,87aae8ae277e,2,test,0,24486_E
24486,F,4,88,723,b0ce62759d31,2,test,0,24486_F
24486,G,5,122,976,cecfdbbd5404,2,test,0,24486_G
24486,H,6,72,582,94e22b224639,2,test,0,24486_H
24486,I,7,38,313,4a043d4e4573,2,test,0,24486_I
24486,K,8,384,3058,7cb71cb8b003,2,test,0,24486_K
24486,L,1,364,2700,a521aac9de0b,2,test,0,24486_L
24486,M,2,181,1043,a9ec75e86b36,2,test,0,24486_M
24486,N,3,243,1901,b443a44ea18b,2,test,0,24486_N
24486,O,4,88,723,b0ce62759d31,2,test,0,24486_O
24486,P,5,122,976,cecfdbbd5404,2,test,0,24486_P
24486,Q,6,72,582,94e22b224639,2,test,0,24486_Q
24486,R,7,38,313,4a043d4e4573,2,test,0,24486_R
24486,T,8,384,3058,7cb71cb8b003,2,test,0,24486_T
24500,A,0,217,1747,492df7de9fb5,1,train,0,24500_A
24500,B,1,336,2584,7b42d9ef1d03,1,train,1,24500_B
24500,C,2,53,407,08d2598d7431,1,train,0,24500_C
24500,D,3,233,1791,e404cff43514,1,train,0,24500_D
24500,L,4,67,523,c3f0700a3840,1,train,0,24500_L
24500,R,5,294,2395,9a760651bff0,1,train,0,24500_R
24501,A,0,217,1736,ee29a1f381aa,1,train,0,24501_A
24501,B,1,336,2575,7b42d9ef1d03,1,train,0,24501_B
24501,C,2,53,404,08d2598d7431,1,train,0,24501_C
24501,D,3,233,1761,e404cff43514,1,train,1,24501_D
24501,L,4,67,512,c3f0700a3840,1,train,0,24501_L
24501,R,5,294,2397,9a760651bff0,1,train,0,24501_R
24507,A,0,341,2639,10efa0ffcd2f,1,train,0,24507_A
24507,B,1,338,2579,edee59cbca1d,1,train,0,24507_B
24507,C,2,55,417,d6e3f4f18834,1,train,0,24507_C
24507,D,3,233,1768,e404cff43514,1,train,1,24507_D
24507,R,4,252,1463,86e60b6d8da7,1,train,0,24507_R
24570,A,0,216,1665,a87e9be01e83,1,train,1,24570_A
24570,B,1,322,2319,5eabc328e7ab,1,train,0,24570_B
24570,G,2,38,245,80f36b76e744,1,train,0,24570_G
24570,N,3,115,851,4ffede2bc73c,1,train,1,24570_N
24570,R,4,284,2269,d08fd0293e9b,1,train,1,24570_R
24637,A,0,580,4358,bb7c12d85dcf,4,train,1,24637_A
24637,B,0,580,4358,bb7c12d85dcf,4,train,0,24637_B
24637,C,0,580,4358,bb7c12d85dcf,4,train,0,24637_C
24637,D,0,580,4358,bb7c12d85dcf,4,train,0,24637_D
24656,A,0,560,4473,c3796e2a9b8f,2,train,1,24656_A
24656,B,0,560,4473,c3796e2a9b8f,2,train,0,24656_B
24706,A,0,209,1676,4e53e3295f4c,24,train,1,24706_A
24706,B,0,209,1676,4e53e3295f4c,24,train,0,24706_B
24706,C,0,209,1676,4e53e3295f4c,24,train,0,24706_C
24706,D,0,209,1676,4e53e3295f4c,24,train,0,24706_D
24706,E,0,209,1676,4e53e3295f4c,24,train,0,24706_E
24706,F,0,209,1676,4e53e3295f4c,24,train,0,24706_F
24706,G,0,209,1676,4e53e3295f4c,24,train,0,24706_G
24706,H,0,209,1676,4e53e3295f4c,24,train,0,24706_H
24706,I,0,209,1676,4e53e3295f4c,24,train,0,24706_I
24706,J,0,209,1676,4e53e3295f4c,24,train,0,24706_J
24706,K,0,209,1676,4e53e3295f4c,24,train,0,24706_K
24706,L,0,209,1676,4e53e3295f4c,24,train,0,24706_L
24706,M,0,209,1676,4e53e3295f4c,24,train,0,24706_M
24706,N,0,209,1676,4e53e3295f4c,24,train,0,24706_N
24706,O,0,209,1676,4e53e3295f4c,24,train,0,24706_O
24706,P,0,209,1676,4e53e3295f4c,24,train,0,24706_P
24706,Q,0,209,1676,4e53e3295f4c,24,train,0,24706_Q
24706,R,0,209,1676,4e53e3295f4c,24,train,0,24706_R
24706,S,0,209,1676,4e53e3295f4c,24,train,0,24706_S
24706,T,0,209,1676,4e53e3295f4c,24,train,0,24706_T
24706,V,0,209,1676,4e53e3295f4c,24,train,0,24706_V
24706,W,0,209,1676,4e53e3295f4c,24,train,0,24706_W
24706,X,0,209,1676,4e53e3295f4c,24,train,0,24706_X
24706,Y,0,209,1676,4e53e3295f4c,24,train,0,24706_Y
24751,A,0,611,4780,c306aead2cc6,2,test,1,24751_A
24751,B,1,412,3211,89454c66c668,2,test,0,24751_B
24751,C,0,611,4780,c306aead2cc6,2,test,0,24751_C
24751,D,1,412,3211,89454c66c668,2,test,0,24751_D
24776,A,0,71,534,b9be56b01061,3,train,1,24776_A
24776,B,0,71,534,b9be56b01061,3,train,0,24776_B
24776,C,0,71,534,b9be56b01061,3,train,0,24776_C
24776,D,1,37,281,d9af1057af5e,3,train,0,24776_D
24776,E,1,37,281,d9af1057af5e,3,train,0,24776_E
24776,F,1,37,281,d9af1057af5e,3,train,0,24776_F
24789,A,0,222,1781,c8f8d2d3cfb3,1,train,0,24789_A
24789,B,1,338,2597,edee59cbca1d,1,train,0,24789_B
24789,G,2,60,473,caaac396c2fe,1,train,0,24789_G
24789,R,3,272,2132,5734222875d0,1,train,1,24789_R
24814,A,0,277,2136,49bdc92f5979,2,train,1,24814_A
24814,B,0,277,2134,49bdc92f5979,2,train,0,24814_B
24814,C,1,271,2094,e15251e52b58,1,train,0,24814_C
24827,A,0,382,3017,7c06a4ca705a,3,train,0,24827_A
24827,B,1,241,1977,28046aead599,3,train,1,24827_B
24827,C,2,236,1972,d8f5637c4c5a,3,train,0,24827_C
24827,E,0,382,3017,7c06a4ca705a,3,train,0,24827_E
24827,F,1,241,1977,28046aead599,3,train,0,24827_F
24827,G,2,236,1972,d8f5637c4c5a,3,train,0,24827_G
24827,I,0,382,3017,7c06a4ca705a,3,train,0,24827_I
24827,J,1,241,1977,28046aead599,3,train,0,24827_J
24827,K,2,236,1972,d8f5637c4c5a,3,train,0,24827_K
24845,A,0,321,2519,88a7c72d39be,4,train,1,24845_A
24845,B,0,321,2519,88a7c72d39be,4,train,0,24845_B
24845,C,0,321,2519,88a7c72d39be,4,train,0,24845_C
24845,D,0,321,2519,88a7c72d39be,4,train,0,24845_D
24845,E,1,1395,10942,f9f5ca1a9ac6,1,train,0,24845_E
24883,A,0,924,7376,ca1be1eeca89,1,train,0,24883_A
24883,B,1,330,2666,0cd1771423ec,1,train,1,24883_B
24883,C,2,79,644,e09575cd53a0,1,train,0,24883_C
24883,E,3,147,1166,9e32f9f0a87f,1,train,0,24883_E
24883,F,4,149,1211,ebcc81d75cd3,1,train,0,24883_F
24897,B,0,218,1707,f68c3fd32b39,1,train,1,24897_B
24897,C,1,339,2564,9dd9fa15a083,1,train,0,24897_C
24897,D,2,55,401,d6e3f4f18834,1,train,0,24897_D
24897,E,3,232,1743,b1b46e319a8c,1,train,0,24897_E
24897,R,4,253,1892,0ea89e985c42,1,train,0,24897_R
24927,A,0,264,2139,fa83370d30f6,1,train,1,24927_A
24927,B,1,518,4153,c0400d0c0978,1,train,0,24927_B
24939,A,0,1238,9746,e619d25f04bc,1,train,0,24939_A
24939,B,1,529,4139,c37b4c29d553,1,train,1,24939_B
24943,A,0,303,2382,b2cb00056c05,1,train,0,24943_A
24943,B,1,450,3528,b2e02e218a92,1,train,0,24943_B
24943,C,2,420,3272,6983ba10cd16,1,train,0,24943_C
24943,D,3,336,2671,1a0d7eabdaeb,1,train,1,24943_D
24943,E,4,41,330,af9fe7c98b2a,1,train,0,24943_E
24943,F,5,30,243,0a5f361e51ba,1,train,0,24943_F
24943,I,6,27,213,b87ba2fd0d4d,1,train,0,24943_I
24943,K,7,37,294,5a8a4bc05e7a,1,train,0,24943_K
24948,A,0,796,5893,6c86416bacbd,2,train,0,24948_A
24948,B,1,786,5757,7d311f396a44,2,train,1,24948_B
24948,C,0,796,5875,6c86416bacbd,2,train,0,24948_C
24948,D,1,786,5719,7d311f396a44,2,train,0,24948_D
24949,A,0,795,5807,3ec451909d90,2,train,1,24949_A
24949,B,1,785,5667,9917e41127b3,2,train,0,24949_B
24949,C,0,795,5751,3ec451909d90,2,train,0,24949_C
24949,D,1,785,5634,9917e41127b3,2,train,0,24949_D
24950,C,0,267,2052,3d66406b9436,1,train,0,24950_C
24950,D,1,179,1354,e86042f7a1b9,1,train,0,24950_D
24950,E,2,205,1561,3a5542f4e0b9,1,train,1,24950_E
24950,J,3,142,1123,a36592e1b6b6,1,train,0,24950_J
24950,K,4,122,920,1ac431f7fc25,1,train,1,24950_K
24950,L,5,130,973,0cf4f04238ff,1,train,0,24950_L
24950,N,6,119,953,129e6932f02b,1,train,0,24950_N
24950,P,7,114,936,c13356c50d35,1,train,0,24950_P
24950,Q,8,117,940,0e4e48792241,1,train,0,24950_Q
24950,R,9,101,780,94ae4e72bf5b,1,train,0,24950_R
24950,S,10,109,842,dce378a57519,1,train,0,24950_S
24950,T,11,92,741,ffdcf312c496,1,train,0,24950_T
24950,U,12,100,754,0459294e005a,1,train,0,24950_U
24950,V,13,72,561,d3bfd7a3db18,1,train,0,24950_V
24950,Y,14,65,530,0357e2e3d9a5,1,train,0,24950_Y
24950,Z,15,58,455,9c39b8a50df4,1,train,0,24950_Z
24950,b,16,54,426,c93d5ae5a109,1,train,0,24950_b
24950,d,17,44,367,f83017b248b3,1,train,0,24950_d
24957,A,0,219,1749,a745eee8fd69,1,train,1,24957_A
24957,B,1,216,1731,8418afa9cadb,1,train,0,24957_B
24957,C,2,71,564,db0495d76d07,4,train,0,24957_C
24957,D,2,71,567,db0495d76d07,4,train,0,24957_D
24957,E,3,72,572,d63676aec031,1,train,0,24957_E
24957,F,2,71,567,db0495d76d07,4,train,0,24957_F
24957,G,2,71,567,db0495d76d07,4,train,0,24957_G
24978,A,0,217,1683,492df7de9fb5,1,train,1,24978_A
24978,B,1,336,2537,7b42d9ef1d03,1,train,0,24978_B
24978,C,2,53,381,08d2598d7431,1,train,0,24978_C
24978,E,3,232,1742,b1b46e319a8c,1,train,0,24978_E
24978,R,4,281,2157,1196c0edce17,1,train,0,24978_R
25077,A,0,257,1993,5e69e5bfb3a3,1,train,0,25077_A
25077,B,1,212,1708,acf153f2e072,1,train,0,25077_B
25077,C,2,338,2582,edee59cbca1d,1,train,1,25077_C
25077,D,3,53,378,08d2598d7431,1,train,0,25077_D
25106,A,0,120,938,7c52ce44cb34,6,train,0,25106_A
25106,B,1,117,915,7e03bee81705,6,train,0,25106_B
25106,C,2,121,947,0cf5080ebf9c,6,train,0,25106_C
25106,D,0,120,938,7c52ce44cb34,6,train,0,25106_D
25106,E,0,120,938,7c52ce44cb34,6,train,0,25106_E
25106,F,0,120,938,7c52ce44cb34,6,train,0,25106_F
25106,G,0,120,938,7c52ce44cb34,6,train,0,25106_G
25106,H,0,120,938,7c52ce44cb34,6,train,0,25106_H
25106,I,1,117,915,7e03bee81705,6,train,0,25106_I
25106,J,1,117,915,7e03bee81705,6,train,0,25106_J
25106,K,1,117,915,7e03bee81705,6,train,0,25106_K
25106,L,1,117,915,7e03bee81705,6,train,0,25106_L
25106,M,1,117,915,7e03bee81705,6,train,0,25106_M
25106,N,2,121,947,0cf5080ebf9c,6,train,0,25106_N
25106,O,2,121,947,0cf5080ebf9c,6,train,0,25106_O
25106,P,2,121,947,0cf5080ebf9c,6,train,0,25106_P
25106,Q,2,121,947,0cf5080ebf9c,6,train,0,25106_Q
25106,R,2,121,947,0cf5080ebf9c,6,train,0,25106_R
25106,S,3,471,3667,c4c1a75800bf,6,train,1,25106_S
25106,T,3,471,3667,c4c1a75800bf,6,train,0,25106_T
25106,U,3,471,3667,c4c1a75800bf,6,train,0,25106_U
25106,V,3,471,3667,c4c1a75800bf,6,train,0,25106_V
25106,W,3,471,3667,c4c1a75800bf,6,train,0,25106_W
25106,X,3,471,3667,c4c1a75800bf,6,train,0,25106_X
25122,A,0,405,3309,2c8795d10e9a,1,train,0,25122_A
25122,B,1,317,2489,e00d664759f0,1,train,0,25122_B
25122,C,2,325,2569,ee6b2cdd3f0d,1,train,0,25122_C
25122,D,3,330,2617,4ece65218593,1,train,0,25122_D
25122,E,4,341,2692,ee562cd30b16,1,train,0,25122_E
25122,F,5,269,2178,f1b33c2a636c,1,train,1,25122_F
25122,G,6,292,2313,588e0c320a2b,1,train,0,25122_G
25122,H,7,266,2145,6eaaf31f7191,1,train,0,25122_H
25162,A,0,194,1482,ae66d8b23de8,3,test,0,25162_A
25162,B,0,194,1482,ae66d8b23de8,3,test,0,25162_B
25162,C,0,194,1482,ae66d8b23de8,3,test,0,25162_C
25162,D,1,117,908,95a47a3bfb95,3,test,0,25162_D
25162,E,2,106,803,2e2ff0d0a9ae,3,test,1,25162_E
25162,F,1,117,908,95a47a3bfb95,3,test,0,25162_F
25162,G,2,106,803,2e2ff0d0a9ae,3,test,0,25162_G
25162,H,1,117,908,95a47a3bfb95,3,test,0,25162_H
25162,L,2,106,803,2e2ff0d0a9ae,3,test,0,25162_L
25171,A,0,304,2460,f1c60aa41640,1,test,0,25171_A
25171,B,1,68,559,532988022db7,1,test,0,25171_B
25171,C,2,105,808,5a33d846b3cf,1,test,1,25171_C
25171,D,3,123,975,150635e3bd90,1,test,0,25171_D
25171,E,4,106,812,951e71f41457,1,test,0,25171_E
25171,F,5,125,965,4c52f6a523a5,1,test,1,25171_F
25172,A,0,305,2473,230c275db6e1,1,test,0,25172_A
25172,B,1,69,574,566d3dd3b76f,1,test,0,25172_B
25172,C,2,106,817,7bafa06e1f26,1,test,1,25172_C
25172,D,3,125,990,c09dfaee695b,1,test,0,25172_D
25172,E,4,101,781,bf3c9be5b243,1,test,0,25172_E
25172,F,5,125,965,4c52f6a523a5,1,test,0,25172_F
25175,A,0,267,2169,8182fb1f3981,1,train,0,25175_A
25175,B,1,62,516,d6addbba11ff,1,train,0,25175_B
25175,C,2,211,1625,107710d90525,1,train,0,25175_C
25175,D,3,211,1622,63e75a2c51ca,1,train,1,25175_D
25175,K,4,103,800,58bf0963b9f4,1,train,0,25175_K
25207,A,0,387,3140,bba49298137d,1,test,0,25207_A
25207,B,1,425,3456,f4852d575f79,1,test,1,25207_B
25207,C,2,406,3294,18ce61f92c7b,1,test,0,25207_C
25207,D,3,388,3151,54428d6f7d36,1,test,0,25207_D
25207,E,4,409,3317,0db542ff998b,1,test,0,25207_E
25263,A,0,1024,7820,dfa9e8f6310a,3,test,0,25263_A
25263,B,1,107,755,4d71c760b0a0,3,test,0,25263_B
25263,C,2,121,864,8d334caefe2f,3,test,0,25263_C
25263,D,3,104,749,6a4377cd42e1,3,test,1,25263_D
25263,E,4,122,950,e68ad2c072a5,3,test,0,25263_E
25263,F,0,1024,7820,dfa9e8f6310a,3,test,0,25263_F
25263,G,3,104,749,6a4377cd42e1,3,test,0,25263_G
25263,H,4,122,950,e68ad2c072a5,3,test,0,25263_H
25263,I,1,107,755,4d71c760b0a0,3,test,0,25263_I
25263,J,2,121,864,8d334caefe2f,3,test,0,25263_J
25263,K,0,1024,7820,dfa9e8f6310a,3,test,0,25263_K
25263,L,3,104,749,6a4377cd42e1,3,test,0,25263_L
25263,M,4,122,950,e68ad2c072a5,3,test,0,25263_M
25263,N,1,107,755,4d71c760b0a0,3,test,0,25263_N
25263,O,2,121,864,8d334caefe2f,3,test,0,25263_O
25384,A,0,270,2154,e86f3bd6b959,3,train,1,25384_A
25384,B,0,270,2154,e86f3bd6b959,3,train,0,25384_B
25384,C,0,270,2154,e86f3bd6b959,3,train,0,25384_C
25389,A,0,217,1674,defe8f49f311,1,train,0,25389_A
25389,B,1,338,2569,edee59cbca1d,1,train,0,25389_B
25389,E,2,232,1763,38adec019fcc,1,train,1,25389_E
25389,G,3,54,397,173ffe24a072,1,train,0,25389_G
25389,R,4,270,2140,39af2ca9bb28,1,train,0,25389_R
25414,A,0,350,2844,4b1e6f691480,4,train,0,25414_A
25414,B,0,350,2844,4b1e6f691480,4,train,0,25414_B
25414,C,0,350,2844,4b1e6f691480,4,train,0,25414_C
25414,D,0,350,2844,4b1e6f691480,4,train,0,25414_D
25414,H,1,261,1389,551e04a49496,1,train,1,25414_H
25414,L,2,213,1047,47826d59cb2b,1,train,0,25414_L
25416,A,0,346,2820,c7983b41f3b3,4,train,1,25416_A
25416,B,0,346,2820,c7983b41f3b3,4,train,0,25416_B
25416,C,0,346,2820,c7983b41f3b3,4,train,0,25416_C
25416,D,0,346,2820,c7983b41f3b3,4,train,0,25416_D
25422,A,0,522,4273,7b364ca42498,1,train,1,25422_A
25422,B,1,315,2472,de75c6671f7b,1,train,0,25422_B
25422,C,2,327,2585,af5f8c5df512,1,train,0,25422_C
25422,D,3,335,2646,9c6356fc0096,1,train,1,25422_D
25422,E,4,354,2792,f999e9c5d882,1,train,0,25422_E
25422,F,5,293,2316,f85be95271d7,1,train,0,25422_F
25422,G,6,340,2730,38ef21d8236b,1,train,0,25422_G
25422,H,7,316,2520,54b78796918b,1,train,0,25422_H
25439,A,0,3802,30320,d9b3841206d7,1,test,0,25439_A
25439,B,1,496,4009,c49354df7922,1,test,0,25439_B
25439,C,2,669,5354,be0daa07da93,1,test,1,25439_C
25471,A,0,151,1153,ce0495fb1f3a,2,train,0,25471_A
25471,B,1,96,758,86f59388ed39,3,train,0,25471_B
25471,C,0,151,1153,ce0495fb1f3a,2,train,0,25471_C
25471,D,1,96,758,86f59388ed39,3,train,0,25471_D
25471,E,2,147,1120,49951b096760,1,train,0,25471_E
25471,F,1,96,758,86f59388ed39,3,train,0,25471_F
25471,G,3,226,1734,701218243931,2,train,1,25471_G
25471,H,3,226,1734,701218243931,2,train,0,25471_H
25471,I,4,229,1760,0be9918654d8,1,train,0,25471_I
25471,J,5,121,916,936809a158b7,1,train,0,25471_J
25471,K,6,113,872,4b464040f6ad,1,train,0,25471_K
25482,A,0,791,6280,19e7b3b5e268,1,train,1,25482_A
25493,A,0,1382,11303,53d6796e9791,1,val,0,25493_A
25493,B,1,151,1241,2fb2a30a7274,1,val,1,25493_B
25493,C,2,114,926,bf201769794b,1,val,0,25493_C
25493,D,3,1332,10642,7e91e772b705,1,val,0,25493_D
25493,E,4,1587,12799,3c4be244dbc9,1,val,0,25493_E
25512,B,0,201,1593,e4c200b56a88,1,train,0,25512_B
25512,E,1,596,4862,6a8b77dd5458,1,train,1,25512_E
25537,A,0,101,816,10760df15568,1,test,0,25537_A
25537,B,1,217,1710,2e2c01e7b4fb,1,test,0,25537_B
25537,C,2,213,1729,aa2b4e72a48a,1,test,0,25537_C
25537,D,3,221,1716,302ea5dc6f27,1,test,0,25537_D
25537,E,4,228,1768,b1b987b0199c,1,test,0,25537_E
25537,F,5,262,2076,7a6daa02623c,1,test,0,25537_F
25537,G,6,191,1509,4ef3fb36f1ac,1,test,0,25537_G
25537,H,7,237,1923,fc2d025b2d4e,1,test,0,25537_H
25537,I,8,185,1488,40d746e3e123,1,test,0,25537_I
25537,J,9,206,1686,1ad75645ccd8,1,test,0,25537_J
25537,K,10,185,1525,b53c168820b1,1,test,0,25537_K
25537,L,11,96,810,2929fd579a6e,1,test,0,25537_L
25537,M,12,151,1233,85505e2b33e1,1,test,0,25537_M
25537,N,13,117,908,2ae20d95827b,1,test,0,25537_N
25537,O,14,149,1202,df3b35a908be,1,test,1,25537_O
25537,P,15,136,1016,687feef29ffd,1,test,0,25537_P
25537,Q,16,120,997,0a0e80bdbf77,1,test,1,25537_Q
25537,R,17,142,1128,28aa64eb8d77,1,test,0,25537_R
25537,S,18,132,1068,0706d85ced18,1,test,0,25537_S
25537,T,19,144,1190,ea61c0f8a9a5,1,test,0,25537_T
25537,U,20,141,1097,e491a8a62ac7,1,test,0,25537_U
25537,V,21,100,795,505d0d81ba43,1,test,0,25537_V
25537,W,22,83,636,de08bdd7e7c0,1,test,0,25537_W
25537,X,23,129,1034,41a8986a004d,1,test,0,25537_X
25537,Y,24,141,1098,eacbd46b2869,1,test,0,25537_Y
25537,Z,25,124,1011,31c0f823b6de,1,test,1,25537_Z
25537,a,26,77,614,9081d1fdc4f4,1,test,0,25537_a
25537,b,27,101,814,41997dc39665,1,test,0,25537_b
25537,c,28,83,651,386ed138b41d,1,test,0,25537_c
25537,d,29,67,530,48519cbf647e,1,test,0,25537_d
25537,e,30,55,459,5096f80ca211,1,test,0,25537_e
25537,f,31,57,457,2f32b121bee7,1,test,0,25537_f
25537,g,32,68,555,5c83d699d944,1,test,0,25537_g
25537,h,33,313,2436,ea475b3d65ec,1,test,0,25537_h
25537,n,34,25,239,494e634253f1,1,test,0,25537_n
25538,A,0,99,798,3bf8c62d3395,1,test,0,25538_A
25538,B,1,217,1710,2e2c01e7b4fb,1,test,0,25538_B
25538,C,2,213,1729,aa2b4e72a48a,1,test,0,25538_C
25538,D,3,221,1716,302ea5dc6f27,1,test,0,25538_D
25538,E,4,228,1768,b1b987b0199c,1,test,0,25538_E
25538,F,5,262,2076,7a6daa02623c,1,test,0,25538_F
25538,G,6,191,1509,4ef3fb36f1ac,1,test,0,25538_G
25538,H,7,237,1923,fc2d025b2d4e,1,test,1,25538_H
25538,I,8,185,1488,40d746e3e123,1,test,0,25538_I
25538,J,9,206,1686,1ad75645ccd8,1,test,0,25538_J
25538,K,10,185,1525,b53c168820b1,1,test,0,25538_K
25538,L,11,96,810,2929fd579a6e,1,test,0,25538_L
25538,M,12,151,1233,85505e2b33e1,1,test,0,25538_M
25538,N,13,117,908,2ae20d95827b,1,test,0,25538_N
25538,O,14,149,1202,df3b35a908be,1,test,0,25538_O
25538,P,15,136,1016,687feef29ffd,1,test,0,25538_P
25538,Q,16,120,997,0a0e80bdbf77,1,test,1,25538_Q
25538,R,17,142,1128,28aa64eb8d77,1,test,0,25538_R
25538,S,18,132,1068,0706d85ced18,1,test,0,25538_S
25538,T,19,144,1190,ea61c0f8a9a5,1,test,1,25538_T
25538,U,20,141,1097,e491a8a62ac7,1,test,0,25538_U
25538,V,21,100,795,505d0d81ba43,1,test,0,25538_V
25538,W,22,83,636,de08bdd7e7c0,1,test,0,25538_W
25538,X,23,129,1034,41a8986a004d,1,test,0,25538_X
25538,Y,24,141,1098,eacbd46b2869,1,test,0,25538_Y
25538,Z,25,124,1011,31c0f823b6de,1,test,0,25538_Z
25538,a,26,77,614,9081d1fdc4f4,1,test,0,25538_a
25538,b,27,101,814,41997dc39665,1,test,0,25538_b
25538,c,28,83,651,386ed138b41d,1,test,0,25538_c
25538,d,29,67,530,48519cbf647e,1,test,0,25538_d
25538,e,30,55,459,5096f80ca211,1,test,0,25538_e
25538,f,31,57,457,2f32b121bee7,1,test,0,25538_f
25538,g,32,68,555,5c83d699d944,1,test,1,25538_g
25538,h,33,313,2436,ea475b3d65ec,1,test,0,25538_h
25538,j,34,182,1245,8ee0a3343aac,1,test,0,25538_j
25538,n,35,25,239,494e634253f1,1,test,0,25538_n
25539,A,0,99,798,3bf8c62d3395,1,train,0,25539_A
25539,B,1,217,1710,2e2c01e7b4fb,1,train,0,25539_B
25539,C,2,213,1729,aa2b4e72a48a,1,train,0,25539_C
25539,D,3,221,1716,302ea5dc6f27,1,train,0,25539_D
25539,E,4,228,1768,b1b987b0199c,1,train,0,25539_E
25539,F,5,262,2076,7a6daa02623c,1,train,0,25539_F
25539,G,6,191,1509,4ef3fb36f1ac,1,train,0,25539_G
25539,H,7,237,1923,fc2d025b2d4e,1,train,0,25539_H
25539,I,8,185,1488,40d746e3e123,1,train,0,25539_I
25539,J,9,206,1686,1ad75645ccd8,1,train,0,25539_J
25539,K,10,185,1525,b53c168820b1,1,train,0,25539_K
25539,L,11,96,810,2929fd579a6e,1,train,0,25539_L
25539,M,12,151,1233,85505e2b33e1,1,train,0,25539_M
25539,N,13,117,908,2ae20d95827b,1,train,0,25539_N
25539,O,14,149,1202,df3b35a908be,1,train,0,25539_O
25539,P,15,136,1016,687feef29ffd,1,train,0,25539_P
25539,Q,16,120,997,0a0e80bdbf77,1,train,0,25539_Q
25539,R,17,142,1128,28aa64eb8d77,1,train,0,25539_R
25539,S,18,132,1068,0706d85ced18,1,train,0,25539_S
25539,T,19,144,1190,ea61c0f8a9a5,1,train,0,25539_T
25539,U,20,141,1097,e491a8a62ac7,1,train,0,25539_U
25539,V,21,100,795,505d0d81ba43,1,train,0,25539_V
25539,W,22,83,636,de08bdd7e7c0,1,train,0,25539_W
25539,X,23,129,1034,41a8986a004d,1,train,0,25539_X
25539,Y,24,141,1098,eacbd46b2869,1,train,0,25539_Y
25539,Z,25,124,1011,31c0f823b6de,1,train,0,25539_Z
25539,a,26,77,614,9081d1fdc4f4,1,train,0,25539_a
25539,b,27,101,814,41997dc39665,1,train,0,25539_b
25539,c,28,83,651,386ed138b41d,1,train,0,25539_c
25539,d,29,67,530,48519cbf647e,1,train,0,25539_d
25539,e,30,55,459,5096f80ca211,1,train,0,25539_e
25539,f,31,57,457,2f32b121bee7,1,train,0,25539_f
25539,g,32,68,555,5c83d699d944,1,train,1,25539_g
25539,h,33,313,2436,ea475b3d65ec,1,train,0,25539_h
25539,j,34,182,1221,8ee0a3343aac,1,train,0,25539_j
25539,n,35,25,239,494e634253f1,1,train,0,25539_n
25542,A,0,102,822,5c0986253c2d,1,train,0,25542_A
25542,B,1,217,1710,2e2c01e7b4fb,1,train,0,25542_B
25542,C,2,213,1729,aa2b4e72a48a,1,train,0,25542_C
25542,D,3,221,1716,302ea5dc6f27,1,train,0,25542_D
25542,E,4,228,1768,b1b987b0199c,1,train,1,25542_E
25542,F,5,262,2076,7a6daa02623c,1,train,0,25542_F
25542,G,6,191,1509,4ef3fb36f1ac,1,train,0,25542_G
25542,H,7,237,1923,fc2d025b2d4e,1,train,0,25542_H
25542,I,8,185,1488,40d746e3e123,1,train,0,25542_I
25542,J,9,206,1686,1ad75645ccd8,1,train,0,25542_J
25542,K,10,185,1525,b53c168820b1,1,train,0,25542_K
25542,L,11,96,810,2929fd579a6e,1,train,0,25542_L
25542,M,12,151,1233,85505e2b33e1,1,train,0,25542_M
25542,N,13,117,908,2ae20d95827b,1,train,0,25542_N
25542,O,14,149,1202,df3b35a908be,1,train,0,25542_O
25542,P,15,136,1016,687feef29ffd,1,train,0,25542_P
25542,Q,16,120,997,0a0e80bdbf77,1,train,0,25542_Q
25542,R,17,142,1128,28aa64eb8d77,1,train,0,25542_R
25542,S,18,132,1068,0706d85ced18,1,train,0,25542_S
25542,T,19,144,1190,ea61c0f8a9a5,1,train,0,25542_T
25542,U,20,141,1097,e491a8a62ac7,1,train,0,25542_U
25542,V,21,100,795,505d0d81ba43,1,train,0,25542_V
25542,W,22,83,636,de08bdd7e7c0,1,train,0,25542_W
25542,X,23,129,1034,41a8986a004d,1,train,0,25542_X
25542,Y,24,141,1098,eacbd46b2869,1,train,0,25542_Y
25542,Z,25,124,1011,31c0f823b6de,1,train,0,25542_Z
25542,a,26,77,614,9081d1fdc4f4,1,train,0,25542_a
25542,b,27,101,814,41997dc39665,1,train,0,25542_b
25542,c,28,83,651,386ed138b41d,1,train,0,25542_c
25542,d,29,67,530,48519cbf647e,1,train,0,25542_d
25542,e,30,55,459,5096f80ca211,1,train,0,25542_e
25542,f,31,57,457,2f32b121bee7,1,train,0,25542_f
25542,g,32,68,555,5c83d699d944,1,train,0,25542_g
25542,h,33,313,2436,ea475b3d65ec,1,train,0,25542_h
25542,n,34,25,239,494e634253f1,1,train,0,25542_n
25542,x,35,627,4965,d8b4c2339a70,1,train,0,25542_x
25543,A,0,99,798,3bf8c62d3395,1,train,0,25543_A
25543,B,1,217,1710,2e2c01e7b4fb,1,train,0,25543_B
25543,C,2,213,1729,aa2b4e72a48a,1,train,0,25543_C
25543,D,3,221,1716,302ea5dc6f27,1,train,0,25543_D
25543,E,4,228,1768,b1b987b0199c,1,train,0,25543_E
25543,F,5,262,2076,7a6daa02623c,1,train,0,25543_F
25543,G,6,191,1509,4ef3fb36f1ac,1,train,0,25543_G
25543,H,7,237,1923,fc2d025b2d4e,1,train,0,25543_H
25543,I,8,185,1488,40d746e3e123,1,train,0,25543_I
25543,J,9,206,1686,1ad75645ccd8,1,train,0,25543_J
25543,K,10,185,1525,b53c168820b1,1,train,0,25543_K
25543,L,11,96,810,2929fd579a6e,1,train,0,25543_L
25543,M,12,151,1233,85505e2b33e1,1,train,0,25543_M
25543,N,13,117,908,2ae20d95827b,1,train,0,25543_N
25543,O,14,149,1202,df3b35a908be,1,train,0,25543_O
25543,P,15,136,1016,687feef29ffd,1,train,0,25543_P
25543,Q,16,120,997,0a0e80bdbf77,1,train,0,25543_Q
25543,R,17,142,1128,28aa64eb8d77,1,train,0,25543_R
25543,S,18,132,1068,0706d85ced18,1,train,0,25543_S
25543,T,19,144,1190,ea61c0f8a9a5,1,train,0,25543_T
25543,U,20,141,1097,e491a8a62ac7,1,train,0,25543_U
25543,V,21,100,795,505d0d81ba43,1,train,0,25543_V
25543,W,22,83,636,de08bdd7e7c0,1,train,0,25543_W
25543,X,23,129,1034,41a8986a004d,1,train,0,25543_X
25543,Y,24,141,1098,eacbd46b2869,1,train,1,25543_Y
25543,Z,25,124,1011,31c0f823b6de,1,train,0,25543_Z
25543,a,26,77,614,9081d1fdc4f4,1,train,0,25543_a
25543,b,27,101,814,41997dc39665,1,train,0,25543_b
25543,c,28,83,651,386ed138b41d,1,train,0,25543_c
25543,d,29,67,530,48519cbf647e,1,train,0,25543_d
25543,e,30,55,459,5096f80ca211,1,train,0,25543_e
25543,f,31,57,457,2f32b121bee7,1,train,0,25543_f
25543,g,32,68,555,5c83d699d944,1,train,0,25543_g
25543,h,33,313,2436,ea475b3d65ec,1,train,0,25543_h
25543,n,34,25,239,494e634253f1,1,train,0,25543_n
25543,x,35,627,4965,d8b4c2339a70,1,train,0,25543_x
25544,A,0,99,798,3bf8c62d3395,1,test,0,25544_A
25544,B,1,217,1710,16126c0db88c,1,test,1,25544_B
25544,C,2,213,1729,aa2b4e72a48a,1,test,0,25544_C
25544,D,3,221,1716,302ea5dc6f27,1,test,0,25544_D
25544,E,4,228,1768,b1b987b0199c,1,test,0,25544_E
25544,F,5,262,2073,ee53821da007,1,test,0,25544_F
25544,G,6,191,1509,4ef3fb36f1ac,1,test,0,25544_G
25544,H,7,237,1923,fc2d025b2d4e,1,test,0,25544_H
25544,I,8,185,1488,40d746e3e123,1,test,0,25544_I
25544,J,9,206,1686,1ad75645ccd8,1,test,0,25544_J
25544,K,10,185,1525,b53c168820b1,1,test,0,25544_K
25544,L,11,96,810,2929fd579a6e,1,test,0,25544_L
25544,M,12,151,1233,85505e2b33e1,1,test,0,25544_M
25544,N,13,117,908,2ae20d95827b,1,test,0,25544_N
25544,O,14,149,1202,df3b35a908be,1,test,0,25544_O
25544,P,15,136,1016,687feef29ffd,1,test,0,25544_P
25544,Q,16,120,997,0a0e80bdbf77,1,test,0,25544_Q
25544,R,17,142,1128,28aa64eb8d77,1,test,1,25544_R
25544,S,18,132,1068,0706d85ced18,1,test,0,25544_S
25544,T,19,144,1190,ea61c0f8a9a5,1,test,0,25544_T
25544,U,20,141,1097,e491a8a62ac7,1,test,0,25544_U
25544,V,21,100,795,505d0d81ba43,1,test,0,25544_V
25544,W,22,83,628,7ba015bc18a9,1,test,0,25544_W
25544,X,23,129,1034,41a8986a004d,1,test,0,25544_X
25544,Y,24,141,1098,eacbd46b2869,1,test,0,25544_Y
25544,Z,25,124,1011,31c0f823b6de,1,test,0,25544_Z
25544,a,26,77,614,9081d1fdc4f4,1,test,0,25544_a
25544,b,27,101,811,9c77e1559db2,1,test,0,25544_b
25544,c,28,83,651,386ed138b41d,1,test,0,25544_c
25544,d,29,67,530,48519cbf647e,1,test,0,25544_d
25544,e,30,55,459,5096f80ca211,1,test,0,25544_e
25544,f,31,57,457,2f32b121bee7,1,test,0,25544_f
25544,g,32,68,555,5c83d699d944,1,test,0,25544_g
25544,h,33,313,2436,ea475b3d65ec,1,test,0,25544_h
25544,n,34,25,239,494e634253f1,1,test,0,25544_n
25544,x,35,627,4965,d8b4c2339a70,1,test,0,25544_x
25569,A,0,477,3774,9f0f1303967f,1,train,0,25569_A
25569,B,1,314,2467,c874cb5e1b93,1,train,0,25569_B
25569,C,2,322,2546,2865a57d371b,1,train,1,25569_C
25569,D,3,322,2555,4580ca39e235,1,train,0,25569_D
25569,E,4,337,2662,c62d0b8b8034,1,train,0,25569_E
25569,F,5,254,1995,6253bf32050b,1,train,0,25569_F
25569,G,6,255,2003,4ca7f5520710,1,train,0,25569_G
25569,H,7,252,1975,fffdff9693e7,1,train,0,25569_H
25616,A,0,495,3923,28a36f6f8fc6,1,train,0,25616_A
25616,B,1,319,2505,76bd02185822,1,train,0,25616_B
25616,C,2,327,2586,af5f8c5df512,1,train,1,25616_C
25616,D,3,340,2687,8858e6318349,1,train,0,25616_D
25616,E,4,343,2716,9b5059cfd07a,1,train,1,25616_E
25616,F,5,255,2003,4ca7f5520710,1,train,0,25616_F
25616,G,6,252,1983,8638209168e4,1,train,0,25616_G
25616,H,7,250,1964,9724918ebf33,1,train,0,25616_H
25617,A,0,486,3848,367c2863ac6a,1,train,0,25617_A
25617,B,1,319,2505,76bd02185822,1,train,0,25617_B
25617,C,2,327,2586,af5f8c5df512,1,train,0,25617_C
25617,D,3,340,2687,8858e6318349,1,train,0,25617_D
25617,E,4,338,2672,83deaab5a6a7,1,train,1,25617_E
25617,F,5,255,2003,4ca7f5520710,1,train,0,25617_F
25617,G,6,254,1994,64e4ede38ebc,1,train,0,25617_G
25617,H,7,253,1984,e4cfc0ca99fb,1,train,0,25617_H
25621,A,0,493,3953,409eca2737e8,1,test,0,25621_A
25621,B,1,142,1138,639a23a90d54,1,test,0,25621_B
25621,H,2,132,1028,051b9107c926,1,test,0,25621_H
25621,L,3,106,811,9cd26999d0a1,1,test,1,25621_L
25651,A,0,608,4851,c0adeb104cbb,4,train,1,25651_A
25651,B,0,608,4851,c0adeb104cbb,4,train,0,25651_B
25651,C,0,608,4851,c0adeb104cbb,4,train,0,25651_C
25651,D,0,608,4851,c0adeb104cbb,4,train,0,25651_D
25653,A,0,989,8104,e7fd1a3ef762,1,train,0,25653_A
25653,B,1,362,2918,5984cd48e46e,1,train,1,25653_B
25653,C,2,405,3234,c13dfba8481a,1,train,0,25653_C
25653,D,3,296,2429,3a5030e20654,1,train,0,25653_D
25653,E,4,305,2464,1a40daedb966,1,train,0,25653_E
25653,F,5,111,861,5283480d4228,1,train,0,25653_F
25653,G,6,124,936,0979d96618ff,1,train,0,25653_G
25653,H,7,120,934,a212d53714a8,1,train,0,25653_H
25653,I,8,89,678,d0b58cba7ad9,1,train,0,25653_I
25653,J,9,91,666,a7884edcdff6,1,train,1,25653_J
25655,A,0,324,2529,830bd2bc7447,3,test,1,25655_A
25655,B,1,163,1326,40812de0a647,3,test,0,25655_B
25655,C,2,120,900,7bef78c96882,3,test,0,25655_C
25655,D,3,107,829,9bf87ad559ba,3,test,0,25655_D
25655,E,0,324,2529,830bd2bc7447,3,test,0,25655_E
25655,F,0,324,2529,830bd2bc7447,3,test,0,25655_F
25655,G,1,163,1326,40812de0a647,3,test,0,25655_G
25655,H,4,110,872,097545821958,3,test,0,25655_H
25655,I,1,163,1326,40812de0a647,3,test,0,25655_I
25655,J,2,120,900,7bef78c96882,3,test,0,25655_J
25655,K,2,120,900,7bef78c96882,3,test,0,25655_K
25655,L,5,108,820,fdc024ef0648,3,test,0,25655_L
25655,M,3,107,829,9bf87ad559ba,3,test,0,25655_M
25655,N,3,107,829,9bf87ad559ba,3,test,0,25655_N
25655,O,4,110,872,097545821958,3,test,0,25655_O
25655,P,4,110,872,097545821958,3,test,0,25655_P
25655,Q,5,108,820,fdc024ef0648,3,test,0,25655_Q
25655,R,5,108,820,fdc024ef0648,3,test,0,25655_R
25660,A,0,427,3145,ecd305650c98,1,train,0,25660_A
25660,B,1,306,2411,7706f61ced4a,1,train,0,25660_B
25660,C,2,187,1445,f8519780389d,1,train,1,25660_C
25660,D,3,298,2307,bbc4fbc9b584,1,train,0,25660_D
25660,E,4,335,2592,e0734b6bf399,5,train,0,25660_E
25660,F,4,335,2592,e0734b6bf399,5,train,0,25660_F
25660,G,4,335,2592,e0734b6bf399,5,train,0,25660_G
25660,H,4,335,2592,e0734b6bf399,5,train,0,25660_H
25660,I,4,335,2592,e0734b6bf399,5,train,0,25660_I
25660,J,5,228,1766,436142082a22,2,train,0,25660_J
25660,K,5,228,1766,436142082a22,2,train,0,25660_K
25662,A,0,427,3145,ecd305650c98,2,train,1,25662_A
25662,B,1,306,2411,7706f61ced4a,2,train,0,25662_B
25662,C,2,187,1445,f8519780389d,2,train,0,25662_C
25662,D,3,298,2307,bbc4fbc9b584,2,train,0,25662_D
25662,E,4,335,2592,e0734b6bf399,10,train,0,25662_E
25662,F,4,335,2592,e0734b6bf399,10,train,0,25662_F
25662,G,4,335,2592,e0734b6bf399,10,train,0,25662_G
25662,H,4,335,2592,e0734b6bf399,10,train,0,25662_H
25662,I,4,335,2592,e0734b6bf399,10,train,0,25662_I
25662,J,5,228,1766,436142082a22,2,train,0,25662_J
25662,K,5,228,1766,436142082a22,2,train,0,25662_K
25662,a,0,427,3145,ecd305650c98,2,train,0,25662_a
25662,b,1,306,2411,7706f61ced4a,2,train,0,25662_b
25662,c,2,187,1445,f8519780389d,2,train,0,25662_c
25662,d,3,298,2307,bbc4fbc9b584,2,train,0,25662_d
25662,e,4,335,2592,e0734b6bf399,10,train,0,25662_e
25662,f,4,335,2592,e0734b6bf399,10,train,0,25662_f
25662,g,4,335,2592,e0734b6bf399,10,train,0,25662_g
25662,h,4,335,2592,e0734b6bf399,10,train,0,25662_h
25662,i,4,335,2592,e0734b6bf399,10,train,0,25662_i
25681,A,0,404,3255,df97e30b6f96,1,test,1,25681_A
25681,B,1,399,3203,953403f0ca0f,1,test,0,25681_B
25763,H,0,215,1632,b146ecff7ca3,1,train,0,25763_H
25763,L,1,212,1591,ea93f2faed6e,1,train,0,25763_L
25763,N,2,126,961,90dc4e3d7b0c,1,train,0,25763_N
25763,R,3,555,4397,20f97150207a,1,train,0,25763_R
25763,X,4,221,1696,b04ce55aee84,1,train,0,25763_X
25763,Y,5,338,2601,edee59cbca1d,1,train,1,25763_Y
25763,Z,6,56,429,90b8fae971fe,1,train,0,25763_Z
25773,A,0,296,2312,da8da18d4cf0,1,train,0,25773_A
25773,B,1,238,1870,d10dd9020ffc,1,train,1,25773_B
25773,C,2,247,1896,8e4207164463,1,train,0,25773_C
25773,D,3,30,240,374ba925b2d3,1,train,0,25773_D
25783,E,0,189,1454,4b6f0575965b,1,test,0,25783_E
25783,H,1,120,904,d7747c09c24f,1,test,0,25783_H
25783,L,2,108,751,5080270a53c7,1,test,1,25783_L
25789,A,0,427,3145,ecd305650c98,1,train,0,25789_A
25789,B,1,306,2411,7706f61ced4a,1,train,0,25789_B
25789,C,2,187,1445,f8519780389d,1,train,0,25789_C
25789,D,3,298,2307,bbc4fbc9b584,1,train,1,25789_D
25789,E,4,335,2592,e0734b6bf399,5,train,0,25789_E
25789,F,4,335,2592,e0734b6bf399,5,train,0,25789_F
25789,G,4,335,2592,e0734b6bf399,5,train,0,25789_G
25789,H,4,335,2592,e0734b6bf399,5,train,0,25789_H
25789,I,4,335,2592,e0734b6bf399,5,train,0,25789_I
25789,J,5,228,1766,436142082a22,2,train,0,25789_J
25789,K,5,228,1766,436142082a22,2,train,0,25789_K
25797,A,0,196,1551,f9b4d40c97ea,1,train,0,25797_A
25797,D,1,126,973,65f8d34dc02a,1,train,0,25797_D
25797,E,2,107,813,37808fc04bd7,1,train,0,25797_E
25797,H,3,215,1611,2571dddc2c4a,1,train,1,25797_H
25797,L,4,213,1641,7d8f6545108c,1,train,0,25797_L
25807,A,0,1114,8715,ee7a4a5a9b13,1,test,0,25807_A
25807,B,1,1118,8755,24cfd8176370,2,test,0,25807_B
25807,C,1,1118,8755,24cfd8176370,2,test,0,25807_C
25807,D,2,231,1749,aeae549a7d6a,2,test,0,25807_D
25807,E,3,216,1599,8bfd10eedae1,2,test,1,25807_E
25807,H,2,231,1749,aeae549a7d6a,2,test,0,25807_H
25807,L,3,216,1599,8bfd10eedae1,2,test,0,25807_L
25816,A,0,341,2711,dc82ab629db0,4,test,1,25816_A
25816,B,1,137,1034,c7e9a0f94dc9,4,test,1,25816_B
25816,C,0,341,2711,dc82ab629db0,4,test,0,25816_C
25816,D,1,137,1034,c7e9a0f94dc9,4,test,0,25816_D
25816,E,0,341,2711,dc82ab629db0,4,test,0,25816_E
25816,F,1,137,1034,c7e9a0f94dc9,4,test,0,25816_F
25816,G,0,341,2711,dc82ab629db0,4,test,0,25816_G
25816,H,1,137,1034,c7e9a0f94dc9,4,test,0,25816_H
25824,1,0,138,1115,9cb5e4dc0ce4,5,train,1,25824_1
25824,A,0,138,1115,9cb5e4dc0ce4,5,train,0,25824_A
25824,B,0,138,1115,9cb5e4dc0ce4,5,train,0,25824_B
25824,C,0,138,1115,9cb5e4dc0ce4,5,train,0,25824_C
25824,D,0,138,1115,9cb5e4dc0ce4,5,train,0,25824_D
25847,1,0,202,1595,23b037f8c0f9,2,train,0,25847_1
25847,2,1,218,1706,785c481995cf,2,train,0,25847_2
25847,A,2,236,1869,f3d602205185,2,train,0,25847_A
25847,B,3,244,1863,a8ec24319076,2,train,0,25847_B
25847,C,4,225,1766,ca3b7dd035d3,1,train,1,25847_C
25847,D,5,197,1553,3130e2675006,2,train,0,25847_D
25847,E,6,171,1326,66d1f1e8aad3,2,train,0,25847_E
25847,F,7,223,1710,ab0fa251a1a1,2,train,0,25847_F
25847,G,8,232,1804,89044b57a71a,2,train,0,25847_G
25847,H,9,181,1403,2273de98e988,2,train,0,25847_H
25847,I,10,203,1557,9b4ba880cb9b,2,train,0,25847_I
25847,J,11,203,1575,81d388b6eeb4,2,train,0,25847_J
25847,K,12,194,1553,b24c427418f4,2,train,0,25847_K
25847,L,13,201,1582,86adbee2800b,2,train,0,25847_L
25847,M,0,202,1595,23b037f8c0f9,2,train,0,25847_M
25847,N,1,218,1706,785c481995cf,2,train,0,25847_N
25847,O,2,236,1869,f3d602205185,2,train,0,25847_O
25847,P,3,244,1863,a8ec24319076,2,train,0,25847_P
25847,Q,14,228,1790,d26ca5d3092e,1,train,0,25847_Q
25847,R,5,197,1553,3130e2675006,2,train,0,25847_R
25847,S,6,171,1326,66d1f1e8aad3,2,train,0,25847_S
25847,T,7,223,1710,ab0fa251a1a1,2,train,0,25847_T
25847,U,8,232,1804,89044b57a71a,2,train,0,25847_U
25847,V,9,181,1403,2273de98e988,2,train,0,25847_V
25847,W,10,203,1557,9b4ba880cb9b,2,train,0,25847_W
25847,X,11,203,1575,81d388b6eeb4,2,train,0,25847_X
25847,Y,12,194,1553,b24c427418f4,2,train,0,25847_Y
25847,Z,13,201,1582,86adbee2800b,2,train,0,25847_Z
25872,A,0,628,4925,5b5b52fa6560,1,train,0,25872_A
25872,B,1,320,2510,86c51e9aa04f,1,train,0,25872_B
25872,C,2,330,2615,dd02f9e86fca,1,train,0,25872_C
25872,D,3,331,2622,cb7a331b1c25,1,train,0,25872_D
25872,E,4,341,2694,c47b66bbbee5,1,train,0,25872_E
25872,F,5,250,1963,1645a69608e8,1,train,1,25872_F
25872,G,6,251,1966,6ab8cfcbff27,1,train,0,25872_G
25872,H,7,248,1947,2a3c682bdd1a,1,train,0,25872_H
25873,A,0,391,3097,73b1b7c90235,1,test,1,25873_A
25873,B,1,320,2510,86c51e9aa04f,1,test,0,25873_B
25873,C,2,330,2615,dd02f9e86fca,1,test,0,25873_C
25873,D,3,331,2622,cb7a331b1c25,1,test,0,25873_D
25873,E,4,341,2694,c47b66bbbee5,1,test,0,25873_E
25873,F,5,250,1963,1645a69608e8,1,test,0,25873_F
25873,G,6,251,1966,6ab8cfcbff27,1,test,0,25873_G
25873,H,7,248,1947,2a3c682bdd1a,1,test,0,25873_H
25898,A,0,860,6941,b40c46903a38,1,train,0,25898_A
25898,B,1,108,832,7f1e4235fa91,1,train,0,25898_B
25898,C,2,37,282,517728bbf2cf,1,train,0,25898_C
25898,D,3,71,554,c0ad574069a9,1,train,0,25898_D
25898,G,4,74,594,575f078735e0,1,train,1,25898_G
25926,A,0,485,3885,b6a39f3a7a72,1,train,0,25926_A
25926,B,1,249,2066,f8b7017f615d,1,train,0,25926_B
25926,C,2,543,4497,67645097e153,1,train,0,25926_C
25926,D,3,434,3543,afd9dac777a5,1,train,0,25926_D
25926,E,4,434,3562,809e796602ee,1,train,0,25926_E
25926,F,5,155,1300,7a28e4029bd3,1,train,0,25926_F
25926,I,6,376,2995,3a2dbbfa30c1,1,train,1,25926_I
25929,A,0,124,977,66a9dad416e2,3,test,0,25929_A
25929,B,1,107,827,211c9836e4c0,3,test,1,25929_B
25929,C,2,431,3265,f3429f332af0,3,test,0,25929_C
25929,D,0,124,977,66a9dad416e2,3,test,0,25929_D
25929,E,1,107,827,211c9836e4c0,3,test,0,25929_E
25929,F,2,431,3265,f3429f332af0,3,test,0,25929_F
25929,G,2,431,3265,f3429f332af0,3,test,0,25929_G
25929,H,0,124,977,66a9dad416e2,3,test,0,25929_H
25929,I,3,124,935,58eb782f1018,3,test,0,25929_I
25929,J,3,124,935,58eb782f1018,3,test,0,25929_J
25929,K,4,107,786,e4e33486db67,3,test,0,25929_K
25929,L,1,107,827,211c9836e4c0,3,test,0,25929_L
25929,M,4,107,786,e4e33486db67,3,test,0,25929_M
25929,N,3,124,935,58eb782f1018,3,test,0,25929_N
25929,O,4,107,786,e4e33486db67,3,test,0,25929_O
25982,A,0,433,3286,5f16cd480e7c,3,test,0,25982_A
25982,B,0,433,3286,5f16cd480e7c,3,test,0,25982_B
25982,C,0,433,3286,5f16cd480e7c,3,test,0,25982_C
25982,D,1,120,945,dfd208e13260,3,test,0,25982_D
25982,E,2,105,812,4079380e149b,3,test,0,25982_E
25982,F,1,120,945,dfd208e13260,3,test,0,25982_F
25982,G,2,105,812,4079380e149b,3,test,0,25982_G
25982,H,1,120,945,dfd208e13260,3,test,0,25982_H
25982,I,2,105,812,4079380e149b,3,test,0,25982_I
25982,J,3,124,935,58eb782f1018,3,test,0,25982_J
25982,K,4,107,786,e4e33486db67,3,test,1,25982_K
25982,L,3,124,935,58eb782f1018,3,test,0,25982_L
25982,M,4,107,786,e4e33486db67,3,test,0,25982_M
25982,N,3,124,935,58eb782f1018,3,test,0,25982_N
25982,O,4,107,786,e4e33486db67,3,test,0,25982_O
25996,A,0,593,4150,45900ba02ce4,1,train,0,25996_A
25996,B,1,464,3375,782c13dea2e3,1,train,0,25996_B
25996,C,2,592,3985,d78bf52ee3c7,1,train,0,25996_C
25996,D,3,459,3266,1abb91332b1c,2,train,0,25996_D
25996,E,4,576,4006,519a55e3cb87,1,train,0,25996_E
25996,F,3,459,3276,1abb91332b1c,2,train,0,25996_F
25996,G,5,220,1322,d0d45a38f501,2,train,0,25996_G
25996,H,6,109,578,b1ea5df80417,1,train,1,25996_H
25996,I,5,220,1313,d0d45a38f501,2,train,0,25996_I
25996,J,7,108,570,98dcc0b0f7ca,1,train,0,25996_J
25996,K,8,212,1288,16a39fedef6b,1,train,0,25996_K
25996,L,9,99,522,3170a6728b82,1,train,0,25996_L
25996,M,10,214,1341,290ad9b74d06,1,train,0,25996_M
25996,N,11,111,610,51cb1ca1fdc6,1,train,0,25996_N
25996,O,12,359,1873,348d89e88af8,1,train,0,25996_O
25996,P,13,441,2211,aae8cb1a336d,1,train,0,25996_P
25999,A,0,591,4241,eba71e44ac58,1,train,0,25999_A
25999,B,1,464,3424,782c13dea2e3,1,train,0,25999_B
25999,C,2,590,4043,6b180a8c7d6c,1,train,0,25999_C
25999,D,3,458,3320,711ca5b91d3c,1,train,0,25999_D
25999,E,4,583,4117,b76d02fd687a,1,train,0,25999_E
25999,F,5,457,3300,6201f9166fe2,1,train,0,25999_F
25999,G,6,157,1063,45d5c5384ab9,1,train,0,25999_G
25999,H,7,51,299,77001fdbf466,1,train,0,25999_H
25999,I,8,217,1360,63d111baaeef,1,train,0,25999_I
25999,J,9,108,581,98dcc0b0f7ca,1,train,0,25999_J
25999,K,10,206,1322,6801a7497182,1,train,0,25999_K
25999,L,11,88,486,fb877e4107a8,1,train,0,25999_L
25999,M,12,214,1286,290ad9b74d06,1,train,0,25999_M
25999,N,13,111,561,51cb1ca1fdc6,1,train,1,25999_N
25999,P,14,441,2211,aae8cb1a336d,1,train,0,25999_P
26026,A,0,635,5123,c69e3ab0df8d,1,train,1,26026_A
26054,B,0,403,3053,91d530d2a306,1,train,0,26054_B
26054,H,1,119,917,dba999d6f786,1,train,1,26054_H
26054,L,2,104,788,95dab20e6d4c,1,train,0,26054_L
26057,B,0,403,3053,91d530d2a306,1,train,0,26057_B
26057,H,1,119,917,dba999d6f786,1,train,1,26057_H
26057,L,2,104,788,95dab20e6d4c,1,train,0,26057_L
26059,A,0,423,3250,2dc6cdef507e,1,train,1,26059_A
26059,B,1,1040,8113,67ea56b85442,1,train,0,26059_B
26059,C,2,1022,7985,118dcd081c6a,1,train,0,26059_C
26067,1,0,619,4901,038612e7f47e,1,train,0,26067_1
26067,4,1,90,727,dc262df2f832,1,train,0,26067_4
26067,B,2,206,1624,509f205d0495,1,train,0,26067_B
26067,C,3,213,1729,aa2b4e72a48a,1,train,0,26067_C
26067,D,4,218,1682,c36dceaeb865,1,train,0,26067_D
26067,E,5,258,2050,0d10ccda9fda,1,train,0,26067_E
26067,F,6,225,1748,981f15287eae,1,train,0,26067_F
26067,G,7,226,1831,3c0cbe5324ec,1,train,0,26067_G
26067,H,8,185,1492,9e4d4bc43ae3,1,train,0,26067_H
26067,I,9,205,1682,fbea195b77ee,1,train,0,26067_I
26067,J,10,180,1499,bdc506180619,1,train,0,26067_J
26067,K,11,189,1495,1c183b697401,1,train,0,26067_K
26067,L,12,147,1204,243170ce0b41,1,train,0,26067_L
26067,M,13,97,816,df1b3d7505bb,1,train,0,26067_M
26067,N,14,141,1152,21fefcff3514,1,train,1,26067_N
26067,O,15,120,929,23c5fc374cdc,1,train,0,26067_O
26067,P,16,134,998,7b696f477ba7,1,train,0,26067_P
26067,Q,17,115,950,60499a90a217,1,train,0,26067_Q
26067,R,18,139,1109,ea6c4e21cc6e,1,train,0,26067_R
26067,S,19,132,1066,0706d85ced18,1,train,0,26067_S
26067,T,20,140,1162,a2c9d3fc42da,1,train,0,26067_T
26067,U,21,139,1083,ef7b054ef472,1,train,0,26067_U
26067,V,22,101,803,db95529fad07,1,train,1,26067_V
26067,W,23,129,1034,41a8986a004d,1,train,0,26067_W
26067,X,24,141,1098,eacbd46b2869,1,train,0,26067_X
26067,Y,25,123,1006,7552c2a811ad,1,train,0,26067_Y
26067,Z,26,82,625,e5356a0a5838,1,train,0,26067_Z
26067,a,27,72,574,48af581d5572,1,train,0,26067_a
26067,b,28,82,640,cea9b78434d6,1,train,0,26067_b
26067,c,29,99,792,fde6b0af66d8,1,train,0,26067_c
26067,d,30,58,449,38d8112dcf07,1,train,0,26067_d
26067,e,31,51,391,b6f109856f8c,1,train,0,26067_e
26067,f,32,54,455,09a17ec29b6c,1,train,0,26067_f
26067,g,33,65,529,44e48f9e2112,1,train,0,26067_g
26067,j,34,314,2440,531ccb30ebaf,1,train,0,26067_j
26072,a,0,283,2226,d464d65155fe,2,test,1,26072_a
26072,b,1,263,2043,6f7ee599a021,1,test,0,26072_b
26072,c,2,233,1801,505b8fe34786,1,test,0,26072_c
26072,d,3,68,512,02ce2d412849,3,test,0,26072_d
26072,e,4,282,2219,181ee1882406,1,test,0,26072_e
26072,f,5,265,2057,3980874507bd,1,test,0,26072_f
26072,g,6,234,1810,1a287fba01b8,1,test,0,26072_g
26072,h,3,68,512,02ce2d412849,3,test,0,26072_h
26072,i,0,283,2226,d464d65155fe,2,test,0,26072_i
26072,j,7,261,2029,0bf052c4fcc4,1,test,0,26072_j
26072,k,8,236,1826,a0313f83befd,1,test,0,26072_k
26072,l,3,68,512,02ce2d412849,3,test,0,26072_l
26089,A,0,170,1316,e98d105f1b0f,1,train,0,26089_A
26089,B,1,529,4029,32b566427537,1,train,0,26089_B
26089,C,2,521,4003,b0a0e02d43c1,1,train,0,26089_C
26089,D,3,527,4063,e1dc2176f9a8,1,train,0,26089_D
26089,E,4,526,3960,66765e869b2c,1,train,0,26089_E
26089,F,5,520,3924,9a766e9aaf37,1,train,1,26089_F
26089,G,6,535,4063,9c2d6a357486,1,train,0,26089_G
26089,H,7,523,4064,00266a571f31,1,train,0,26089_H
26089,I,8,526,4028,541f26188c29,1,train,0,26089_I
26098,A,0,414,3210,fa8110651bb2,2,val,0,26098_A
26098,B,0,414,3210,fa8110651bb2,2,val,0,26098_B
26098,C,1,329,2571,b7962c281593,2,val,0,26098_C
26098,D,1,329,2571,b7962c281593,2,val,0,26098_D
26098,E,2,353,2750,a25a7e3b767a,2,val,1,26098_E
26098,F,2,353,2750,a25a7e3b767a,2,val,0,26098_F
26098,G,3,285,2203,f1872a030ea9,2,val,0,26098_G
26098,H,3,285,2203,f1872a030ea9,2,val,0,26098_H
26098,I,4,236,1861,285b54ca40ed,2,val,0,26098_I
26098,J,4,236,1861,285b54ca40ed,2,val,0,26098_J
26123,A,0,351,2750,2c0e96b45393,1,train,0,26123_A
26123,B,1,529,4029,32b566427537,1,train,0,26123_B
26123,C,2,521,4003,b0a0e02d43c1,1,train,0,26123_C
26123,D,3,528,4072,9282f1eb57bd,1,train,0,26123_D
26123,E,4,526,3960,66765e869b2c,1,train,0,26123_E
26123,F,5,520,3924,9a766e9aaf37,1,train,1,26123_F
26123,G,6,535,4063,9c2d6a357486,1,train,0,26123_G
26123,H,7,523,4064,00266a571f31,1,train,0,26123_H
26123,I,8,528,4051,be23ecf75f89,1,train,0,26123_I
26125,A,0,113,915,ba73fec128a2,1,val,0,26125_A
26125,B,1,273,2085,86c2ae804997,1,val,0,26125_B
26125,C,2,116,943,25d890d39331,1,val,0,26125_C
26125,D,3,100,785,4bc1246cf883,1,val,0,26125_D
26125,E,4,111,853,c211b74e8659,1,val,0,26125_E
26125,F,5,87,711,458795016acd,1,val,0,26125_F
26125,G,6,90,698,ba0b5708bc02,1,val,1,26125_G
26125,H,7,93,727,39e48c26851f,1,val,1,26125_H
26125,I,8,78,597,3b8bca4cf723,1,val,0,26125_I
26125,J,9,59,463,f2604b54d8fc,1,val,0,26125_J
26125,K,10,61,503,6245f3acb8ef,1,val,0,26125_K
26125,L,11,215,1635,86ec57122f29,1,val,0,26125_L
26125,M,12,56,432,3afdd9312c2f,1,val,0,26125_M
26125,N,13,50,397,52b964efeae0,1,val,0,26125_N
26125,O,14,47,390,ca58942d88c9,1,val,0,26125_O
26125,P,15,44,372,464f12289914,1,val,0,26125_P
26125,Q,16,64,521,1603a3dcb83b,1,val,0,26125_Q
26125,R,17,37,296,ff25cb651fe8,1,val,0,26125_R
26125,S,18,192,1472,d2986ce18db9,1,val,0,26125_S
26125,V,19,143,1138,7ec391eaca06,1,val,0,26125_V
26125,W,20,121,911,78df31c43844,1,val,0,26125_W
26125,X,21,144,1082,a676f7420f93,1,val,0,26125_X
26125,Y,22,136,1089,f9bbdbc00a9d,1,val,0,26125_Y
26125,Z,23,121,955,c41507808343,1,val,0,26125_Z
26125,a,24,110,857,df7416bc21e9,1,val,0,26125_a
26126,A,0,429,3274,db185b47aa39,6,train,1,26126_A
26126,B,0,429,3274,db185b47aa39,6,train,0,26126_B
26126,C,0,429,3274,db185b47aa39,6,train,0,26126_C
26126,D,0,429,3274,db185b47aa39,6,train,0,26126_D
26126,E,0,429,3274,db185b47aa39,6,train,0,26126_E
26126,F,0,429,3274,db185b47aa39,6,train,0,26126_F
26128,A,0,431,3288,20dbd5ef7498,6,train,1,26128_A
26128,B,0,431,3288,20dbd5ef7498,6,train,0,26128_B
26128,C,0,431,3288,20dbd5ef7498,6,train,0,26128_C
26128,D,0,431,3288,20dbd5ef7498,6,train,0,26128_D
26128,E,0,431,3288,20dbd5ef7498,6,train,0,26128_E
26128,F,0,431,3288,20dbd5ef7498,6,train,0,26128_F
26136,A,0,227,1823,78e0ea4b0d1a,1,train,0,26136_A
26136,B,1,339,2607,9dd9fa15a083,1,train,1,26136_B
26136,C,2,59,454,e7d8dea19ef5,1,train,0,26136_C
26136,E,3,232,1782,b1b46e319a8c,1,train,0,26136_E
26136,R,4,284,2214,04e47df431fa,1,train,0,26136_R
26155,A,0,398,3094,1da7bd76cbc7,1,train,1,26155_A
26162,A,0,470,3513,cd3fbcadb73b,1,train,1,26162_A
26162,B,1,471,3579,132c982a0de4,1,train,0,26162_B
26162,C,2,34,205,03d5768247ab,2,train,0,26162_C
26162,D,2,34,212,03d5768247ab,2,train,0,26162_D
26162,E,3,117,882,990c66c9bd19,2,train,0,26162_E
26162,F,4,110,835,ba6a5695e824,1,train,0,26162_F
26162,H,3,117,874,990c66c9bd19,2,train,0,26162_H
26162,L,5,111,805,b50d9e192c70,1,train,0,26162_L
26179,A,0,229,1894,96afcc90df11,1,train,1,26179_A
26179,B,1,338,2598,5594b53b3484,1,train,0,26179_B
26179,E,2,97,514,fef550b937d6,1,train,0,26179_E
26179,G,3,54,413,76c08c194bbc,1,train,0,26179_G
26179,N,4,127,967,7444d1510531,1,train,0,26179_N
26179,P,5,32,238,e62190bceea1,1,train,0,26179_P
26179,R,6,369,2867,186d283e857a,1,train,0,26179_R
26180,A,0,228,1889,a9ae7e023021,1,val,0,26180_A
26180,B,1,339,2606,9dd9fa15a083,1,val,0,26180_B
26180,G,2,55,424,d6e3f4f18834,1,val,0,26180_G
26180,N,3,128,973,a02c374db11e,1,val,0,26180_N
26180,P,4,37,273,9580cfcf6b6a,1,val,0,26180_P
26180,R,5,367,3039,e0b0161eb3f6,1,val,1,26180_R
26185,A,0,771,6056,1483c7c91818,2,val,1,26185_A
26185,B,0,771,6056,1483c7c91818,2,val,0,26185_B
26199,A,0,229,1895,96afcc90df11,1,train,0,26199_A
26199,B,1,338,2598,5594b53b3484,1,train,1,26199_B
26199,E,2,101,568,6c5eb2514a73,1,train,0,26199_E
26199,G,3,54,413,76c08c194bbc,1,train,0,26199_G
26199,N,4,127,967,7444d1510531,1,train,0,26199_N
26199,P,5,32,238,5796ad1741a1,1,train,0,26199_P
26199,R,6,369,2941,186d283e857a,1,train,0,26199_R
26303,A,0,361,2608,127fb60cd395,1,train,1,26303_A
26303,B,1,333,2511,7375131b1265,1,train,0,26303_B
26303,C,2,332,2461,39a61c366b92,1,train,0,26303_C
26303,D,3,331,2512,d1aa25d29368,1,train,0,26303_D
26303,E,4,1434,10040,e52a42f6ecaa,1,train,0,26303_E
26313,A,0,217,1675,492df7de9fb5,1,train,0,26313_A
26313,B,1,336,2547,7b42d9ef1d03,1,train,1,26313_B
26313,C,2,53,381,08d2598d7431,1,train,0,26313_C
26313,D,3,283,2123,9dfc106ee464,1,train,0,26313_D
26459,A,0,372,2906,0ca33299be89,3,train,0,26459_A
26459,B,0,372,2906,0ca33299be89,3,train,0,26459_B
26459,C,0,372,2906,0ca33299be89,3,train,0,26459_C
26459,D,1,701,5661,369a47aa7594,1,train,0,26459_D
26459,G,2,146,1187,119c7fe8b88d,1,train,1,26459_G
26490,A,0,451,3552,9c192543eaf5,3,train,0,26490_A
26490,B,0,451,3552,9c192543eaf5,3,train,0,26490_B
26490,C,0,451,3552,9c192543eaf5,3,train,0,26490_C
26490,D,1,129,1030,a0a86bb79e3f,3,train,1,26490_D
26490,E,1,129,1030,a0a86bb79e3f,3,train,0,26490_E
26490,F,1,129,1030,a0a86bb79e3f,3,train,0,26490_F
26490,G,2,125,959,7374bb581bd3,3,train,0,26490_G
26490,H,2,125,959,7374bb581bd3,3,train,0,26490_H
26490,I,2,125,959,7374bb581bd3,3,train,0,26490_I
26490,J,3,105,778,b2a8ff60a933,3,train,0,26490_J
26490,K,3,105,778,b2a8ff60a933,3,train,0,26490_K
26490,L,3,105,778,b2a8ff60a933,3,train,0,26490_L
26490,M,4,133,1041,0a585e09e2ba,3,train,0,26490_M
26490,N,4,133,1041,0a585e09e2ba,3,train,0,26490_N
26490,O,4,133,1041,0a585e09e2ba,3,train,0,26490_O
26490,P,5,107,824,73a88dbb46d8,3,train,0,26490_P
26490,Q,5,107,824,73a88dbb46d8,3,train,0,26490_Q
26490,R,5,107,824,73a88dbb46d8,3,train,0,26490_R
26514,A,0,1230,9900,25600ca08591,1,val,0,26514_A
26514,C,1,324,2575,0292293d2f38,1,val,1,26514_C
26514,D,2,948,7570,7a42e0f43813,1,val,0,26514_D
26519,A,0,771,5598,a454e7448b80,1,test,0,26519_A
26519,B,1,761,4884,e55d33db38ce,1,test,0,26519_B
26519,C,2,578,4263,e319e57d1499,1,test,1,26519_C
26519,D,3,288,2194,d793b9e8062d,1,test,0,26519_D
26519,E,4,319,2421,d3dcb93937f2,2,test,0,26519_E
26519,F,4,319,1816,d3dcb93937f2,2,test,0,26519_F
26519,G,5,313,2413,698e1d0ec441,1,test,0,26519_G
26519,H,6,285,2185,b14b0f8a9b22,1,test,0,26519_H
26581,A,0,203,1612,6d70ac09c822,4,train,1,26581_A
26581,B,0,203,1612,6d70ac09c822,4,train,0,26581_B
26581,C,0,203,1612,6d70ac09c822,4,train,0,26581_C
26581,D,0,203,1612,6d70ac09c822,4,train,0,26581_D
26581,I,1,181,1469,ed772b6077e1,4,train,0,26581_I
26581,J,1,181,1469,ed772b6077e1,4,train,0,26581_J
26581,K,1,181,1469,ed772b6077e1,4,train,0,26581_K
26581,L,1,181,1469,ed772b6077e1,4,train,0,26581_L
26589,D,0,60,383,d9350788c028,1,train,0,26589_D
26589,R,1,287,2185,1685a35da622,1,train,1,26589_R
26599,A,0,256,1925,667568deb2b3,1,train,1,26599_A
26599,B,1,214,1673,4a1684096823,1,train,0,26599_B
26599,C,2,338,2477,edee59cbca1d,1,train,0,26599_C
26599,D,3,51,353,ee0e436b1d5f,1,train,0,26599_D
26599,E,4,230,1712,e93ac4220f77,1,train,1,26599_E
26626,A,0,367,2848,da62ff0c9287,2,train,1,26626_A
26626,B,0,367,2848,da62ff0c9287,2,train,0,26626_B
26641,A,0,926,7462,eb39c829d696,1,train,0,26641_A
26641,B,1,186,1390,dba1539908b8,2,train,1,26641_B
26641,C,2,73,559,fd9c2f696249,1,train,0,26641_C
26641,D,1,186,1419,dba1539908b8,2,train,0,26641_D
26710,A,0,432,3465,79c950f113e7,1,test,0,26710_A
26710,H,1,119,926,95d45b46bb40,1,test,0,26710_H
26710,L,2,107,829,51d7e5bf7ec4,1,test,1,26710_L
26718,A,0,221,1726,f0595e48503c,1,train,1,26718_A
26719,C,0,218,1701,987d3204aa9e,1,train,0,26719_C
26719,D,1,227,1759,d754e0d06a90,1,train,1,26719_D
26767,A,0,512,4027,07eef726b8d0,8,test,1,26767_A
26767,B,1,322,2459,af330f1e4bf2,8,test,0,26767_B
26767,C,0,512,4027,07eef726b8d0,8,test,0,26767_C
26767,D,1,322,2459,af330f1e4bf2,8,test,0,26767_D
26767,E,0,512,4027,07eef726b8d0,8,test,0,26767_E
26767,F,1,322,2459,af330f1e4bf2,8,test,0,26767_F
26767,G,0,512,4027,07eef726b8d0,8,test,0,26767_G
26767,H,1,322,2459,af330f1e4bf2,8,test,0,26767_H
26767,I,0,512,4027,07eef726b8d0,8,test,0,26767_I
26767,J,1,322,2459,af330f1e4bf2,8,test,0,26767_J
26767,K,0,512,4027,07eef726b8d0,8,test,0,26767_K
26767,L,1,322,2459,af330f1e4bf2,8,test,0,26767_L
26767,M,0,512,4027,07eef726b8d0,8,test,0,26767_M
26767,N,1,322,2459,af330f1e4bf2,8,test,0,26767_N
26767,O,0,512,4027,07eef726b8d0,8,test,0,26767_O
26767,P,1,322,2459,af330f1e4bf2,8,test,0,26767_P
26767,Q,2,59,442,20d225266d15,4,test,0,26767_Q
26767,R,2,59,442,20d225266d15,4,test,0,26767_R
26767,S,2,59,442,20d225266d15,4,test,0,26767_S
26767,T,2,59,442,20d225266d15,4,test,0,26767_T
26782,D,0,397,3174,7aec3e232dfd,1,train,1,26782_D
26846,A,0,1103,8794,f56abd5a38b0,1,train,0,26846_A
26846,B,1,298,2444,0ea0616009bc,2,train,0,26846_B
26846,C,2,281,2265,bc7e60e849ed,1,train,1,26846_C
26846,D,3,111,868,ea9b1412ae44,1,train,0,26846_D
26846,E,4,124,938,1db4ba8613f1,2,train,0,26846_E
26846,F,5,120,934,a212d53714a8,2,train,0,26846_F
26846,G,6,84,642,c194e7e9c4af,2,train,0,26846_G
26846,H,7,89,655,28985762ef2a,2,train,0,26846_H
26846,I,1,298,2444,0ea0616009bc,2,train,0,26846_I
26846,J,8,277,2226,cb0aa7c5643c,1,train,0,26846_J
26846,K,9,115,895,2b3cfa99dfa7,1,train,0,26846_K
26846,L,4,124,938,1db4ba8613f1,2,train,0,26846_L
26846,M,5,120,934,a212d53714a8,2,train,0,26846_M
26846,N,6,84,642,c194e7e9c4af,2,train,0,26846_N
26846,O,7,89,655,28985762ef2a,2,train,0,26846_O
26846,P,10,104,853,e218a059c420,1,train,0,26846_P
26865,A,0,1012,8542,9d1d3c5344f3,1,train,0,26865_A
26865,D,1,187,1554,e4d825a9236f,1,train,0,26865_D
26865,E,2,148,1195,290a4ce9bfd0,1,train,1,26865_E
26865,F,3,117,952,876e66b71123,1,train,0,26865_F
26865,G,4,184,1542,57df84b487ea,1,train,0,26865_G
26865,H,5,199,1367,6b5eb8094d66,1,train,0,26865_H
26878,A,0,1063,8247,efbaef00f7a7,3,train,0,26878_A
26878,B,0,1063,8247,efbaef00f7a7,3,train,0,26878_B
26878,C,0,1063,8247,efbaef00f7a7,3,train,0,26878_C
26878,H,1,120,946,24974b6f1429,3,train,1,26878_H
26878,L,2,106,823,8d308335b2fb,3,train,0,26878_L
26878,M,1,120,946,24974b6f1429,3,train,0,26878_M
26878,N,2,106,823,8d308335b2fb,3,train,0,26878_N
26878,P,1,120,946,24974b6f1429,3,train,0,26878_P
26878,Q,2,106,823,8d308335b2fb,3,train,0,26878_Q
26881,A,0,1059,8216,2b8533acc89b,3,test,0,26881_A
26881,B,0,1059,8216,2b8533acc89b,3,test,0,26881_B
26881,C,0,1059,8216,2b8533acc89b,3,test,0,26881_C
26881,H,1,116,894,08f20c834425,3,test,0,26881_H
26881,L,2,112,864,6fbf89f38ef1,3,test,1,26881_L
26881,M,1,116,894,08f20c834425,3,test,0,26881_M
26881,N,2,112,864,6fbf89f38ef1,3,test,0,26881_N
26881,P,1,116,894,08f20c834425,3,test,0,26881_P
26881,Q,2,112,864,6fbf89f38ef1,3,test,0,26881_Q
26966,0,0,211,1754,5beac0ca83f9,1,test,0,26966_0
26966,1,1,271,2195,55abef00b523,1,test,0,26966_1
26966,4,2,566,4585,27c216aad755,1,test,0,26966_4
26966,5,3,319,2568,8d16e3ba4ae6,1,test,0,26966_5
26966,7,4,398,3145,0363c3b9fe2b,1,test,0,26966_7
26966,8,5,326,2543,56ae5f492882,1,test,0,26966_8
26966,9,6,446,3558,eda8a9d9863b,1,test,0,26966_9
26966,B,7,220,1789,acdbbe174630,1,test,0,26966_B
26966,C,8,126,1042,8e6f3ef68b45,1,test,0,26966_C
26966,D,9,232,1838,bac3a337d6b9,1,test,0,26966_D
26966,E,10,105,839,01393fc3f764,1,test,0,26966_E
26966,F,11,208,1724,0ddc1124f5c3,1,test,0,26966_F
26966,G,12,292,2395,f088c72ccbac,1,test,1,26966_G
26966,H,13,128,1045,fc58b669d8e4,1,test,0,26966_H
26966,J,14,108,839,aeab9586ba56,1,test,0,26966_J
26966,K,15,33,283,cec0cd0d7b50,1,test,0,26966_K
26966,L,16,131,1091,cbcd768edbd9,1,test,0,26966_L
26966,M,17,115,913,97c9f52bfc60,1,test,0,26966_M
26966,N,18,109,859,937341216730,1,test,0,26966_N
26966,O,19,190,1570,992b15abe3ff,1,test,0,26966_O
26966,P,20,92,731,351e7b78832a,1,test,0,26966_P
26966,R,21,291,2382,1120d7f6ece7,1,test,0,26966_R
26966,S,22,133,1100,592181073bc0,1,test,0,26966_S
26966,T,23,164,1344,767ffd633869,1,test,0,26966_T
26966,U,24,174,1468,2016be2b3902,1,test,0,26966_U
26966,V,25,359,2946,2939c6fe5937,1,test,0,26966_V
26966,W,26,98,775,d4c562a0f026,1,test,0,26966_W
26966,X,27,352,2849,7b545328336f,1,test,0,26966_X
26966,Y,28,123,1043,6fcb180a5c7a,1,test,0,26966_Y
26966,Z,29,56,465,c76bc6fa0424,1,test,0,26966_Z
26966,a,30,263,1785,392aa2f0acc8,1,test,0,26966_a
26967,0,0,211,1754,5beac0ca83f9,1,train,0,26967_0
26967,1,1,259,2098,8bffc09e1f0a,1,train,0,26967_1
26967,3,2,45,395,211e60ed3882,1,train,0,26967_3
26967,4,3,566,4585,27c216aad755,1,train,0,26967_4
26967,5,4,319,2568,8d16e3ba4ae6,1,train,0,26967_5
26967,7,5,398,3145,0363c3b9fe2b,1,train,0,26967_7
26967,8,6,326,2543,56ae5f492882,1,train,0,26967_8
26967,B,7,220,1789,acdbbe174630,1,train,0,26967_B
26967,C,8,126,1042,8e6f3ef68b45,1,train,0,26967_C
26967,D,9,232,1838,bac3a337d6b9,1,train,0,26967_D
26967,E,10,105,839,01393fc3f764,1,train,0,26967_E
26967,F,11,208,1724,0ddc1124f5c3,1,train,0,26967_F
26967,G,12,291,2384,e6dc5543ef41,1,train,0,26967_G
26967,H,13,130,1064,cc3e8a4cc143,1,train,0,26967_H
26967,J,14,108,839,aeab9586ba56,1,train,0,26967_J
26967,K,15,35,296,1d64ad91f370,1,train,0,26967_K
26967,L,16,161,1363,2dee1c2f2364,1,train,1,26967_L
26967,M,17,115,913,97c9f52bfc60,1,train,0,26967_M
26967,N,18,109,859,937341216730,1,train,0,26967_N
26967,O,19,190,1570,992b15abe3ff,1,train,0,26967_O
26967,P,20,92,731,351e7b78832a,1,train,0,26967_P
26967,R,21,291,2382,1120d7f6ece7,1,train,0,26967_R
26967,S,22,133,1100,592181073bc0,1,train,0,26967_S
26967,T,23,164,1344,767ffd633869,1,train,0,26967_T
26967,U,24,174,1468,2016be2b3902,1,train,0,26967_U
26967,V,25,359,2946,2939c6fe5937,1,train,0,26967_V
26967,W,26,98,775,d4c562a0f026,1,train,0,26967_W
26967,X,27,352,2849,7b545328336f,1,train,0,26967_X
26967,Y,28,123,1043,6fcb180a5c7a,1,train,0,26967_Y
26967,Z,29,56,465,c76bc6fa0424,1,train,0,26967_Z
26967,a,30,263,1785,392aa2f0acc8,1,train,0,26967_a
26968,0,0,211,1754,5beac0ca83f9,1,train,0,26968_0
26968,1,1,259,2098,8bffc09e1f0a,1,train,0,26968_1
26968,3,2,45,395,211e60ed3882,1,train,0,26968_3
26968,4,3,566,4585,27c216aad755,1,train,0,26968_4
26968,5,4,319,2568,8d16e3ba4ae6,1,train,0,26968_5
26968,6,5,126,994,439f14ea66e3,1,train,0,26968_6
26968,7,6,402,3179,0edca2c55c75,1,train,0,26968_7
26968,8,7,326,2543,56ae5f492882,1,train,0,26968_8
26968,B,8,220,1789,acdbbe174630,1,train,1,26968_B
26968,C,9,126,1042,8e6f3ef68b45,1,train,0,26968_C
26968,D,10,232,1838,bac3a337d6b9,1,train,0,26968_D
26968,E,11,108,858,151c122f3f9e,1,train,0,26968_E
26968,F,12,206,1696,64f9b84152e4,1,train,0,26968_F
26968,G,13,292,2395,f088c72ccbac,1,train,0,26968_G
26968,H,14,130,1064,cc3e8a4cc143,1,train,0,26968_H
26968,I,15,137,1019,8b66b230242a,1,train,0,26968_I
26968,J,16,108,839,aeab9586ba56,1,train,0,26968_J
26968,K,17,35,296,1d64ad91f370,1,train,0,26968_K
26968,L,18,161,1363,2dee1c2f2364,1,train,0,26968_L
26968,M,19,115,913,97c9f52bfc60,1,train,0,26968_M
26968,N,20,109,859,937341216730,1,train,0,26968_N
26968,O,21,190,1570,992b15abe3ff,1,train,1,26968_O
26968,P,22,96,774,0e6ee6f5d761,1,train,0,26968_P
26968,Q,23,85,736,66353eb43f60,1,train,0,26968_Q
26968,R,24,291,2382,1120d7f6ece7,1,train,0,26968_R
26968,S,25,133,1100,592181073bc0,1,train,1,26968_S
26968,T,26,164,1344,767ffd633869,1,train,0,26968_T
26968,U,27,174,1468,2016be2b3902,1,train,0,26968_U
26968,V,28,359,2946,2939c6fe5937,1,train,0,26968_V
26968,W,29,98,775,d4c562a0f026,1,train,0,26968_W
26968,X,30,352,2849,7b545328336f,1,train,0,26968_X
26968,Y,31,122,1032,17e6ccf2b744,1,train,0,26968_Y
26968,Z,32,56,465,c76bc6fa0424,1,train,0,26968_Z
26969,0,0,211,1754,5beac0ca83f9,1,train,0,26969_0
26969,1,1,259,2098,8bffc09e1f0a,1,train,0,26969_1
26969,3,2,70,625,094b314dfb30,1,train,0,26969_3
26969,4,3,566,4585,27c216aad755,1,train,0,26969_4
26969,6,4,126,994,439f14ea66e3,1,train,0,26969_6
26969,7,5,400,3160,1e947a2dc7b2,1,train,0,26969_7
26969,8,6,326,2543,56ae5f492882,1,train,0,26969_8
26969,B,7,220,1789,acdbbe174630,1,train,0,26969_B
26969,C,8,126,1042,8e6f3ef68b45,1,train,0,26969_C
26969,D,9,232,1838,bac3a337d6b9,1,train,0,26969_D
26969,E,10,108,858,151c122f3f9e,1,train,1,26969_E
26969,F,11,206,1696,64f9b84152e4,1,train,0,26969_F
26969,G,12,292,2395,f088c72ccbac,1,train,0,26969_G
26969,H,13,130,1064,cc3e8a4cc143,1,train,0,26969_H
26969,I,14,137,1019,8b66b230242a,1,train,0,26969_I
26969,J,15,108,839,aeab9586ba56,1,train,0,26969_J
26969,K,16,38,323,8e83b1c6a430,1,train,0,26969_K
26969,L,17,161,1363,2dee1c2f2364,1,train,0,26969_L
26969,M,18,115,913,97c9f52bfc60,1,train,1,26969_M
26969,N,19,109,859,937341216730,1,train,0,26969_N
26969,O,20,190,1570,992b15abe3ff,1,train,0,26969_O
26969,P,21,96,774,0e6ee6f5d761,1,train,0,26969_P
26969,Q,22,85,736,66353eb43f60,1,train,0,26969_Q
26969,R,23,291,2382,1120d7f6ece7,1,train,0,26969_R
26969,S,24,133,1100,592181073bc0,1,train,0,26969_S
26969,T,25,164,1344,767ffd633869,1,train,0,26969_T
26969,U,26,174,1468,2016be2b3902,1,train,0,26969_U
26969,V,27,359,2946,2939c6fe5937,1,train,0,26969_V
26969,W,28,98,775,d4c562a0f026,1,train,0,26969_W
26969,X,29,352,2849,7b545328336f,1,train,0,26969_X
26969,Y,30,123,1043,6fcb180a5c7a,1,train,0,26969_Y
26969,Z,31,56,465,c76bc6fa0424,1,train,0,26969_Z
26970,0,0,211,1754,5beac0ca83f9,1,test,0,26970_0
26970,1,1,259,2098,8bffc09e1f0a,1,test,0,26970_1
26970,3,2,70,625,094b314dfb30,1,test,0,26970_3
26970,4,3,566,4585,27c216aad755,1,test,1,26970_4
26970,6,4,126,994,439f14ea66e3,1,test,0,26970_6
26970,7,5,400,3160,1e947a2dc7b2,1,test,1,26970_7
26970,B,6,220,1789,acdbbe174630,1,test,0,26970_B
26970,C,7,126,1042,8e6f3ef68b45,1,test,0,26970_C
26970,D,8,232,1838,bac3a337d6b9,1,test,0,26970_D
26970,E,9,108,858,151c122f3f9e,1,test,0,26970_E
26970,F,10,206,1696,64f9b84152e4,1,test,0,26970_F
26970,G,11,292,2395,f088c72ccbac,1,test,1,26970_G
26970,H,12,130,1064,cc3e8a4cc143,1,test,0,26970_H
26970,I,13,137,1019,8b66b230242a,1,test,0,26970_I
26970,J,14,107,829,f7faab59d58e,1,test,0,26970_J
26970,K,15,100,847,5cb3da73a15b,1,test,0,26970_K
26970,L,16,161,1363,2dee1c2f2364,1,test,0,26970_L
26970,M,17,115,913,97c9f52bfc60,1,test,0,26970_M
26970,N,18,109,859,937341216730,1,test,0,26970_N
26970,O,19,190,1570,992b15abe3ff,1,test,1,26970_O
26970,P,20,96,774,0e6ee6f5d761,1,test,1,26970_P
26970,Q,21,85,736,66353eb43f60,1,test,1,26970_Q
26970,R,22,291,2382,1120d7f6ece7,1,test,0,26970_R
26970,S,23,133,1100,592181073bc0,1,test,0,26970_S
26970,T,24,164,1344,767ffd633869,1,test,0,26970_T
26970,U,25,174,1468,2016be2b3902,1,test,0,26970_U
26970,V,26,359,2946,2939c6fe5937,1,test,0,26970_V
26970,W,27,98,775,d4c562a0f026,1,test,0,26970_W
26970,X,28,352,2849,7b545328336f,1,test,0,26970_X
26970,Y,29,123,1043,6fcb180a5c7a,1,test,0,26970_Y
26970,Z,30,69,581,5e0ef0cb6049,1,test,0,26970_Z
26971,0,0,211,1754,5beac0ca83f9,1,train,0,26971_0
26971,1,1,259,2098,8bffc09e1f0a,1,train,0,26971_1
26971,3,2,45,395,211e60ed3882,1,train,0,26971_3
26971,4,3,566,4585,27c216aad755,1,train,0,26971_4
26971,5,4,319,2568,8d16e3ba4ae6,1,train,0,26971_5
26971,6,5,126,994,439f14ea66e3,1,train,0,26971_6
26971,7,6,414,3276,dd7a68d5229f,1,train,0,26971_7
26971,B,7,220,1789,acdbbe174630,1,train,0,26971_B
26971,C,8,126,1042,8e6f3ef68b45,1,train,0,26971_C
26971,D,9,232,1838,bac3a337d6b9,1,train,0,26971_D
26971,E,10,108,858,151c122f3f9e,1,train,0,26971_E
26971,F,11,206,1696,64f9b84152e4,1,train,0,26971_F
26971,G,12,292,2395,f088c72ccbac,1,train,0,26971_G
26971,H,13,130,1064,cc3e8a4cc143,1,train,0,26971_H
26971,I,14,137,1019,8b66b230242a,1,train,0,26971_I
26971,J,15,108,839,aeab9586ba56,1,train,0,26971_J
26971,K,16,100,847,5cb3da73a15b,1,train,0,26971_K
26971,L,17,161,1363,2dee1c2f2364,1,train,0,26971_L
26971,M,18,115,913,97c9f52bfc60,1,train,1,26971_M
26971,N,19,109,859,937341216730,1,train,0,26971_N
26971,O,20,190,1570,992b15abe3ff,1,train,0,26971_O
26971,P,21,96,774,0e6ee6f5d761,1,train,0,26971_P
26971,Q,22,85,736,66353eb43f60,1,train,0,26971_Q
26971,R,23,291,2382,1120d7f6ece7,1,train,0,26971_R
26971,S,24,133,1100,592181073bc0,1,train,0,26971_S
26971,T,25,164,1344,767ffd633869,1,train,0,26971_T
26971,U,26,174,1468,2016be2b3902,1,train,0,26971_U
26971,V,27,359,2946,2939c6fe5937,1,train,0,26971_V
26971,W,28,98,775,d4c562a0f026,1,train,0,26971_W
26971,X,29,352,2849,7b545328336f,1,train,0,26971_X
26971,Y,30,123,1043,6fcb180a5c7a,1,train,0,26971_Y
26971,Z,31,69,581,5e0ef0cb6049,1,train,0,26971_Z
26988,A,0,451,3431,daad3bd3819b,1,test,0,26988_A
26988,D,1,40,302,660597288656,2,test,0,26988_D
26988,K,2,380,2919,2cb07a697241,1,test,0,26988_K
26988,L,3,388,2938,a2e93fea4826,1,test,0,26988_L
26988,M,4,246,1804,02550a89ff5d,4,test,0,26988_M
26988,N,1,40,302,660597288656,2,test,0,26988_N
26988,O,4,246,1804,02550a89ff5d,4,test,0,26988_O
26988,P,5,804,6339,ffdefafffce0,1,test,0,26988_P
26988,Q,6,390,2954,9c26ce862279,1,test,0,26988_Q
26988,R,4,246,1804,02550a89ff5d,4,test,0,26988_R
26988,S,4,246,1804,02550a89ff5d,4,test,0,26988_S
26988,T,7,814,6406,219566ed36fc,1,test,0,26988_T
26988,W,8,32,233,489440280dda,1,test,0,26988_W
26988,X,9,657,5167,824c4ecf5efa,1,test,1,26988_X
27009,0,0,50,423,6251f3d07de8,1,train,0,27009_0
27009,1,1,44,362,9219a1c0e8c4,1,train,0,27009_1
27009,2,2,67,513,4a70839968c9,1,train,0,27009_2
27009,3,3,37,302,dd2011def78f,1,train,0,27009_3
27009,4,4,66,512,1102ac5d1638,1,train,0,27009_4
27009,V,5,23,183,d9cadb28377d,1,train,0,27009_V
27009,c,6,274,2091,b679bad7210b,1,train,0,27009_c
27009,d,7,214,1586,b980245c4818,1,train,0,27009_d
27009,e,8,210,1577,994bcb041338,1,train,0,27009_e
27009,f,9,203,1623,1693bcb2d9a6,1,train,0,27009_f
27009,g,10,177,1376,795abbca605b,1,train,0,27009_g
27009,i,11,146,1139,d57064a3f1c5,1,train,0,27009_i
27009,j,12,122,946,d8fab376f565,1,train,0,27009_j
27009,k,13,144,1072,a76891401b3d,1,train,0,27009_k
27009,l,14,136,1082,df5a708c6960,1,train,0,27009_l
27009,m,15,120,936,0022eba93b8d,1,train,0,27009_m
27009,n,16,126,952,0bb4dd907a27,1,train,0,27009_n
27009,o,17,114,896,9e9bd374374b,1,train,0,27009_o
27009,p,18,119,958,dfc2e7ed0722,1,train,0,27009_p
27009,q,19,102,778,c326e793b557,1,train,0,27009_q
27009,r,20,132,1017,ef5f24e5378e,1,train,0,27009_r
27009,s,21,95,751,82c4dbd60b8c,1,train,0,27009_s
27009,t,22,107,833,3f2a2c3b8a66,1,train,0,27009_t
27009,u,23,179,1376,33c0ff5b6cdd,1,train,0,27009_u
27009,v,24,78,591,127fb0556728,1,train,0,27009_v
27009,w,25,60,474,a0a71c032516,1,train,0,27009_w
27009,x,26,69,564,0c7dfe472473,1,train,1,27009_x
27009,y,27,58,467,cdfae1d34b5a,1,train,0,27009_y
27009,z,28,62,477,ed7defd5e734,1,train,0,27009_z
27011,E,0,64,482,c2915faf3e87,1,train,0,27011_E
27011,G,1,214,1670,b07ead0e1b43,1,train,0,27011_G
27011,I,2,155,1225,e644dab09fc5,1,train,0,27011_I
27011,J,3,134,1012,edc55ca665a0,1,train,0,27011_J
27011,M,4,98,786,9ba224502710,1,train,0,27011_M
27011,N,5,122,976,ff0cdaea3795,1,train,0,27011_N
27011,S,6,60,474,5d30c24cee03,1,train,1,27011_S
27011,U,7,84,658,8cde7792f256,1,train,0,27011_U
27067,A,0,1100,8581,ec0e245f7f80,3,train,0,27067_A
27067,B,0,1100,8585,ec0e245f7f80,3,train,0,27067_B
27067,C,0,1100,8585,ec0e245f7f80,3,train,0,27067_C
27067,D,1,122,947,9377d5b341a5,3,train,1,27067_D
27067,E,1,122,947,9377d5b341a5,3,train,0,27067_E
27067,F,1,122,947,9377d5b341a5,3,train,0,27067_F
27071,A,0,1100,8581,ec0e245f7f80,3,train,0,27071_A
27071,B,0,1100,8585,ec0e245f7f80,3,train,0,27071_B
27071,C,0,1100,8585,ec0e245f7f80,3,train,0,27071_C
27071,D,1,121,906,d1da8d938b1f,3,train,1,27071_D
27071,E,1,121,906,d1da8d938b1f,3,train,0,27071_E
27071,F,1,121,906,d1da8d938b1f,3,train,0,27071_F
27080,A,0,127,988,586dbbd2a6a2,1,train,0,27080_A
27080,B,1,125,979,f100c07519d8,1,train,0,27080_B
27080,C,2,128,1011,ebc301f670ca,1,train,1,27080_C
27080,D,3,127,972,bb61ddfed6fa,1,train,0,27080_D
27080,R,4,194,1536,2a4a07dfbe68,1,train,0,27080_R
27104,A,0,1116,8734,f447bcd253bf,1,train,0,27104_A
27104,B,1,362,2923,23b1a45e2ca2,1,train,0,27104_B
27104,C,2,121,954,53b8c80870b5,1,train,1,27104_C
27104,D,3,419,3514,60a52e8541c1,1,train,0,27104_D
27104,E,4,241,1995,9f1311bd9c3b,1,train,0,27104_E
27104,F,5,915,7389,430de29dee3e,1,train,0,27104_F
27104,G,6,456,3541,31034f36cd3d,1,train,0,27104_G
27177,A,0,271,2134,62d9d047d73a,1,train,0,27177_A
27177,H,1,223,1663,727a7027ea99,1,train,1,27177_H
27177,L,2,220,1708,e879598cf502,1,train,0,27177_L
27241,A,0,1132,8028,2bc28392046e,1,train,0,27241_A
27241,B,1,381,2942,0f24bca8b280,1,train,1,27241_B
27241,C,2,29,225,879aab445698,1,train,0,27241_C
27249,0,0,493,2448,adfb6c486a8c,1,train,1,27249_0
27249,2,1,99,833,39e7756c3899,1,train,0,27249_2
27249,5,2,270,2199,1e1d32e4d34c,1,train,0,27249_5
27249,6,3,250,2063,cd015c0cf704,1,train,0,27249_6
27249,D,4,308,2567,4259475ccbd3,1,train,0,27249_D
27249,E,5,168,1334,0762a1b0a4cb,1,train,0,27249_E
27249,F,6,131,1054,aeaa52e396b8,1,train,0,27249_F
27249,H,7,155,1221,fdd01c446eaa,1,train,0,27249_H
27249,L,8,121,926,6ccb023ff607,1,train,0,27249_L
27249,O,9,210,1724,1baee93d803b,1,train,0,27249_O
27249,P,10,115,913,8bfd5e296412,1,train,0,27249_P
27249,Q,11,143,1172,cf771602c173,1,train,0,27249_Q
27249,R,12,57,454,b48e25e165ad,1,train,0,27249_R
27249,V,13,222,1787,e825dd0739f7,1,train,0,27249_V
27249,d,14,660,5497,0f83ea4d3b50,1,train,0,27249_d
27251,0,0,447,3626,94c894b561ef,1,train,0,27251_0
27251,2,1,99,833,39e7756c3899,1,train,0,27251_2
27251,3,2,244,1953,e4372393a38e,1,train,0,27251_3
27251,4,3,271,2182,c1c698921eb4,1,train,0,27251_4
27251,5,4,270,2199,1e1d32e4d34c,1,train,1,27251_5
27251,6,5,305,2488,8fd608b4a0a2,1,train,0,27251_6
27251,8,6,452,3573,b22b955f642d,1,train,0,27251_8
27251,A,7,199,1585,71c1ee9a4ab1,1,train,0,27251_A
27251,B,8,266,2085,4e91088800ab,1,train,0,27251_B
27251,C,9,240,2018,7a6dac1efed8,1,train,0,27251_C
27251,D,10,326,2713,fc1f99626af6,1,train,0,27251_D
27251,E,11,287,2297,c80398e1e5f4,1,train,0,27251_E
27251,F,12,125,1002,a683012a58f8,1,train,0,27251_F
27251,G,13,146,1168,228ac195d4c4,1,train,0,27251_G
27251,H,14,154,1213,b364030f640b,1,train,0,27251_H
27251,I,15,209,1676,2b2f5475dfa2,1,train,0,27251_I
27251,J,16,144,1186,36894bc051a0,1,train,0,27251_J
27251,K,17,142,1121,6766f887e6ea,1,train,0,27251_K
27251,L,18,121,926,6ccb023ff607,1,train,0,27251_L
27251,M,19,83,645,7a9a803e0939,1,train,0,27251_M
27251,N,20,112,923,c960f55eb108,1,train,0,27251_N
27251,O,21,210,1727,92e51f215a75,1,train,0,27251_O
27251,P,22,116,919,691db08331de,1,train,0,27251_P
27251,Q,23,204,1683,b57e64df1ddc,1,train,0,27251_Q
27251,R,24,91,738,00d88d63a16a,1,train,0,27251_R
27251,S,25,75,595,719827cbd60c,1,train,0,27251_S
27251,T,26,92,760,7d0ef7c2c0bd,1,train,0,27251_T
27251,U,27,233,1907,1557b77aa118,1,train,0,27251_U
27251,V,28,233,1879,10a44e05bd8b,1,train,0,27251_V
27251,W,29,395,3174,eff2690277f0,1,train,0,27251_W
27251,X,30,96,774,179e7b088991,1,train,0,27251_X
27251,Y,31,263,2208,ec0beca40624,1,train,0,27251_Y
27251,Z,32,84,660,adc4641d1176,1,train,0,27251_Z
27276,A,0,712,5555,112aff231933,1,train,0,27276_A
27276,B,1,718,5599,5aad286b6774,1,train,0,27276_B
27276,C,2,555,4311,eb6e0f194fb9,1,train,0,27276_C
27276,D,3,547,4240,e2567325d254,1,train,0,27276_D
27276,E,4,532,4113,d0d6a386baaf,1,train,0,27276_E
27276,F,5,551,4284,263f0fecb960,1,train,0,27276_F
27276,G,6,475,3825,8fcf0e943035,1,train,1,27276_G
27276,H,7,62,477,cafae2f07172,1,train,0,27276_H
27276,I,8,38,298,5f11a0de8e30,1,train,0,27276_I
27276,J,9,76,600,b141436fb906,2,train,0,27276_J
27276,K,9,76,600,b141436fb906,2,train,0,27276_K
27328,A,0,200,1684,8d7f6deff5ac,1,train,1,27328_A
27328,B,1,338,2601,edee59cbca1d,1,train,0,27328_B
27328,G,2,57,438,3d0a80a771ca,1,train,0,27328_G
27328,N,3,130,983,9ac2865bd281,1,train,0,27328_N
27328,R,4,275,2206,71b06a68bda2,1,train,0,27328_R
27490,A,0,113,876,704c737178c6,1,train,1,27490_A
27490,B,1,106,814,bf39172c3e09,1,train,0,27490_B
27490,P,2,334,2679,99f882eaec82,1,train,0,27490_P
27520,C,0,195,1546,1ed42f44165d,1,train,1,27520_C
27520,H,1,119,923,e499106f547d,1,train,1,27520_H
27526,A,0,257,2096,1176275027e5,1,train,0,27526_A
27526,H,1,128,976,b79e25d85077,1,train,1,27526_H
27526,L,2,112,862,ce2450c0a5c0,1,train,0,27526_L
27564,A,0,371,2976,8699ac6019c0,1,val,1,27564_A
27564,B,1,255,2131,cd49f02cf982,2,val,0,27564_B
27564,C,2,370,2979,a95677e2f644,1,val,0,27564_C
27564,D,1,255,2131,cd49f02cf982,2,val,0,27564_D
27635,A,0,264,1933,e9e553da64a7,1,train,0,27635_A
27635,B,1,221,1683,e0e21ae50194,1,train,0,27635_B
27635,C,2,336,2479,7b42d9ef1d03,1,train,0,27635_C
27635,D,3,42,284,46e40609c7f8,1,train,0,27635_D
27635,E,4,230,1734,e93ac4220f77,1,train,1,27635_E
27661,A,0,512,4027,07eef726b8d0,2,test,1,27661_A
27661,B,1,322,2459,af330f1e4bf2,2,test,0,27661_B
27661,C,0,512,4027,07eef726b8d0,2,test,0,27661_C
27661,D,1,322,2459,af330f1e4bf2,2,test,0,27661_D
27669,A,0,643,5028,289869c883e0,1,train,0,27669_A
27669,B,1,318,2496,a6c19d6208a2,1,train,0,27669_B
27669,C,2,330,2613,6824a42eae3b,1,train,0,27669_C
27669,D,3,343,2709,04b6be8b403f,1,train,0,27669_D
27669,E,4,354,2792,f999e9c5d882,1,train,1,27669_E
27669,F,5,258,2021,b6d5a776fda0,1,train,0,27669_F
27669,G,6,257,2014,1bb750a39b73,1,train,0,27669_G
27669,H,7,255,2001,271cde6d0a01,1,train,0,27669_H
27672,A,0,493,3898,11983e2cd6ff,1,test,1,27672_A
27672,B,1,318,2496,a6c19d6208a2,1,test,0,27672_B
27672,C,2,330,2613,6824a42eae3b,1,test,0,27672_C
27672,D,3,343,2709,04b6be8b403f,1,test,0,27672_D
27672,E,4,354,2792,f999e9c5d882,1,test,0,27672_E
27672,F,5,258,2021,b6d5a776fda0,1,test,0,27672_F
27672,G,6,257,2014,1bb750a39b73,1,test,0,27672_G
27672,H,7,255,2001,271cde6d0a01,1,test,0,27672_H
27743,A,0,635,5123,c69e3ab0df8d,1,train,1,27743_A
27752,B,0,221,1704,e0e21ae50194,1,train,0,27752_B
27752,C,1,338,2480,edee59cbca1d,1,train,1,27752_C
27752,D,2,51,350,ee0e436b1d5f,1,train,0,27752_D
27752,E,3,231,1730,5750501f080a,1,train,0,27752_E
27752,R,4,250,1925,450c0a7dd609,1,train,0,27752_R
27753,B,0,221,1704,e0e21ae50194,1,train,1,27753_B
27753,C,1,338,2480,edee59cbca1d,1,train,0,27753_C
27753,D,2,51,350,ee0e436b1d5f,1,train,0,27753_D
27753,E,3,231,1730,5750501f080a,1,train,0,27753_E
27753,R,4,247,1937,7a0fd22f14d7,1,train,0,27753_R
27834,A,0,771,6098,b194f6076f53,1,val,1,27834_A
27866,A,0,1178,9344,ca57094b97d2,1,train,0,27866_A
27866,B,1,376,3035,8ec3b65ad2e2,1,train,1,27866_B
27866,C,2,117,917,53f2580fb89b,1,train,0,27866_C
27965,A,0,121,925,f3e22b91677b,1,train,0,27965_A
27965,B,1,183,1304,9a131558ecb6,1,train,0,27965_B
27965,C,2,219,1623,b66e95c73370,1,train,1,27965_C
27965,D,3,407,2971,05a5faed04fe,1,train,0,27965_D
27965,E,4,232,1564,1f34bfd2c340,1,train,0,27965_E
27965,F,5,435,3105,eca01c58829f,1,train,0,27965_F
27965,G,6,780,5374,6541981b7cbd,1,train,0,27965_G
27965,H,7,395,2847,ef7b566faae1,1,train,0,27965_H
27965,I,8,166,1183,3b793af027e6,1,train,0,27965_I
27965,J,9,230,1585,2f2eb6c82a5f,1,train,0,27965_J
27965,K,10,99,736,b88a989c1fdc,1,train,0,27965_K
27965,L,11,621,3784,f56cb7486561,1,train,0,27965_L
27965,M,12,518,3712,de27d47f4f70,1,train,0,27965_M
27965,N,13,518,3618,b498828b8376,1,train,0,27965_N
27965,O,14,124,878,ba5fec2d59f2,1,train,0,27965_O
27971,A,0,257,2066,129110ed9680,12,train,0,27971_A
27971,B,0,257,2066,129110ed9680,12,train,0,27971_B
27971,C,0,257,2066,129110ed9680,12,train,0,27971_C
27971,D,0,257,2066,129110ed9680,12,train,0,27971_D
27971,E,0,257,2066,129110ed9680,12,train,0,27971_E
27971,F,0,257,2066,129110ed9680,12,train,0,27971_F
27971,G,0,257,2066,129110ed9680,12,train,0,27971_G
27971,H,0,257,2066,129110ed9680,12,train,0,27971_H
27971,I,0,257,2066,129110ed9680,12,train,0,27971_I
27971,J,0,257,2066,129110ed9680,12,train,0,27971_J
27971,K,0,257,2066,129110ed9680,12,train,0,27971_K
27971,L,0,257,2066,129110ed9680,12,train,0,27971_L
27971,O,1,601,4865,ca6e5d8e7c42,1,train,0,27971_O
27971,Q,2,164,1306,873b9aac9282,1,train,0,27971_Q
27971,S,3,87,702,319208435226,1,train,1,27971_S
27971,W,4,514,4122,8ac50010635d,1,train,0,27971_W
27971,X,5,507,4068,f25d25ddfd12,1,train,0,27971_X
27971,Y,6,304,2453,3d8ff698e035,1,train,0,27971_Y
27971,Z,7,301,2426,ee3af5816623,1,train,0,27971_Z
27984,A,0,130,1044,c69b53a1ecaf,1,train,0,27984_A
27984,B,1,100,799,ec50d67589e1,1,train,0,27984_B
27984,F,2,115,919,02fd135802a9,1,train,0,27984_F
27984,a,3,742,5948,9775e90096e3,1,train,0,27984_a
27984,b,4,50,385,fa926513bee0,1,train,0,27984_b
27984,c,5,198,1473,0e878d9ce0b1,1,train,1,27984_c
27984,d,6,338,2740,c42dc663b897,1,train,0,27984_d
27984,e,7,70,565,0eaf4c431d3f,1,train,0,27984_e
27984,f,8,70,506,bf527d12f18c,1,train,1,27984_f
27984,g,9,158,1132,e7ff8c9db0d8,2,train,0,27984_g
27984,h,10,159,1139,d1ffb1ed998a,6,train,0,27984_h
27984,i,10,159,1139,d1ffb1ed998a,6,train,0,27984_i
27984,j,10,159,1136,d1ffb1ed998a,6,train,0,27984_j
27984,k,10,159,1136,d1ffb1ed998a,6,train,0,27984_k
27984,l,9,158,1129,e7ff8c9db0d8,2,train,0,27984_l
27984,m,10,159,1137,d1ffb1ed998a,6,train,0,27984_m
27984,n,10,159,1139,d1ffb1ed998a,6,train,0,27984_n
27984,o,11,158,1140,bcc61ca552f5,1,train,0,27984_o
27985,A,0,130,989,c69b53a1ecaf,1,test,0,27985_A
27985,B,1,98,686,9e1c2a67a849,1,test,1,27985_B
27985,F,2,115,835,02fd135802a9,1,test,0,27985_F
27985,b,3,46,355,379761fea759,1,test,0,27985_b
27985,c,4,198,1470,0e878d9ce0b1,1,test,0,27985_c
27985,d,5,338,2686,c42dc663b897,1,test,0,27985_d
27985,g,6,158,1132,e7ff8c9db0d8,6,test,0,27985_g
27985,h,6,158,1132,e7ff8c9db0d8,6,test,0,27985_h
27985,i,6,158,1132,e7ff8c9db0d8,6,test,0,27985_i
27985,j,6,158,1132,e7ff8c9db0d8,6,test,0,27985_j
27985,k,6,158,1129,e7ff8c9db0d8,6,test,0,27985_k
27985,l,6,158,1119,e7ff8c9db0d8,6,test,0,27985_l
27985,m,7,159,1137,d1ffb1ed998a,2,test,0,27985_m
27985,n,7,159,1129,d1ffb1ed998a,2,test,0,27985_n
27985,o,8,158,1137,bcc61ca552f5,1,test,0,27985_o
28081,A,0,740,5967,6b6c18348485,1,val,1,28081_A
28081,B,1,146,1140,cc87b3b841d3,1,val,0,28081_B
28273,A,0,478,3795,6cc87e1dfa86,1,train,1,28273_A
28273,B,1,522,4174,a21d29a98bc0,2,train,0,28273_B
28273,C,2,477,3790,696515ece651,1,train,0,28273_C
28273,D,1,522,4174,a21d29a98bc0,2,train,0,28273_D
28275,A,0,472,3756,dadc8eebc400,1,train,0,28275_A
28275,B,1,522,4174,a21d29a98bc0,2,train,1,28275_B
28275,C,2,407,3235,1fb43aa9a85a,1,train,0,28275_C
28275,D,1,522,4174,a21d29a98bc0,2,train,0,28275_D
28275,E,3,124,979,5346bf45ba94,1,train,0,28275_E
28374,A,0,226,1724,0fd02fa9edfe,1,val,1,28374_A
28374,B,1,237,1765,3dff62d4bf37,1,val,0,28374_B
28374,C,2,1105,8549,65126b0a7a9e,1,val,0,28374_C
28374,D,3,1270,9930,95abb70783c9,1,val,0,28374_D
28374,E,4,83,649,bbd1d8480175,1,val,0,28374_E
28374,G,5,110,869,bd77c0a625d0,1,val,0,28374_G
28545,A,0,191,1562,5f1665bc65ff,2,train,1,28545_A
28545,B,0,191,1562,5f1665bc65ff,2,train,0,28545_B
28575,A,0,360,2814,e3373d7f849f,1,train,0,28575_A
28575,E,1,440,3645,6da7ff4a705f,1,train,0,28575_E
28575,P,2,272,2281,86140a005323,1,train,0,28575_P
28575,R,3,417,3311,a8beaee24a97,1,train,1,28575_R
28575,S,4,268,2221,5a78d4cc7aaf,1,train,0,28575_S
28575,Z,5,3543,28974,4c01cae8432d,1,train,0,28575_Z
28640,A,0,339,2585,0403fcfd3437,4,val,1,28640_A
28640,B,0,339,2585,0403fcfd3437,4,val,0,28640_B
28640,C,0,339,2585,0403fcfd3437,4,val,0,28640_C
28640,D,0,339,2585,0403fcfd3437,4,val,0,28640_D
28641,A,0,446,3416,25df0d01b875,1,train,0,28641_A
28641,B,1,412,3182,205a480c03f7,1,train,0,28641_B
28641,C,2,250,1894,c1c0cabe82ed,1,train,0,28641_C
28641,D,3,202,1545,da1f2901b135,1,train,1,28641_D
28641,E,4,198,1512,a492bea9a80f,1,train,0,28641_E
28641,F,5,32,244,df6b52028c24,1,train,0,28641_F
28896,A,0,302,2363,e812335cecbe,1,train,0,28896_A
28896,N,1,126,961,90dc4e3d7b0c,1,train,1,28896_N
28896,X,2,216,1818,a87e9be01e83,1,train,0,28896_X
28896,Y,3,338,2594,edee59cbca1d,1,train,0,28896_Y
28896,Z,4,56,429,90b8fae971fe,1,train,0,28896_Z
29023,A,0,392,2974,18f5b1cc3cb6,1,test,0,29023_A
29023,B,1,334,2582,a67f774dab4f,1,test,0,29023_B
29023,C,2,310,2344,14f1ca1cb499,1,test,0,29023_C
29023,D,3,382,2924,ea550ecae4e0,1,test,0,29023_D
29023,E,4,358,2742,d85f1af04ad1,1,test,0,29023_E
29023,F,5,399,2987,35c946a49115,1,test,1,29023_F
29023,G,6,299,2297,6334b2c9c636,1,test,0,29023_G
29023,H,7,298,2286,58a4e83b8378,1,test,0,29023_H
29023,I,8,251,1835,dbf50c153e91,1,test,0,29023_I
29023,J,9,263,1966,9308bf9e60cb,1,test,0,29023_J
29023,K,10,141,1067,d70514dcba3c,1,test,1,29023_K
29024,A,0,392,2974,18f5b1cc3cb6,1,train,0,29024_A
29024,B,1,334,2582,a67f774dab4f,1,train,1,29024_B
29024,C,2,272,2064,7979444e8624,1,train,0,29024_C
29024,D,3,382,2924,ea550ecae4e0,1,train,0,29024_D
29024,E,4,358,2742,d85f1af04ad1,1,train,0,29024_E
29024,F,5,399,2987,35c946a49115,1,train,0,29024_F
29024,G,6,299,2297,6334b2c9c636,1,train,0,29024_G
29024,H,7,298,2286,58a4e83b8378,1,train,0,29024_H
29024,I,8,251,1835,dbf50c153e91,1,train,0,29024_I
29024,J,9,263,1966,9308bf9e60cb,1,train,0,29024_J
29025,A,0,392,2974,18f5b1cc3cb6,1,test,0,29025_A
29025,B,1,335,2588,187a16183a43,1,test,0,29025_B
29025,C,2,310,2344,14f1ca1cb499,1,test,1,29025_C
29025,D,3,385,2943,39dbc67e03d2,1,test,0,29025_D
29025,E,4,358,2742,d85f1af04ad1,1,test,0,29025_E
29025,F,5,399,2987,35c946a49115,1,test,0,29025_F
29025,G,6,299,2297,6334b2c9c636,1,test,0,29025_G
29025,H,7,298,2286,58a4e83b8378,1,test,0,29025_H
29025,I,8,253,1844,74d291defb36,1,test,0,29025_I
29025,J,9,263,1966,9308bf9e60cb,1,test,0,29025_J
29103,A,0,468,3501,839873ebf8b9,2,train,1,29103_A
29103,B,0,468,3501,839873ebf8b9,2,train,0,29103_B
29714,A,0,782,6150,938c186ad811,1,val,0,29714_A
29714,B,1,158,1246,3a791bd95d94,1,val,1,29714_B
29714,C,2,105,859,92a9f643bb33,1,val,0,29714_C
29787,0,0,51,417,4db3d65547bc,1,test,0,29787_0
29787,1,1,46,377,917fd91fa1d1,1,test,0,29787_1
29787,2,2,64,504,e262703728ed,1,test,1,29787_2
29787,3,3,38,302,43ab24acc3be,1,test,0,29787_3
29787,4,4,60,480,795d3148d6e7,1,test,0,29787_4
29787,c,5,271,2082,dc0ca816fa2a,1,test,0,29787_c
29787,d,6,208,1556,27483bce8f38,1,test,0,29787_d
29787,e,7,201,1552,59baeb04bdd4,1,test,0,29787_e
29787,f,8,177,1410,020a5720fed5,1,test,0,29787_f
29787,g,9,176,1323,77e24bd37b87,1,test,0,29787_g
29787,h,10,41,303,54e277362d42,1,test,0,29787_h
29787,i,11,142,1129,cfbedf730201,1,test,0,29787_i
29787,j,12,123,946,3eb0333c4afa,1,test,0,29787_j
29787,k,13,144,1053,00ba63904ba0,1,test,0,29787_k
29787,l,14,134,1055,a025c1f629c3,1,test,0,29787_l
29787,m,15,118,945,80b42ceef4c2,1,test,0,29787_m
29787,n,16,116,892,cbc8767a2cdc,1,test,0,29787_n
29787,o,17,114,917,f2f735ce1e57,1,test,1,29787_o
29787,p,18,117,947,6b8dfeb549bf,1,test,0,29787_p
29787,q,19,103,816,b3eb9333aa66,1,test,0,29787_q
29787,r,20,110,857,c4e9259c84c1,1,test,0,29787_r
29787,s,21,93,738,45296cc18fac,1,test,0,29787_s
29787,t,22,102,779,b52fee32a842,1,test,0,29787_t
29787,u,23,94,753,f168559556cf,1,test,0,29787_u
29787,v,24,78,586,5b5c607b5f00,1,test,0,29787_v
29787,w,25,77,625,29a1aee1fff6,1,test,0,29787_w
29787,x,26,62,501,4c6c48e026d9,1,test,0,29787_x
29787,y,27,58,449,f8d3ad4d81e1,1,test,0,29787_y
29787,z,28,56,444,20662074c6dc,1,test,0,29787_z
30012,A,0,168,1287,ffa1ae720bd9,1,train,0,30012_A
30012,B,1,132,1013,2e89a0dacd81,1,train,0,30012_B
30012,C,2,163,1247,4a1a1347c034,1,train,0,30012_C
30012,D,3,172,1337,d568efe472b6,1,train,0,30012_D
30012,E,4,188,1411,b0bfb9458cc8,1,train,0,30012_E
30012,F,5,180,1375,4ffd2164dd37,1,train,0,30012_F
30012,G,6,214,1668,e119b537b813,1,train,0,30012_G
30012,H,7,170,1291,187440795248,1,train,0,30012_H
30012,I,8,161,1250,6ff24c3623d3,1,train,0,30012_I
30012,J,9,167,1301,1675e1e5e136,1,train,0,30012_J
30012,K,10,169,1304,260349df7a52,1,train,0,30012_K
30012,L,11,196,1523,1934d2af3358,1,train,1,30012_L
30012,M,12,187,1423,2a185b5ed96d,1,train,1,30012_M
30012,N,13,219,1716,7707f395c83d,1,train,0,30012_N
30012,O,14,173,1302,34569511a4e6,3,train,0,30012_O
30012,P,14,173,1296,34569511a4e6,3,train,0,30012_P
30012,Q,14,173,1302,34569511a4e6,3,train,0,30012_Q
30012,R,15,211,1628,ca31eddd7a4c,1,train,0,30012_R
30012,S,16,220,1722,5091ca0b2927,1,train,0,30012_S
30012,T,17,172,1326,c9fce51dcbe8,1,train,0,30012_T
30012,U,18,156,1194,509a914b5400,1,train,0,30012_U
30012,V,19,179,1361,c9b69d51d4b6,1,train,0,30012_V
30012,W,20,160,1239,3ada1f8c3950,1,train,0,30012_W
30012,X,21,161,1249,a22e0057482a,1,train,0,30012_X
30012,a,22,742,5858,38d70eb99265,1,train,0,30012_a
30012,b,23,732,5814,bc680ba4b83e,1,train,0,30012_b
30012,c,24,80,597,4734aa689bf6,1,train,0,30012_c
30012,d,25,132,1050,88812a9d2f25,1,train,0,30012_d
30012,e,26,63,507,180faf8dab8d,1,train,0,30012_e
30012,f,27,162,1223,203f3e4b8df9,1,train,0,30012_f
30012,h,28,89,676,13d8f13431f9,1,train,0,30012_h
30012,i,29,33,256,6ad09f3f6c2e,1,train,0,30012_i
30012,j,30,41,324,a1099dfc865f,1,train,0,30012_j
30012,l,31,144,1094,9ea3c2c6c4cc,1,train,0,30012_l
30012,m,32,28,198,571f9f70d70d,1,train,0,30012_m
30015,K,0,22,88,f47e43e8c42e,1,train,0,30015_K
30015,L,1,20,80,610382e12a07,1,train,0,30015_L
30015,M,2,321,2522,09525863dfc5,1,train,0,30015_M
30015,N,3,649,5083,0bd7da373dee,1,train,1,30015_N
30015,O,4,73,507,bb387d7ea204,6,train,0,30015_O
30015,P,5,76,523,9f0155b7f419,1,train,0,30015_P
30015,Q,6,74,510,ad803d03f519,4,train,0,30015_Q
30015,R,6,74,513,ad803d03f519,4,train,0,30015_R
30015,S,6,74,511,ad803d03f519,4,train,0,30015_S
30015,T,4,73,507,bb387d7ea204,6,train,0,30015_T
30015,U,4,73,507,bb387d7ea204,6,train,0,30015_U
30015,V,7,72,503,9ae02fc246c9,1,train,0,30015_V
30015,W,6,74,513,ad803d03f519,4,train,0,30015_W
30015,X,4,73,507,bb387d7ea204,6,train,0,30015_X
30015,Y,4,73,507,bb387d7ea204,6,train,0,30015_Y
30015,Z,4,73,507,bb387d7ea204,6,train,0,30015_Z
30019,A,0,382,2902,31ddda69635d,1,train,1,30019_A
30019,B,1,215,1167,54570e916f72,1,train,0,30019_B
30047,A,0,341,2765,43c652e6e9d6,1,train,0,30047_A
30047,B,1,61,476,030afe267b9a,1,train,0,30047_B
30047,C,2,126,961,90dc4e3d7b0c,1,train,0,30047_C
30047,D,3,57,436,9b808b5d658e,1,train,0,30047_D
30047,E,4,338,2595,edee59cbca1d,1,train,1,30047_E
30047,F,5,216,1803,70f2240dba45,1,train,0,30047_F
30074,A,0,182,1382,7e8fcc7139b1,1,train,0,30074_A
30074,B,1,238,1687,a08fa29a4f28,1,train,1,30074_B
30078,A,0,74,599,f92acf8b3492,2,test,0,30078_A
30078,B,1,76,610,2d220165bb63,2,test,1,30078_B
30078,C,2,90,705,ba6a8242238d,2,test,0,30078_C
30078,D,3,88,685,01bd4764777b,2,test,0,30078_D
30078,E,0,74,599,f92acf8b3492,2,test,0,30078_E
30078,F,1,76,610,2d220165bb63,2,test,0,30078_F
30078,G,2,90,705,ba6a8242238d,2,test,0,30078_G
30078,H,3,88,685,01bd4764777b,2,test,0,30078_H
30080,A,0,139,1128,c0b37f3ae4ab,1,train,0,30080_A
30080,B,1,28,240,a7752506452e,1,train,0,30080_B
30080,E,2,49,390,ff513419e165,1,train,0,30080_E
30080,S,3,420,3258,66fcea382cf5,1,train,0,30080_S
30080,T,4,491,3887,7a9b5401eeea,1,train,1,30080_T
30093,A,0,585,4482,c37b153042b7,1,train,1,30093_A
30093,B,1,670,5208,6d15c36e6396,1,train,0,30093_B
30093,C,2,104,825,270487d6db63,1,train,0,30093_C
30130,A,0,265,2025,fcfc0fc6aca2,1,train,1,30130_A
30178,A,0,915,7376,c7adefa0d27e,1,train,0,30178_A
30178,B,1,126,983,8d8b5d59e8d7,1,train,1,30178_B
30178,C,2,68,519,bcbc9bf716c0,1,train,0,30178_C
30178,D,3,104,805,6aa71a67ed7f,1,train,0,30178_D
30221,A,0,225,1834,e017ff4ee594,1,train,1,30221_A
30221,B,1,340,2591,f7900bcab8f4,1,train,0,30221_B
30221,G,2,58,438,e83a9e12c2ee,1,train,0,30221_G
30221,N,3,128,970,a02c374db11e,1,train,0,30221_N
30221,R,4,280,2113,d91c5584d38b,1,train,0,30221_R
30245,A,0,354,2872,4f13e5dfcdd1,4,test,1,30245_A
30245,B,1,146,1151,a4356d698c11,4,test,0,30245_B
30245,C,0,354,2872,4f13e5dfcdd1,4,test,0,30245_C
30245,D,1,146,1151,a4356d698c11,4,test,0,30245_D
30245,E,0,354,2872,4f13e5dfcdd1,4,test,0,30245_E
30245,F,1,146,1151,a4356d698c11,4,test,0,30245_F
30245,G,0,354,2872,4f13e5dfcdd1,4,test,0,30245_G
30245,H,1,146,1151,a4356d698c11,4,test,0,30245_H
30249,A,0,198,1561,eac085e3fa58,1,train,0,30249_A
30249,B,1,331,2453,cced86106fe2,1,train,1,30249_B
30249,G,2,37,246,76e576e00e59,1,train,0,30249_G
30249,N,3,127,956,7444d1510531,1,train,0,30249_N
30249,R,4,285,2152,91f4c66b89cb,1,train,0,30249_R
30253,A,0,270,2134,07266ad9783e,1,train,0,30253_A
30253,B,1,246,1902,820086962be6,1,train,1,30253_B
30253,C,2,240,1842,2b2ff349aad4,1,train,0,30253_C
30253,D,3,44,346,b52033935ea9,1,train,0,30253_D
30267,A,0,97,801,c156e0f5138e,2,test,0,30267_A
30267,B,1,83,661,30d05b67c961,2,test,1,30267_B
30267,C,2,103,796,30cb95eb46bb,2,test,1,30267_C
30267,D,3,95,745,222f12649646,2,test,0,30267_D
30267,E,4,97,799,8b752bead93b,2,test,0,30267_E
30267,F,5,78,618,d61224934de3,2,test,0,30267_F
30267,G,6,105,810,e5702791ecb2,2,test,0,30267_G
30267,H,7,93,725,488d55bc1dab,2,test,0,30267_H
30267,K,8,366,3004,f3fbd5b065e3,2,test,0,30267_K
30267,a,0,97,801,c156e0f5138e,2,test,0,30267_a
30267,b,1,83,661,30d05b67c961,2,test,0,30267_b
30267,c,2,103,796,30cb95eb46bb,2,test,0,30267_c
30267,d,3,95,745,222f12649646,2,test,0,30267_d
30267,e,4,97,799,8b752bead93b,2,test,0,30267_e
30267,f,5,78,618,d61224934de3,2,test,0,30267_f
30267,g,6,105,810,e5702791ecb2,2,test,0,30267_g
30267,h,7,93,725,488d55bc1dab,2,test,0,30267_h
30267,k,8,366,3004,f3fbd5b065e3,2,test,0,30267_k
30285,A,0,374,3048,9850ea210569,1,val,0,30285_A
30285,B,1,395,3250,fffa9197baa6,1,val,0,30285_B
30285,C,2,154,1266,bf9193c442dc,1,val,0,30285_C
30285,D,3,421,3445,6b3d895c1f5b,1,val,0,30285_D
30285,E,4,288,2355,f55b511cc530,1,val,0,30285_E
30285,F,5,383,3134,750c7fd6934f,1,val,0,30285_F
30285,H,6,242,1966,b2eb840a925b,1,val,0,30285_H
30285,I,7,524,4242,1323ca5fd190,1,val,0,30285_I
30285,J,8,53,482,87719e7ac18f,1,val,0,30285_J
30285,K,9,387,3111,184ef74b7537,1,val,0,30285_K
30285,L,10,392,3160,2b78cfa48222,1,val,1,30285_L
30300,A,0,678,5406,1b90e499d30e,1,test,0,30300_A
30300,B,1,669,5322,aa9baba984b7,1,test,1,30300_B
30307,A,0,230,1787,8948667a11a0,1,test,0,30307_A
30307,B,1,226,1755,db73a14e3bef,1,test,0,30307_B
30307,C,2,1340,10569,cd97f7a258c4,1,test,0,30307_C
30307,D,3,1343,10368,ba3a7d805a0e,1,test,0,30307_D
30307,E,4,79,627,cf637ce9517d,1,test,1,30307_E
30307,F,5,472,3845,ddb2e4ff5c42,1,test,0,30307_F
30307,I,6,206,1663,35ba29743c2a,1,test,0,30307_I
30307,J,7,201,1629,038b8ba9555b,1,test,0,30307_J
30307,K,8,67,518,f9ea6e307ef6,1,test,0,30307_K
30318,A,0,276,2211,7b1293cacb59,1,test,1,30318_A
30318,B,1,251,1949,1098b89b48bd,1,test,0,30318_B
30318,C,2,238,1836,cee326180e59,1,test,0,30318_C
30318,D,3,57,449,422080298710,1,test,0,30318_D
30318,E,4,263,2069,49f7219a6aae,1,test,0,30318_E
30318,F,5,99,829,3c7486ad1c1e,1,test,0,30318_F
30327,A,0,277,2131,4184c1cd710d,1,test,0,30327_A
30327,B,1,273,2065,529748ace078,1,test,1,30327_B
30327,C,2,384,2913,df20fde328be,2,test,0,30327_C
30327,D,2,384,2917,df20fde328be,2,test,0,30327_D
30333,A,0,1028,8029,0f7a3cb4886a,3,test,0,30333_A
30333,B,0,1028,8033,0f7a3cb4886a,3,test,0,30333_B
30333,C,0,1028,8033,0f7a3cb4886a,3,test,0,30333_C
30333,D,1,107,837,784fc79d36c3,3,test,1,30333_D
30333,E,2,122,939,3b81bf9dae5f,3,test,0,30333_E
30333,F,1,107,837,784fc79d36c3,3,test,0,30333_F
30333,G,2,122,939,3b81bf9dae5f,3,test,0,30333_G
30333,H,1,107,837,784fc79d36c3,3,test,0,30333_H
30333,I,2,122,939,3b81bf9dae5f,3,test,0,30333_I
30339,A,0,95,784,5f29f3664235,1,test,0,30339_A
30339,B,1,79,627,3756e5eaa66a,1,test,1,30339_B
30339,C,2,102,787,4ebc463b40b1,1,test,0,30339_C
30339,D,3,92,720,2315907db283,1,test,0,30339_D
30339,E,4,98,807,4e968f7439cb,1,test,0,30339_E
30339,F,5,79,633,516c881e497b,1,test,0,30339_F
30339,G,6,102,789,da1e0f481014,1,test,0,30339_G
30339,H,7,93,725,488d55bc1dab,1,test,0,30339_H
30339,K,8,361,2958,b29b467babd7,1,test,0,30339_K
30342,A,0,553,4308,f6b14754792c,1,train,0,30342_A
30342,B,1,427,3320,d5ad468ca9d1,1,train,0,30342_B
30342,C,2,574,4412,34ab27f6e708,1,train,1,30342_C
30342,D,3,47,390,a9e01ab7daa5,1,train,0,30342_D
30342,E,4,44,357,d2560c22f43d,1,train,0,30342_E
30342,F,5,171,1354,6129aa34f75e,1,train,0,30342_F
30342,G,6,160,1252,dc86901b5fe1,1,train,0,30342_G
30342,H,7,122,954,33876cf23939,1,train,0,30342_H
30342,I,8,140,1080,27d15095a8de,1,train,0,30342_I
30345,A,0,232,1914,35ab02548b22,1,train,0,30345_A
30345,B,1,339,2587,9dd9fa15a083,1,train,0,30345_B
30345,G,2,58,438,e83a9e12c2ee,1,train,0,30345_G
30345,N,3,128,970,a02c374db11e,1,train,1,30345_N
30345,R,4,274,2070,627c0b2de5b5,1,train,0,30345_R
30355,A,0,257,1934,ccffcab584b2,2,train,0,30355_A
30355,B,1,263,1996,9be5c7e9728b,2,train,1,30355_B
30355,C,2,94,724,080196c2d58f,2,train,0,30355_C
30355,D,0,257,1934,ccffcab584b2,2,train,0,30355_D
30355,E,1,263,1996,9be5c7e9728b,2,train,0,30355_E
30355,F,2,94,724,080196c2d58f,2,train,0,30355_F
30355,G,3,144,1105,8724ef9d2404,6,train,0,30355_G
30355,H,3,144,1105,8724ef9d2404,6,train,0,30355_H
30355,I,3,144,1033,8724ef9d2404,6,train,0,30355_I
30355,J,3,144,1105,8724ef9d2404,6,train,0,30355_J
30355,K,3,144,1105,8724ef9d2404,6,train,0,30355_K
30355,L,3,144,1033,8724ef9d2404,6,train,0,30355_L
30369,A,0,248,1871,aee56bf4da69,2,train,0,30369_A
30369,B,0,248,1871,aee56bf4da69,2,train,0,30369_B
30369,C,1,265,2006,0401861e4982,2,train,1,30369_C
30369,D,1,265,2006,0401861e4982,2,train,0,30369_D
30369,E,2,94,722,1e37d3e95665,2,train,0,30369_E
30369,F,2,94,722,1e37d3e95665,2,train,0,30369_F
30376,A,0,230,1787,8948667a11a0,1,test,0,30376_A
30376,B,1,228,1767,e904399fef9c,1,test,0,30376_B
30376,C,2,1339,10561,a8676d7adae2,1,test,0,30376_C
30376,D,3,1343,10363,f605742f6e80,1,test,0,30376_D
30376,E,4,76,606,03550d5731fb,1,test,1,30376_E
30376,F,5,472,3845,ddb2e4ff5c42,1,test,0,30376_F
30376,K,6,67,517,f9ea6e307ef6,1,test,0,30376_K
30395,A,0,236,1906,13db77dcc8e9,1,train,0,30395_A
30395,B,1,340,2587,f7900bcab8f4,1,train,0,30395_B
30395,G,2,58,438,e83a9e12c2ee,1,train,0,30395_G
30395,N,3,128,970,a02c374db11e,1,train,1,30395_N
30395,R,4,275,2163,3e9fa89695c3,1,train,0,30395_R
30410,A,0,225,1813,323cd448ea06,1,train,0,30410_A
30410,B,1,337,2592,8df83f5d932c,1,train,1,30410_B
30410,C,2,58,447,086349d0e3dd,1,train,0,30410_C
30410,E,3,231,1777,5750501f080a,1,train,0,30410_E
30410,R,4,272,2128,58826391e6f1,1,train,0,30410_R
30453,B,0,82,653,860fc5991ef2,1,train,0,30453_B
30453,C,1,109,833,a9faa0cb2b5b,1,train,0,30453_C
30453,D,2,95,742,1b06fc53e850,1,train,0,30453_D
30453,E,3,96,787,91a6d70eae48,1,train,1,30453_E
30453,F,4,86,672,6b7be9b926ea,1,train,0,30453_F
30453,G,5,110,846,94b0a9252572,1,train,0,30453_G
30453,H,6,97,766,66d0cbe67fd1,1,train,0,30453_H
30453,I,7,219,1731,e62795ae1be8,1,train,0,30453_I
30453,M,8,100,809,67ab0f49fe5e,1,train,0,30453_M
30469,A,0,826,6610,467c9e33b438,1,train,0,30469_A
30469,B,1,114,856,38ba358b2f97,1,train,0,30469_B
30469,C,2,63,470,0272d8ba6799,1,train,1,30469_C
30469,D,3,28,221,03c867efc213,1,train,0,30469_D
30471,A,0,659,5230,b0f095a82c9d,1,test,0,30471_A
30471,B,1,259,2027,80d8f13ca004,1,test,0,30471_B
30471,C,2,184,1440,abbf56abd286,1,test,0,30471_C
30471,D,3,97,753,05953b50e339,1,test,1,30471_D
30484,A,0,1072,8348,e80ceb9b0562,2,train,0,30484_A
30484,B,1,1070,8339,f820b162db2d,1,train,0,30484_B
30484,C,0,1072,8351,e80ceb9b0562,2,train,0,30484_C
30484,D,2,107,844,784fc79d36c3,3,train,0,30484_D
30484,E,3,122,929,3b81bf9dae5f,3,train,1,30484_E
30484,F,4,107,813,b7a68236a4ec,2,train,0,30484_F
30484,G,5,120,918,ce87403d51ba,3,train,0,30484_G
30484,H,3,122,922,3b81bf9dae5f,3,train,0,30484_H
30484,I,6,108,817,46eb581f780c,1,train,0,30484_I
30484,J,4,107,813,b7a68236a4ec,2,train,0,30484_J
30484,K,5,120,918,ce87403d51ba,3,train,0,30484_K
30484,L,5,120,918,ce87403d51ba,3,train,0,30484_L
30484,M,2,107,844,784fc79d36c3,3,train,0,30484_M
30484,N,2,107,844,784fc79d36c3,3,train,0,30484_N
30484,O,3,122,929,3b81bf9dae5f,3,train,0,30484_O
30489,A,0,228,1870,3e5c897a4b6d,1,train,0,30489_A
30489,B,1,340,2598,b5d8829582c6,1,train,0,30489_B
30489,G,2,58,438,e83a9e12c2ee,1,train,0,30489_G
30489,N,3,128,971,a02c374db11e,1,train,1,30489_N
30489,R,4,266,2027,252e8c01b87f,1,train,0,30489_R
30490,A,0,228,1870,3e5c897a4b6d,1,train,0,30490_A
30490,B,1,340,2598,b5d8829582c6,1,train,0,30490_B
30490,G,2,58,438,e83a9e12c2ee,1,train,0,30490_G
30490,N,3,128,971,a02c374db11e,1,train,1,30490_N
30490,R,4,265,2012,6a46fb7b4c5b,1,train,0,30490_R
30495,A,0,307,2584,3d2a1c96c367,2,train,1,30495_A
30495,B,0,307,2584,3d2a1c96c367,2,train,0,30495_B
30504,A,0,926,7458,eb39c829d696,1,train,0,30504_A
30504,B,1,187,1396,eec261b60e96,1,train,1,30504_B
30504,C,2,72,553,48865e03ebb9,1,train,0,30504_C
30504,D,3,186,1414,dba1539908b8,1,train,0,30504_D
30504,E,4,586,4505,35477ab830f5,1,train,0,30504_E
30504,F,5,585,4500,abef36e5681a,1,train,0,30504_F
30504,G,6,113,868,e3fa21421257,1,train,0,30504_G
30519,A,0,1006,7863,2f1fd41b96d5,1,test,0,30519_A
30519,B,1,982,7696,2b8a8da4e6bd,1,test,0,30519_B
30519,C,2,1004,7853,2df2ea08e6ca,1,test,0,30519_C
30519,H,3,230,1727,ae085bf71b77,2,test,0,30519_H
30519,J,3,230,1727,ae085bf71b77,2,test,0,30519_J
30519,L,4,214,1579,3028fb2f917f,2,test,1,30519_L
30519,N,4,214,1579,3028fb2f917f,2,test,0,30519_N
30547,A,0,334,2620,7f45d17de8fd,2,val,0,30547_A
30547,B,1,504,3969,4641e4eadd96,2,val,0,30547_B
30547,C,2,451,3486,184ad2f1b2bd,2,val,0,30547_C
30547,D,3,340,2707,c8bdf29a8313,2,val,0,30547_D
30547,E,4,81,661,e800d420360f,2,val,0,30547_E
30547,F,5,34,275,ae2f7debece4,2,val,0,30547_F
30547,H,6,63,498,842cf713a9ad,2,val,0,30547_H
30547,I,7,35,286,fff29d480fb0,2,val,0,30547_I
30547,J,8,36,257,89a6dad4d403,2,val,0,30547_J
30547,K,9,37,293,6163f518797e,2,val,0,30547_K
30547,L,10,37,304,cd61d5583063,2,val,0,30547_L
30547,M,11,32,250,1a5d93743253,2,val,0,30547_M
30547,O,12,244,1874,0f9da51f920e,2,val,1,30547_O
30547,R,13,34,273,69f1e0f2ec10,2,val,0,30547_R
30547,T,14,29,248,d1a7be909713,2,val,0,30547_T
30547,U,15,97,774,825b87f08393,2,val,0,30547_U
30547,V,16,137,1064,7e5644fece4f,2,val,0,30547_V
30547,X,17,38,281,9adfa6e179c8,2,val,0,30547_X
30547,Y,18,27,200,491909949d77,2,val,0,30547_Y
30547,Z,19,62,479,4106d606ccd9,2,val,0,30547_Z
30547,a,0,334,2620,7f45d17de8fd,2,val,0,30547_a
30547,b,1,504,3969,4641e4eadd96,2,val,0,30547_b
30547,c,2,451,3486,184ad2f1b2bd,2,val,0,30547_c
30547,d,3,340,2707,c8bdf29a8313,2,val,0,30547_d
30547,e,4,81,661,e800d420360f,2,val,0,30547_e
30547,f,5,34,275,ae2f7debece4,2,val,0,30547_f
30547,h,6,63,498,842cf713a9ad,2,val,0,30547_h
30547,i,7,35,286,fff29d480fb0,2,val,0,30547_i
30547,j,8,36,257,89a6dad4d403,2,val,0,30547_j
30547,k,9,37,293,6163f518797e,2,val,0,30547_k
30547,l,10,37,304,cd61d5583063,2,val,0,30547_l
30547,m,11,32,250,1a5d93743253,2,val,0,30547_m
30547,o,12,244,1874,0f9da51f920e,2,val,0,30547_o
30547,r,13,34,273,69f1e0f2ec10,2,val,0,30547_r
30547,t,14,29,248,d1a7be909713,2,val,0,30547_t
30547,u,15,97,774,825b87f08393,2,val,0,30547_u
30547,v,16,137,1064,7e5644fece4f,2,val,0,30547_v
30547,x,17,38,281,9adfa6e179c8,2,val,0,30547_x
30547,y,18,27,200,491909949d77,2,val,0,30547_y
30547,z,19,62,479,4106d606ccd9,2,val,0,30547_z
30559,1,0,183,1431,450c3753fac0,1,train,0,30559_1
30559,2,1,206,1617,85e1ae4a13d3,1,train,1,30559_2
30559,3,2,219,1673,e02a6b4663f4,1,train,0,30559_3
30559,4,3,45,345,db6cb9b75899,1,train,0,30559_4
30559,H,4,137,1012,7fbf5426ecde,1,train,1,30559_H
30559,L,5,108,769,a3c85f71c5bf,1,train,0,30559_L
30577,A,0,1387,10886,bc9b32cbb50f,1,train,0,30577_A
30577,B,1,1095,8668,64031f568748,1,train,0,30577_B
30577,C,2,345,2752,8985da11a758,1,train,0,30577_C
30577,D,3,126,1013,f6d214cf9789,1,train,0,30577_D
30577,E,4,210,1723,04855eb31eca,1,train,0,30577_E
30577,F,5,79,636,67aaeaf47321,1,train,0,30577_F
30577,G,6,187,1493,bbc7fd4d3672,1,train,0,30577_G
30577,H,7,149,1197,fd44f44fcba9,1,train,1,30577_H
30577,I,8,108,857,dba2974013cb,1,train,0,30577_I
30577,J,9,67,533,b83ce02a01f3,1,train,0,30577_J
30577,K,10,107,856,0119067884ff,1,train,0,30577_K
30577,L,11,47,397,ea791ea73879,1,train,0,30577_L
30577,M,12,222,1797,703f81a3f77c,1,train,0,30577_M
30577,N,13,136,1038,a9d134b026d4,1,train,0,30577_N
30577,O,14,490,3913,b9e5088fa7a1,1,train,0,30577_O
30577,P,15,139,1103,fd17cf18b5b5,1,train,0,30577_P
30577,Q,16,86,746,bf7059dabae4,1,train,0,30577_Q
30578,A,0,1386,10881,8661a5d7d24f,1,train,0,30578_A
30578,B,1,1095,8668,64031f568748,1,train,0,30578_B
30578,C,2,345,2752,8985da11a758,1,train,0,30578_C
30578,D,3,126,1013,f6d214cf9789,1,train,1,30578_D
30578,E,4,210,1723,04855eb31eca,1,train,0,30578_E
30578,F,5,79,636,67aaeaf47321,1,train,0,30578_F
30578,G,6,183,1470,3a666e957d6f,1,train,0,30578_G
30578,H,7,149,1197,fd44f44fcba9,1,train,0,30578_H
30578,I,8,108,857,dba2974013cb,1,train,0,30578_I
30578,J,9,67,533,b83ce02a01f3,1,train,0,30578_J
30578,K,10,107,856,0119067884ff,1,train,0,30578_K
30578,L,11,47,397,ea791ea73879,1,train,0,30578_L
30578,M,12,222,1797,703f81a3f77c,1,train,0,30578_M
30578,N,13,136,1038,a9d134b026d4,1,train,0,30578_N
30578,O,14,490,3913,b9e5088fa7a1,1,train,0,30578_O
30578,P,15,139,1103,fd17cf18b5b5,1,train,0,30578_P
30578,Q,16,121,1049,718f92d17fcd,1,train,0,30578_Q
30591,A,0,90,716,e83604e2114e,1,train,0,30591_A
30591,B,1,78,622,4b1a5385817b,2,train,0,30591_B
30591,C,2,95,754,7b9fce3fc6ba,2,train,0,30591_C
30591,D,3,96,743,0cc83dcd7fea,2,train,1,30591_D
30591,E,4,99,779,15921d1bea82,1,train,0,30591_E
30591,F,1,78,621,4b1a5385817b,2,train,0,30591_F
30591,G,2,95,754,7b9fce3fc6ba,2,train,0,30591_G
30591,H,3,96,743,0cc83dcd7fea,2,train,0,30591_H
30594,A,0,601,4601,617c5005e07c,1,train,1,30594_A
30594,B,1,239,1910,917dafabb5b3,1,train,0,30594_B
30594,C,2,264,2139,fd4780a2f1a8,1,train,0,30594_C
30603,A,0,215,1711,7f63a38636bf,1,train,1,30603_A
30603,B,1,338,2600,edee59cbca1d,1,train,0,30603_B
30603,G,2,56,429,90b8fae971fe,1,train,0,30603_G
30603,R,3,265,2097,56c32f2b3524,1,train,0,30603_R
30603,S,4,231,1777,5750501f080a,1,train,0,30603_S
30608,A,0,285,2097,d90f800074d6,1,test,1,30608_A
30608,B,1,336,2276,7b42d9ef1d03,1,test,0,30608_B
30608,C,2,54,328,a2e6db5cfb17,1,test,0,30608_C
30608,D,3,228,1713,c2d4c30c2b53,1,test,0,30608_D
30608,E,4,128,887,a02c374db11e,1,test,0,30608_E
30621,A,0,506,3742,a0993e2a2be3,1,train,1,30621_A
30621,B,1,569,4368,a0e9da522428,1,train,0,30621_B
30627,A,0,219,1764,c8d4613e094f,1,train,1,30627_A
30627,B,1,336,2584,7b42d9ef1d03,1,train,0,30627_B
30627,C,2,53,407,08d2598d7431,1,train,0,30627_C
30627,D,3,276,2210,9d7ff2174101,1,train,0,30627_D
30627,E,4,232,1783,b1b46e319a8c,1,train,0,30627_E
30676,1,0,317,2500,9d346086279e,1,train,0,30676_1
30676,2,1,344,2582,4063bdb62e08,1,train,0,30676_2
30676,3,2,112,864,a3a480fbc4df,1,train,0,30676_3
30676,4,3,458,3439,2b1a47317a4d,1,train,0,30676_4
30676,5,4,96,697,a1280c6af595,1,train,0,30676_5
30676,6,5,606,4765,55b974f88f74,1,train,1,30676_6
30676,7,6,172,1186,18114e66daa1,1,train,0,30676_7
30676,8,7,427,2965,0d1f9a792d0b,1,train,0,30676_8
30676,9,8,207,1535,5a9fd3db3d20,1,train,1,30676_9
30676,A,9,688,5183,a3dbeb238c27,1,train,0,30676_A
30676,B,10,430,3410,32073d049967,1,train,0,30676_B
30676,C,11,208,1705,ce26fc69d8af,1,train,0,30676_C
30676,D,12,152,1200,a834657c9655,1,train,0,30676_D
30676,E,13,176,1388,776739802a88,1,train,0,30676_E
30676,F,14,28,183,beead785f18c,1,train,0,30676_F
30676,G,15,123,981,31dd1bf463d9,1,train,0,30676_G
30676,H,16,96,780,006f6c4f97eb,1,train,0,30676_H
30676,I,17,71,530,7ea2e252e2c3,1,train,0,30676_I
30676,J,18,69,530,a9b8f67b83cf,1,train,0,30676_J
30676,K,19,84,652,08de070a7c59,1,train,0,30676_K
30676,L,20,80,602,7436ce2c4d55,1,train,0,30676_L
30676,M,21,80,642,81bc8a629f9f,1,train,0,30676_M
30676,N,22,111,862,935971f29ec4,1,train,0,30676_N
30676,O,23,114,925,30ec0b9ffe16,1,train,0,30676_O
30676,P,24,90,698,852245b94a5a,1,train,0,30676_P
30676,Q,25,168,1345,73636d760d5e,1,train,0,30676_Q
30676,R,26,319,2407,11f72a9e2c99,1,train,0,30676_R
30676,S,27,319,2299,4afc2b2dbc3b,1,train,0,30676_S
30676,T,28,138,942,0a029f29ebf6,1,train,0,30676_T
30676,U,29,132,1019,8b67aad9498b,1,train,1,30676_U
30676,V,30,138,1093,e80f067c31f9,1,train,0,30676_V
30676,W,31,86,616,6eaef219714e,1,train,0,30676_W
30676,X,32,49,372,5bf0c46c54f2,1,train,0,30676_X
30676,Y,33,57,409,764d20746cb7,1,train,0,30676_Y
30676,Z,34,74,493,986e2c58dd35,1,train,0,30676_Z
30676,a,35,114,857,f27ebb519c81,1,train,0,30676_a
30676,b,36,139,1032,d57a08b25678,1,train,0,30676_b
30676,c,37,90,617,f9022d6651fb,1,train,0,30676_c
30676,d,38,107,708,be6e8f32708d,1,train,0,30676_d
30676,e,39,141,864,e377740b6ed5,1,train,0,30676_e
30676,f,40,167,1156,30ef60814e09,1,train,0,30676_f
30676,g,41,173,1351,f7ee38ee8e2d,1,train,0,30676_g
30676,h,42,91,721,ba10b3e55d96,1,train,0,30676_h
30676,i,43,38,277,b5d25839c2a5,1,train,0,30676_i
30676,j,44,113,892,29b5730184c8,1,train,0,30676_j
30702,A,0,1058,8280,4e0bafe978a2,3,train,0,30702_A
30702,B,0,1058,8280,4e0bafe978a2,3,train,0,30702_B
30702,C,0,1058,8280,4e0bafe978a2,3,train,0,30702_C
30702,a,1,214,1603,81ac6f0004d0,3,train,1,30702_a
30702,b,2,218,1686,c2117241d225,3,train,0,30702_b
30702,c,1,214,1603,81ac6f0004d0,3,train,0,30702_c
30702,d,2,218,1686,c2117241d225,3,train,0,30702_d
30702,e,1,214,1603,81ac6f0004d0,3,train,0,30702_e
30702,f,2,218,1686,c2117241d225,3,train,0,30702_f
30779,A,0,1293,10152,a072e5fdd23c,1,train,0,30779_A
30779,B,1,1044,8254,0f010e6e3da5,1,train,0,30779_B
30779,C,2,330,2641,a90093ee0fa7,1,train,0,30779_C
30779,D,3,122,985,7f974a877eff,1,train,0,30779_D
30779,E,4,194,1590,aba2525ce1fc,1,train,1,30779_E
30779,F,5,76,610,1357ca1de022,1,train,0,30779_F
30779,G,6,166,1337,e10261264d79,1,train,0,30779_G
30779,H,7,122,1002,009803d998dd,1,train,0,30779_H
30779,I,8,58,393,495710d5acb4,1,train,0,30779_I
30779,J,9,64,507,e09218bc750e,1,train,0,30779_J
30779,K,10,103,822,2f7e68c4f070,1,train,0,30779_K
30779,L,11,44,372,1c0e28897b27,1,train,0,30779_L
30779,M,12,154,1272,d00c82273364,1,train,0,30779_M
30779,N,13,92,697,30af1856b312,1,train,0,30779_N
30779,O,14,443,3546,6ca9c75a2d77,1,train,0,30779_O
30779,P,15,130,1008,b2d5682318eb,1,train,0,30779_P
30779,Q,16,86,724,d2b72b559057,1,train,0,30779_Q
30790,A,0,571,4482,3fdaece6e8f9,1,train,1,30790_A
30790,B,1,575,4516,50b351155962,1,train,0,30790_B
30806,1,0,217,1739,87fa648a15b5,1,train,0,30806_1
30806,2,1,233,1810,e9ac506aee70,1,train,1,30806_2
30806,3,2,232,1790,45dc28f874e0,1,train,0,30806_3
30812,1,0,267,2117,b5f059011c1b,1,train,0,30812_1
30812,2,1,252,1957,23fd4bf3b727,1,train,0,30812_2
30812,3,2,237,1837,1eefa527853f,1,train,0,30812_3
30812,4,3,50,400,b23ac6ac4f86,1,train,0,30812_4
30812,K,4,111,868,f40fcbbe6171,1,train,1,30812_K
30820,A,0,739,5803,4ae6e2febd6f,1,train,1,30820_A
30820,B,1,706,5622,c43cda9d0cd1,1,train,0,30820_B
30820,C,2,80,601,d8672b8ce39b,1,train,0,30820_C
30820,D,3,139,1082,a45a84c6fac9,1,train,0,30820_D
30820,E,4,62,508,d55070e5e43e,1,train,0,30820_E
30820,F,5,161,1255,bd0363e50280,1,train,0,30820_F
30820,I,6,30,228,45a76f9c1cdc,1,train,0,30820_I
30820,J,7,37,292,2a9fa42bc727,1,train,0,30820_J
30820,K,8,57,403,d87023862e1b,1,train,0,30820_K
30820,L,9,131,965,2f5130e5ef4e,1,train,0,30820_L
30820,M,10,29,215,bc8dc1270b1e,1,train,0,30820_M
30825,1,0,219,1611,ca9d436c7952,2,train,0,30825_1
30825,2,1,201,1561,8b76fbe8614a,2,train,0,30825_2
30825,A,2,232,1824,fbc39a2780cc,2,train,0,30825_A
30825,B,3,234,1790,51bdf9c20878,2,train,0,30825_B
30825,C,4,235,1846,4245f2ef080d,2,train,0,30825_C
30825,D,5,240,1879,061ad83c62cf,2,train,0,30825_D
30825,E,6,244,1903,28a50fa6ed05,1,train,0,30825_E
30825,F,7,231,1804,98ce988907fa,1,train,0,30825_F
30825,G,8,246,1936,f57cfd929279,2,train,0,30825_G
30825,H,9,204,1594,3fd01ac2479b,2,train,1,30825_H
30825,I,10,198,1593,61777bed269c,1,train,0,30825_I
30825,J,11,213,1645,91f973c6a5b2,2,train,0,30825_J
30825,K,12,216,1685,b23462249c71,1,train,0,30825_K
30825,L,13,243,1892,feb3ae955662,1,train,0,30825_L
30825,M,14,229,1790,a05e54cdeb44,1,train,0,30825_M
30825,N,8,246,1936,f57cfd929279,2,train,0,30825_N
30825,O,2,232,1824,fbc39a2780cc,2,train,0,30825_O
30825,P,3,234,1790,51bdf9c20878,2,train,0,30825_P
30825,Q,4,235,1846,4245f2ef080d,2,train,0,30825_Q
30825,R,5,240,1879,061ad83c62cf,2,train,0,30825_R
30825,S,9,204,1594,3fd01ac2479b,2,train,0,30825_S
30825,T,15,197,1584,a079182d872c,1,train,0,30825_T
30825,U,11,213,1645,91f973c6a5b2,2,train,0,30825_U
30825,V,16,216,1682,6fed0321d814,1,train,0,30825_V
30825,W,17,199,1499,0e0df73b525f,2,train,0,30825_W
30825,X,0,219,1611,ca9d436c7952,2,train,0,30825_X
30825,Y,1,201,1561,8b76fbe8614a,2,train,0,30825_Y
30825,Z,17,199,1500,0e0df73b525f,2,train,0,30825_Z
30853,A,0,779,5474,57c9d1515ed6,2,train,1,30853_A
30853,B,0,779,5474,57c9d1515ed6,2,train,0,30853_B
30875,0,0,100,770,5d9ce5055b00,1,train,0,30875_0
30875,1,1,985,7869,d0641b44529e,1,train,0,30875_1
30875,2,2,216,1674,d4e522c84079,1,train,0,30875_2
30875,3,3,1192,9341,88b1129609a8,1,train,0,30875_3
30875,4,4,78,383,4f1246b4d5dc,1,train,0,30875_4
30875,5,5,109,906,ae4bfeecc21f,1,train,0,30875_5
30875,6,6,105,811,5ebd2a1db034,1,train,1,30875_6
30875,7,7,81,669,bb0dedd484fb,1,train,0,30875_7
30875,8,8,126,1011,d43481977330,1,train,0,30875_8
30875,9,9,409,2691,839cd83440e6,1,train,0,30875_9
30875,A,10,2223,18354,dbf99b3bc44c,1,train,0,30875_A
30875,C,11,901,7117,82094b5c4bbb,1,train,0,30875_C
30875,D,12,1803,9215,f3b193b9ff59,1,train,0,30875_D
30875,E,13,298,2331,6a201c017b01,1,train,0,30875_E
30875,I,14,128,1062,cea75f7b31ff,1,train,0,30875_I
30875,J,15,522,3457,2e2b2fd810c3,1,train,0,30875_J
30875,K,16,188,1314,8d9dce7c81ea,1,train,0,30875_K
30875,L,17,101,843,513a83580014,1,train,0,30875_L
30875,M,18,191,1572,cea35b9a8d73,1,train,0,30875_M
30875,P,19,44,384,821847bd0232,1,train,0,30875_P
30875,R,20,241,1923,32b3f850eb60,1,train,0,30875_R
30875,T,21,320,2507,5e3a6c789c26,1,train,0,30875_T
30875,U,22,26,193,1dfcc0d6f5f4,1,train,0,30875_U
30875,V,23,468,3008,841dec95d61b,1,train,0,30875_V
30875,X,24,156,1271,2d5015d2072e,1,train,0,30875_X
30875,Y,25,140,1095,932542e21b75,1,train,0,30875_Y
30875,Z,26,140,1129,4633a2853db3,1,train,0,30875_Z
30875,a,27,81,399,4e74a62e59c7,1,train,0,30875_a
30875,b,28,82,405,59a17413a531,1,train,0,30875_b
30875,c,29,82,406,bb381825f668,2,train,0,30875_c
30875,d,30,97,480,bd83d8171beb,1,train,1,30875_d
30875,e,31,79,391,2c801a089dbe,2,train,0,30875_e
30875,f,32,74,361,f5177eced929,2,train,0,30875_f
30875,g,33,74,363,f3dddef7a633,1,train,0,30875_g
30875,h,34,79,389,269a2220a8ac,1,train,0,30875_h
30875,i,35,86,422,5abbfa7c3679,1,train,0,30875_i
30875,j,29,82,406,bb381825f668,2,train,0,30875_j
30875,k,36,85,422,3f35a16ae29c,1,train,0,30875_k
30875,l,31,79,391,2c801a089dbe,2,train,0,30875_l
30875,m,32,74,361,f5177eced929,2,train,0,30875_m
30875,n,37,68,334,2ddbb0f90d1f,1,train,0,30875_n
30875,v,38,119,963,aeeeb80a8037,1,train,0,30875_v
30875,x,39,599,3007,ecf9a14c74aa,1,train,0,30875_x
30875,z,40,177,1400,40d2b713540d,1,train,0,30875_z
30926,1,0,194,1444,a30ae0e920ca,2,train,0,30926_1
30926,2,1,217,1682,aea22685e45c,1,train,1,30926_2
30926,3,2,219,1673,c02273a5470c,1,train,0,30926_3
30926,4,3,210,1631,8fca03231b7b,1,train,0,30926_4
30926,5,4,227,1774,846621fc2524,1,train,0,30926_5
30926,6,5,230,1771,1825271bf7fb,1,train,0,30926_6
30926,7,6,213,1649,d578c13671e8,1,train,0,30926_7
30926,8,7,216,1641,5af6e01581be,1,train,0,30926_8
30926,9,8,183,1403,541ec202033c,1,train,0,30926_9
30926,A,9,741,5819,4ddc39779f71,1,train,0,30926_A
30926,B,10,733,5824,401c381231e3,1,train,0,30926_B
30926,C,11,80,600,6cb3e2510041,1,train,0,30926_C
30926,D,12,143,1124,07715a5a0d07,1,train,0,30926_D
30926,E,13,63,496,3dbd74356bb4,1,train,0,30926_E
30926,F,14,165,1265,0033f7d603f3,1,train,0,30926_F
30926,G,15,94,699,4e4c4cb36849,1,train,0,30926_G
30926,H,16,100,776,709b81587a1b,1,train,0,30926_H
30926,I,17,42,316,f5f915a45a4d,1,train,0,30926_I
30926,J,18,41,337,1d693f101cbc,1,train,0,30926_J
30926,K,19,86,582,a98111dd25ac,1,train,0,30926_K
30926,L,20,159,1161,118600d73807,1,train,0,30926_L
30926,O,21,97,758,908db3488771,1,train,0,30926_O
30926,U,22,219,1669,5608083271cf,1,train,0,30926_U
30926,V,23,237,1804,7521a914b731,1,train,0,30926_V
30926,W,24,220,1671,4a1195b9a4d6,1,train,0,30926_W
30926,X,25,221,1680,da938c935796,1,train,0,30926_X
30926,Y,26,219,1675,f522458b0548,1,train,0,30926_Y
30926,Z,27,221,1684,fd1b0aa62aab,1,train,0,30926_Z
30926,a,0,194,1444,a30ae0e920ca,2,train,0,30926_a
30943,A,0,378,2912,92c0a834d7f3,2,val,0,30943_A
30943,B,1,524,4130,73f44ebd962b,2,val,1,30943_B
30943,C,2,218,1487,08bef3b76f05,1,val,0,30943_C
30943,D,3,76,607,9048ae59cae5,1,val,0,30943_D
30943,E,4,276,2191,c12c23cf3fd0,1,val,0,30943_E
30943,F,5,552,4373,e7babe2d5f8a,2,val,1,30943_F
30943,G,6,186,1455,0e48cadf2860,1,val,0,30943_G
30943,H,7,139,1071,0dbc16b86d61,2,val,0,30943_H
30943,I,8,67,500,f30b2d9e59a0,2,val,0,30943_I
30943,J,9,145,1026,7a762b579cb2,2,val,0,30943_J
30943,M,0,378,2924,92c0a834d7f3,2,val,0,30943_M
30943,N,1,524,4118,73f44ebd962b,2,val,0,30943_N
30943,O,10,213,1458,3179e852d8c8,1,val,0,30943_O
30943,P,11,75,597,3e8a6441425d,1,val,0,30943_P
30943,Q,12,283,2236,4999c0b8251c,1,val,0,30943_Q
30943,R,5,552,4373,e7babe2d5f8a,2,val,0,30943_R
30943,S,13,185,1449,b5908c7fe6ae,1,val,0,30943_S
30943,T,7,139,1068,0dbc16b86d61,2,val,0,30943_T
30943,U,8,67,499,f30b2d9e59a0,2,val,0,30943_U
30943,V,9,145,1029,7a762b579cb2,2,val,0,30943_V
30945,A,0,378,2943,92c0a834d7f3,2,test,0,30945_A
30945,B,1,524,4140,73f44ebd962b,2,test,0,30945_B
30945,C,2,218,1584,08bef3b76f05,1,test,1,30945_C
30945,D,3,76,605,9048ae59cae5,1,test,0,30945_D
30945,E,4,276,2191,c12c23cf3fd0,1,test,0,30945_E
30945,F,5,552,4373,e7babe2d5f8a,2,test,0,30945_F
30945,G,6,186,1455,0e48cadf2860,1,test,0,30945_G
30945,H,7,139,1077,0dbc16b86d61,2,test,0,30945_H
30945,I,8,67,507,f30b2d9e59a0,2,test,0,30945_I
30945,J,9,145,1041,7a762b579cb2,2,test,0,30945_J
30945,M,0,378,2943,92c0a834d7f3,2,test,0,30945_M
30945,N,1,524,4140,73f44ebd962b,2,test,0,30945_N
30945,O,10,223,1621,3975311d1b89,1,test,0,30945_O
30945,P,11,75,597,3e8a6441425d,1,test,0,30945_P
30945,Q,12,283,2242,4999c0b8251c,1,test,0,30945_Q
30945,R,5,552,4373,e7babe2d5f8a,2,test,0,30945_R
30945,S,13,185,1449,b5908c7fe6ae,1,test,0,30945_S
30945,T,7,139,1077,0dbc16b86d61,2,test,0,30945_T
30945,U,8,67,507,f30b2d9e59a0,2,test,0,30945_U
30945,V,9,145,1041,7a762b579cb2,2,test,0,30945_V
30982,A,0,990,7591,0e5dd2128a92,3,train,0,30982_A
30982,B,0,990,7571,0e5dd2128a92,3,train,0,30982_B
30982,C,0,990,7577,0e5dd2128a92,3,train,0,30982_C
30982,D,1,221,1570,1286d8298b88,3,train,1,30982_D
30982,E,2,215,1594,5d2b0c114fa6,3,train,0,30982_E
30982,F,1,221,1570,1286d8298b88,3,train,0,30982_F
30982,G,2,215,1594,5d2b0c114fa6,3,train,0,30982_G
30982,H,1,221,1570,1286d8298b88,3,train,0,30982_H
30982,L,2,215,1594,5d2b0c114fa6,3,train,0,30982_L
30994,A,0,1072,8366,b4525bf34580,3,test,0,30994_A
30994,B,0,1072,8334,b4525bf34580,3,test,0,30994_B
30994,C,0,1072,8354,b4525bf34580,3,test,0,30994_C
30994,D,1,105,704,5a98317982ed,2,test,0,30994_D
30994,E,2,120,903,f99ec5056f55,2,test,0,30994_E
30994,H,1,105,704,5a98317982ed,2,test,0,30994_H
30994,I,3,120,912,ce87403d51ba,2,test,0,30994_I
30994,J,3,120,912,ce87403d51ba,2,test,0,30994_J
30994,K,4,108,817,46eb581f780c,2,test,0,30994_K
30994,L,2,120,903,f99ec5056f55,2,test,0,30994_L
30994,N,5,109,788,0f160508d670,3,test,0,30994_N
30994,O,6,110,806,fce8f2e38cda,1,test,1,30994_O
30994,P,7,120,927,5ffe0468d5a4,3,test,0,30994_P
30994,Q,5,109,788,0f160508d670,3,test,0,30994_Q
30994,R,8,119,899,7e3a478f7b51,1,test,0,30994_R
30994,S,5,109,788,0f160508d670,3,test,0,30994_S
30994,T,4,108,817,46eb581f780c,2,test,0,30994_T
30994,U,7,120,927,5ffe0468d5a4,3,test,0,30994_U
30994,V,7,120,931,5ffe0468d5a4,3,test,0,30994_V
31016,A,0,460,3683,33f7298d8856,2,train,1,31016_A
31016,B,1,459,3675,95955040fafe,2,train,0,31016_B
31016,C,0,460,3683,33f7298d8856,2,train,0,31016_C
31016,D,1,459,3675,95955040fafe,2,train,0,31016_D
31016,E,2,177,1466,6af0cbed41b2,2,train,0,31016_E
31016,F,3,176,1459,34cde689f407,2,train,1,31016_F
31016,G,2,177,1466,6af0cbed41b2,2,train,0,31016_G
31016,H,3,176,1459,34cde689f407,2,train,0,31016_H
31016,I,4,31,211,1c64189cdc34,2,train,0,31016_I
31016,J,5,28,196,7f2c96fd717d,2,train,0,31016_J
31016,K,4,31,211,1c64189cdc34,2,train,0,31016_K
31016,L,5,28,196,7f2c96fd717d,2,train,0,31016_L
31035,B,0,195,1543,e46037301e96,1,test,0,31035_B
31035,H,1,226,1668,5ad274f355a2,1,test,0,31035_H
31035,L,2,218,1673,d05b41246e53,1,test,1,31035_L
31043,1,0,231,1849,a9c69270e7f7,1,test,1,31043_1
31043,2,1,250,1965,8ac5c3c6d90c,1,test,1,31043_2
31043,3,2,229,1782,b9f7862fb9a6,1,test,0,31043_3
31046,A,0,283,2240,7c31381dac76,1,train,0,31046_A
31046,B,1,251,1967,a833ace4cf9c,1,train,0,31046_B
31046,C,2,238,1842,18b2f10c88a7,1,train,1,31046_C
31046,D,3,57,444,b220b6135f9e,1,train,0,31046_D
31046,F,4,112,859,0d681267a18e,1,train,0,31046_F
31046,L,5,115,903,4402e8d144fd,1,train,0,31046_L
31049,A,0,352,2820,2e30d42e80b2,1,train,0,31049_A
31049,B,1,339,2607,9dd9fa15a083,1,train,0,31049_B
31049,C,2,678,5406,1b90e499d30e,1,train,0,31049_C
31049,D,3,680,5414,c8424818e9da,1,train,0,31049_D
31049,N,4,231,1777,5750501f080a,1,train,1,31049_N
31049,Y,5,57,436,9b808b5d658e,1,train,0,31049_Y
31055,A,0,278,2183,4462f4d354b0,1,train,0,31055_A
31055,B,1,239,1882,f0cb2106ce64,1,train,0,31055_B
31055,C,2,247,1895,8e4207164463,1,train,1,31055_C
31055,D,3,36,284,3b975b5cfc40,1,train,0,31055_D
31055,E,4,119,911,0699cd96837b,1,train,0,31055_E
31055,F,5,108,828,b4513b41aa9f,1,train,0,31055_F
31058,A,0,424,2065,e1ac64ee63bb,1,train,0,31058_A
31058,B,1,305,2368,7030409ee3b1,1,train,1,31058_B
31058,C,2,293,2265,d393b7124a5f,1,train,0,31058_C
31058,D,3,333,2548,c73d4a84c0ff,2,train,0,31058_D
31058,E,4,334,2560,d9f05d923d1d,1,train,0,31058_E
31058,F,5,335,2574,51ddd732d125,1,train,0,31058_F
31058,G,3,333,2560,c73d4a84c0ff,2,train,0,31058_G
31058,H,6,331,2547,dfddbd18aa01,1,train,0,31058_H
31058,I,7,124,992,019557aae301,2,train,0,31058_I
31058,J,7,124,979,019557aae301,2,train,0,31058_J
31058,L,8,185,1420,d95b5173eed2,1,train,0,31058_L
31059,A,0,424,2251,e1ac64ee63bb,1,train,0,31059_A
31059,B,1,305,2364,7030409ee3b1,1,train,0,31059_B
31059,C,2,293,2264,d393b7124a5f,1,train,0,31059_C
31059,D,3,333,2554,c73d4a84c0ff,3,train,0,31059_D
31059,E,4,330,2534,1ef989208853,1,train,0,31059_E
31059,F,5,335,2569,51ddd732d125,1,train,0,31059_F
31059,G,3,333,2556,c73d4a84c0ff,3,train,0,31059_G
31059,H,3,333,2552,c73d4a84c0ff,3,train,0,31059_H
31059,I,6,124,989,019557aae301,2,train,1,31059_I
31059,J,6,124,995,019557aae301,2,train,0,31059_J
31060,A,0,205,1646,ea3ceb3c9a2e,1,train,0,31060_A
31060,B,1,221,1686,210a62ec5747,1,train,0,31060_B
31060,C,2,222,1749,f20bbfa0b590,1,train,0,31060_C
31060,E,3,119,911,0699cd96837b,1,train,1,31060_E
31060,F,4,109,833,11b229736fda,1,train,0,31060_F
31106,A,0,98,800,f9766fa5f2aa,1,train,0,31106_A
31106,B,1,82,653,860fc5991ef2,1,train,0,31106_B
31106,C,2,107,811,40fb0645ee4d,2,train,1,31106_C
31106,D,3,93,718,dc4af31039f1,2,train,0,31106_D
31106,E,4,95,778,6c920ef9991e,1,train,0,31106_E
31106,F,5,86,672,6b7be9b926ea,1,train,0,31106_F
31106,G,2,107,815,40fb0645ee4d,2,train,0,31106_G
31106,H,3,93,726,dc4af31039f1,2,train,0,31106_H
31109,A,0,602,4927,71bafae62412,1,val,0,31109_A
31109,B,1,963,7796,b9bb010aabb4,1,val,0,31109_B
31109,D,2,163,1361,340423c1eaf9,1,val,0,31109_D
31109,E,3,546,4364,500992c93526,1,val,0,31109_E
31109,F,4,404,3081,29cdc1ed8b95,1,val,0,31109_F
31109,G,5,145,1180,4ee2cd22e53b,1,val,0,31109_G
31109,H,6,209,1633,cad3805a3d6a,1,val,0,31109_H
31109,I,7,120,959,f14b010593f3,1,val,1,31109_I
31109,J,8,89,709,dbc1eb2d208b,1,val,0,31109_J
31109,L,9,76,622,d36ca8770b96,1,val,0,31109_L
31109,O,10,97,771,f77eb64ef112,1,val,0,31109_O
31109,P,11,177,1412,bf23da8fc0da,1,val,0,31109_P
31109,Q,12,122,996,956614171c28,1,val,0,31109_Q
31109,R,13,248,1913,3dbfd68e6129,1,val,0,31109_R
31109,S,14,134,1101,2e8db2a2d2e5,1,val,0,31109_S
31109,T,15,103,789,df0f523e4b35,1,val,0,31109_T
31109,U,16,179,1476,37c920734123,1,val,0,31109_U
31109,V,17,172,1400,e19bbe9a8fc3,1,val,0,31109_V
31109,c,18,127,1011,5d9a3c6a74ab,1,val,1,31109_c
31109,d,19,158,1307,5176c627da88,1,val,0,31109_d
31109,e,20,539,4327,2690263fba9f,1,val,0,31109_e
31109,f,21,403,3081,e8bd44e9b85f,1,val,0,31109_f
31109,i,22,121,967,f6b821a0b7d2,1,val,0,31109_i
31109,j,23,95,759,1e6e5cea8e71,1,val,0,31109_j
31109,k,24,98,785,169d942b4112,1,val,0,31109_k
31109,l,25,107,876,a1d1bd188c4a,1,val,0,31109_l
31109,m,26,87,724,5226840ff32d,1,val,0,31109_m
31109,o,27,1427,11308,219e7d668999,1,val,0,31109_o
31109,p,28,1134,9062,c5fef3fbea34,1,val,0,31109_p
31109,q,29,257,2059,6022a979f6f6,1,val,0,31109_q
31109,r,30,128,1005,f3973687061c,1,val,0,31109_r
31109,s,31,209,1720,de37ac4481b5,1,val,0,31109_s
31109,t,32,79,635,346f7f263997,1,val,1,31109_t
31109,u,33,171,1351,1da34b209f2e,1,val,0,31109_u
31109,v,34,148,1186,5ecc3d72561c,1,val,0,31109_v
31109,w,35,114,927,ddf024586083,1,val,1,31109_w
31109,x,36,64,507,e09218bc750e,1,val,0,31109_x
31109,y,37,117,937,8cafc397016b,1,val,0,31109_y
31109,z,38,44,372,1c0e28897b27,1,val,0,31109_z
31115,P,0,177,1412,bf23da8fc0da,1,train,0,31115_P
31115,c,1,127,1011,5d9a3c6a74ab,1,train,0,31115_c
31115,d,2,158,1307,5176c627da88,1,train,0,31115_d
31115,e,3,539,4327,2690263fba9f,1,train,0,31115_e
31115,f,4,143,1135,64d35bc87475,1,train,1,31115_f
31115,i,5,121,967,f6b821a0b7d2,1,train,0,31115_i
31115,j,6,95,759,1e6e5cea8e71,1,train,0,31115_j
31115,k,7,98,785,169d942b4112,1,train,0,31115_k
31115,l,8,107,876,a1d1bd188c4a,1,train,0,31115_l
31115,m,9,87,724,5226840ff32d,1,train,0,31115_m
31117,A,0,630,5199,4bb1977fec29,1,train,0,31117_A
31117,B,1,963,7796,b9bb010aabb4,1,train,0,31117_B
31117,F,2,267,2006,004f947666b7,1,train,1,31117_F
31117,G,3,144,1171,5bb06d6e549d,1,train,0,31117_G
31117,H,4,72,580,c43e62289b0b,1,train,0,31117_H
31117,f,5,260,1946,388f30c7a31c,1,train,0,31117_f
31145,A,0,295,2419,5f6851d0c637,1,train,0,31145_A
31145,B,1,235,1880,ea2fa3b5aad7,1,train,0,31145_B
31145,C,2,338,2478,edee59cbca1d,1,train,1,31145_C
31145,E,3,51,353,ee0e436b1d5f,1,train,0,31145_E
31169,A,0,590,4665,d3ef0d74b7c3,2,train,1,31169_A
31169,B,0,590,4665,d3ef0d74b7c3,2,train,0,31169_B
31170,A,0,581,4562,f493eca3d0b5,2,train,1,31170_A
31170,B,0,581,4562,f493eca3d0b5,2,train,0,31170_B
31173,A,0,227,1763,89d281e2e9a0,1,val,0,31173_A
31173,B,1,193,1477,aaebd3a21ec8,2,val,0,31173_B
31173,C,2,174,1329,fccd186e5d67,2,val,0,31173_C
31173,D,1,193,1477,aaebd3a21ec8,2,val,0,31173_D
31173,E,2,174,1329,fccd186e5d67,2,val,0,31173_E
31173,F,3,172,1307,a386ef025001,1,val,0,31173_F
31173,G,4,179,1369,4945006dae02,1,val,0,31173_G
31173,H,5,148,1131,aed36e74e978,1,val,0,31173_H
31173,I,6,217,1745,10a3794b1139,1,val,0,31173_I
31173,J,7,165,1279,f72b3e244a92,1,val,0,31173_J
31173,K,8,233,1841,a697ee57fc28,1,val,0,31173_K
31173,L,9,187,1494,5025623479c9,1,val,0,31173_L
31173,M,10,133,1014,829f3181c641,1,val,0,31173_M
31173,N,11,338,2691,21ac5cdf8787,1,val,0,31173_N
31173,O,12,162,1259,7f0d4bf15e8b,1,val,0,31173_O
31173,P,13,95,713,711c04795961,1,val,0,31173_P
31173,Q,14,205,1567,11c5aed077a4,1,val,1,31173_Q
31173,R,15,194,1439,60c5ae3ce816,2,val,0,31173_R
31173,S,15,194,1439,60c5ae3ce816,2,val,0,31173_S
31210,B,0,195,1543,e46037301e96,1,test,0,31210_B
31210,H,1,226,1694,ffbe095cc27c,1,test,0,31210_H
31210,L,2,219,1689,f5ec1b313c93,1,test,1,31210_L
31225,A,0,280,2257,e18ba6e1f6cd,1,train,1,31225_A
31225,B,1,220,1769,caab3434e0c3,1,train,0,31225_B
31225,C,2,337,2592,8df83f5d932c,1,train,0,31225_C
31225,D,3,58,444,e83a9e12c2ee,1,train,0,31225_D
31225,E,4,231,1777,5750501f080a,1,train,0,31225_E
31305,A,0,1060,7722,cec814e59de9,1,train,0,31305_A
31305,B,1,1054,7861,c7fb5c75f542,1,train,0,31305_B
31305,C,2,291,2148,5193eb09417f,1,train,0,31305_C
31305,E,3,198,1458,5edd115319a6,1,train,0,31305_E
31305,F,4,76,554,45c78dce0898,1,train,0,31305_F
31305,H,5,126,923,9f1af0c25eb0,1,train,1,31305_H
31305,I,6,113,819,ca47d694a16f,1,train,0,31305_I
31305,J,7,62,472,16ab65bd9658,1,train,0,31305_J
31305,K,8,94,711,973d66c560c1,1,train,0,31305_K
31305,L,9,42,293,2510695c42c0,1,train,0,31305_L
31305,M,10,1052,8055,ca2cf31743e9,1,train,0,31305_M
31323,A,0,218,1756,1bfc2f7c5268,1,train,0,31323_A
31323,B,1,336,2584,7b42d9ef1d03,1,train,1,31323_B
31323,G,2,54,418,173ffe24a072,1,train,0,31323_G
31323,R,3,295,2323,7ddf1c11de97,1,train,0,31323_R
31323,S,4,232,1783,b1b46e319a8c,1,train,0,31323_S
31330,A,0,1177,9227,7fcfb354f469,1,train,0,31330_A
31330,B,1,78,646,dca993faeb38,1,train,0,31330_B
31330,C,2,815,6487,02e6f8338966,1,train,0,31330_C
31330,D,3,93,700,a45dd58b8b32,1,train,0,31330_D
31330,E,4,486,2605,1768eca0a6ec,1,train,1,31330_E
31343,A,0,228,1838,91b141d2d490,1,train,0,31343_A
31343,B,1,340,2611,f7900bcab8f4,1,train,1,31343_B
31343,C,2,58,445,2ccca371b747,1,train,0,31343_C
31343,D,3,284,2280,e241eeae387b,1,train,0,31343_D
31343,E,4,232,1783,b1b46e319a8c,1,train,0,31343_E
31345,A,0,226,1813,f68ebd4a4392,1,train,0,31345_A
31345,B,1,340,2611,f7900bcab8f4,1,train,0,31345_B
31345,C,2,61,474,34b9bbe3d658,1,train,1,31345_C
31345,R,3,290,2294,fada3fe91f40,1,train,0,31345_R
31345,S,4,232,1783,b1b46e319a8c,1,train,0,31345_S
31350,1,0,193,1484,3df74d639c6c,1,train,0,31350_1
31350,3,1,222,1672,789fb673d38e,1,train,0,31350_3
31350,4,2,197,1529,5473e8c7a054,1,train,0,31350_4
31350,6,3,211,1655,36952baa894d,1,train,0,31350_6
31350,A,4,742,5798,50d98c0aca9d,1,train,0,31350_A
31350,B,5,733,5840,252ef5a3f3f2,1,train,0,31350_B
31350,C,6,81,613,bda0dc954139,1,train,1,31350_C
31350,D,7,142,1112,b75683859285,1,train,0,31350_D
31350,E,8,68,540,415462315eda,1,train,0,31350_E
31350,F,9,158,1188,ffd657fb9061,1,train,0,31350_F
31350,H,10,61,447,cf282d9b2aef,1,train,0,31350_H
31350,I,11,30,235,d1bc3020dc1c,1,train,0,31350_I
31350,J,12,42,332,ee1e1789e3d8,1,train,0,31350_J
31350,K,13,84,576,86e2d1852039,1,train,0,31350_K
31350,L,14,146,1090,171aceaaa49a,1,train,0,31350_L
31398,0,0,53,421,ed80e5a07621,1,train,0,31398_0
31398,1,1,48,400,2c36621e5b56,1,train,0,31398_1
31398,2,2,42,358,23eb59731fd9,1,train,0,31398_2
31398,3,3,62,494,8c82f7bad97c,1,train,0,31398_3
31398,4,4,37,299,b87719960ccd,1,train,0,31398_4
31398,6,5,45,345,18693b3ce812,1,train,0,31398_6
31398,C,6,272,2088,244bddbd3599,1,train,0,31398_C
31398,D,7,213,1590,91d8bdbf4273,1,train,0,31398_D
31398,E,8,207,1552,2e563b14b645,1,train,0,31398_E
31398,F,9,170,1335,8f7a0d24a74f,1,train,0,31398_F
31398,G,10,174,1330,d6ae0abd6bee,1,train,0,31398_G
31398,H,11,47,350,68c7ab13d549,1,train,0,31398_H
31398,J,12,146,1143,c1bb06f17130,1,train,0,31398_J
31398,K,13,121,934,dd87d5dc8cd4,1,train,0,31398_K
31398,L,14,142,1060,2503d572586b,1,train,0,31398_L
31398,M,15,134,1072,e21917d0441e,1,train,0,31398_M
31398,N,16,116,908,cc91c7bb140c,1,train,0,31398_N
31398,O,17,116,886,32ba1aa56245,1,train,0,31398_O
31398,P,18,112,907,43d7cc11ddce,1,train,0,31398_P
31398,Q,19,122,980,e151339268e2,1,train,0,31398_Q
31398,R,20,98,742,62fcc792e3ef,1,train,0,31398_R
31398,S,21,113,860,c93dedc8de87,1,train,0,31398_S
31398,T,22,98,759,93247094d7b5,1,train,0,31398_T
31398,U,23,90,699,3fb799f0f27c,1,train,0,31398_U
31398,V,24,177,1319,d3caf51193ba,1,train,1,31398_V
31398,W,25,74,546,79f5056f2132,1,train,0,31398_W
31398,X,26,63,476,c6924bb2595d,1,train,0,31398_X
31398,Y,27,65,541,87b8dfd6b875,1,train,0,31398_Y
31398,Z,28,59,476,4c8b3789efa6,1,train,0,31398_Z
31425,A,0,235,1941,a33fd539fa2f,1,train,1,31425_A
31425,B,1,341,2605,743baf71be64,1,train,0,31425_B
31425,D,2,57,434,3d0a80a771ca,1,train,0,31425_D
31425,F,3,277,2208,04b0879cda01,1,train,0,31425_F
31470,A,0,199,1579,78b0851ab4e9,1,test,0,31470_A
31470,H,1,119,914,6d2a78193fbe,1,test,0,31470_H
31470,L,2,109,828,7d741aebf9d6,1,test,1,31470_L
31474,A,0,293,2275,ab9d5144c7a6,2,train,0,31474_A
31474,B,0,293,2275,ab9d5144c7a6,2,train,0,31474_B
31474,C,1,335,2631,91b926508a40,1,train,1,31474_C
31474,D,2,331,2596,1eb89f46d3c0,1,train,0,31474_D
31474,E,3,241,1798,f3a3280ca603,1,train,0,31474_E
31474,F,4,246,1869,cffece00f330,1,train,0,31474_F
31474,G,5,356,2769,d83a0ab30eb8,1,train,0,31474_G
31474,H,6,355,2765,9bbcbb9501bf,1,train,0,31474_H
31474,I,7,427,3336,7ac874430cbb,1,train,0,31474_I
31474,J,8,591,4149,5a11593d84f7,1,train,0,31474_J
31474,K,9,197,1589,7fa51edef4c0,2,train,0,31474_K
31474,L,9,197,1589,7fa51edef4c0,2,train,0,31474_L
31474,N,10,275,1818,406929de30d2,1,train,0,31474_N
31474,S,11,410,2210,aae0978e2a85,1,train,0,31474_S
31495,A,0,196,1594,97fdf27a5ccf,12,train,1,31495_A
31495,B,0,196,1594,97fdf27a5ccf,12,train,0,31495_B
31495,C,0,196,1594,97fdf27a5ccf,12,train,0,31495_C
31495,D,0,196,1594,97fdf27a5ccf,12,train,0,31495_D
31495,E,0,196,1594,97fdf27a5ccf,12,train,0,31495_E
31495,F,0,196,1594,97fdf27a5ccf,12,train,0,31495_F
31495,G,0,196,1594,97fdf27a5ccf,12,train,0,31495_G
31495,H,0,196,1594,97fdf27a5ccf,12,train,0,31495_H
31495,I,0,196,1594,97fdf27a5ccf,12,train,0,31495_I
31495,J,0,196,1594,97fdf27a5ccf,12,train,0,31495_J
31495,K,0,196,1594,97fdf27a5ccf,12,train,0,31495_K
31495,L,0,196,1594,97fdf27a5ccf,12,train,0,31495_L
31500,A,0,228,1877,e2e8e165c6a1,1,train,0,31500_A
31500,B,1,338,2600,edee59cbca1d,1,train,0,31500_B
31500,G,2,57,436,9b808b5d658e,1,train,0,31500_G
31500,N,3,128,973,a02c374db11e,1,train,0,31500_N
31500,R,4,285,2280,f25ddeed0bbc,1,train,1,31500_R
31533,A,0,438,3333,5503ddfc7f8b,4,train,0,31533_A
31533,B,1,419,3239,58d13b181b25,4,train,0,31533_B
31533,C,2,158,1220,8f8f3aecb3c6,4,train,1,31533_C
31533,E,0,438,3328,5503ddfc7f8b,4,train,0,31533_E
31533,F,1,419,3239,58d13b181b25,4,train,0,31533_F
31533,G,2,158,1220,8f8f3aecb3c6,4,train,0,31533_G
31533,I,0,438,3331,5503ddfc7f8b,4,train,0,31533_I
31533,J,1,419,3239,58d13b181b25,4,train,0,31533_J
31533,K,2,158,1220,8f8f3aecb3c6,4,train,0,31533_K
31533,M,0,438,3333,5503ddfc7f8b,4,train,0,31533_M
31533,N,1,419,3239,58d13b181b25,4,train,0,31533_N
31533,O,2,158,1220,8f8f3aecb3c6,4,train,0,31533_O
31570,K,0,163,1281,6042ba61e38a,1,train,1,31570_K
31570,L,1,50,375,626757179c81,1,train,0,31570_L
31570,N,2,412,3229,e4cc579869cf,1,train,0,31570_N
31570,O,3,442,3370,702a0decae0d,1,train,0,31570_O
31604,A,0,232,1921,9a7cf86680fb,1,train,1,31604_A
31604,B,1,341,2616,9b48cbec6b3b,1,train,0,31604_B
31604,G,2,57,436,9b808b5d658e,1,train,0,31604_G
31604,N,3,129,983,5450735861d2,1,train,0,31604_N
31604,P,4,29,234,664c9a18ce64,1,train,0,31604_P
31604,R,5,380,3123,64d6c220896e,1,train,0,31604_R
31606,A,0,235,1948,7ceda3796845,1,train,1,31606_A
31606,B,1,341,2616,9b48cbec6b3b,1,train,0,31606_B
31606,G,2,58,445,2ccca371b747,1,train,0,31606_G
31606,N,3,129,983,5450735861d2,1,train,0,31606_N
31606,P,4,28,221,0e9878cbdec7,1,train,0,31606_P
31606,R,5,359,2974,625c1af131b4,1,train,0,31606_R
31622,A,0,1360,10675,bd7518e642e4,1,train,0,31622_A
31622,B,1,1095,8644,c22a4ff77212,1,train,0,31622_B
31622,C,2,343,2736,b5b911334622,1,train,0,31622_C
31622,D,3,122,985,7f974a877eff,1,train,0,31622_D
31622,E,4,209,1715,4608ab884c1e,1,train,0,31622_E
31622,F,5,76,610,1357ca1de022,1,train,0,31622_F
31622,G,6,166,1337,e10261264d79,1,train,0,31622_G
31622,H,7,148,1186,5ecc3d72561c,1,train,0,31622_H
31622,I,8,107,848,01080225bf38,1,train,0,31622_I
31622,J,9,65,512,234ed160e544,1,train,0,31622_J
31622,K,10,103,822,2f7e68c4f070,1,train,1,31622_K
31622,L,11,46,388,7f9133b12265,1,train,0,31622_L
31622,M,12,202,1612,642488b578cc,1,train,0,31622_M
31622,N,13,146,1128,d38dc615286c,1,train,0,31622_N
31622,O,14,443,3546,6ca9c75a2d77,1,train,0,31622_O
31622,P,15,130,1008,b2d5682318eb,1,train,0,31622_P
31622,Q,16,86,724,d2b72b559057,1,train,0,31622_Q
31655,B,0,220,1802,ba6fc575e8a9,1,test,0,31655_B
31655,C,1,206,1612,95511ac2638d,1,test,0,31655_C
31655,D,2,208,1703,9a37d256c8c4,1,test,0,31655_D
31655,E,3,150,1146,3fe93ca1e270,1,test,1,31655_E
31655,F,4,101,843,bfde54756f07,1,test,0,31655_F
31655,G,5,155,1257,260958ba160a,1,test,0,31655_G
31655,H,6,138,1116,8bbf9fe45ace,1,test,0,31655_H
31655,I,7,127,1010,9246b62b085d,1,test,1,31655_I
31655,J,8,98,794,3ca4770ca26b,1,test,0,31655_J
31655,K,9,119,885,81a44dafc64d,1,test,0,31655_K
31655,L,10,124,970,40bf169a56bb,1,test,0,31655_L
31655,M,11,113,905,9dd93092f0f0,1,test,0,31655_M
31655,N,12,60,492,05dc79c89a7c,1,test,1,31655_N
31655,O,13,88,734,66faaf29d1f1,1,test,0,31655_O
31655,P,14,81,682,72c08647e189,1,test,0,31655_P
31655,Q,15,100,834,e96e581e69b9,1,test,0,31655_Q
31655,R,16,69,565,9c9435bb3d3c,1,test,0,31655_R
31655,S,17,80,647,c509f13aa67f,1,test,0,31655_S
31655,T,18,99,763,bd430422708c,1,test,0,31655_T
31655,V,19,24,208,a9d22ca5e5bf,1,test,0,31655_V
31655,W,20,261,2048,e0d5fded940e,1,test,0,31655_W
31657,B,0,220,1802,ba6fc575e8a9,1,train,0,31657_B
31657,C,1,206,1612,95511ac2638d,1,train,0,31657_C
31657,D,2,208,1703,9a37d256c8c4,1,train,0,31657_D
31657,E,3,150,1146,3fe93ca1e270,1,train,0,31657_E
31657,F,4,101,843,bfde54756f07,1,train,0,31657_F
31657,G,5,155,1257,260958ba160a,1,train,0,31657_G
31657,H,6,138,1116,8bbf9fe45ace,1,train,0,31657_H
31657,I,7,127,1010,9246b62b085d,1,train,0,31657_I
31657,J,8,98,794,3ca4770ca26b,1,train,0,31657_J
31657,K,9,119,885,81a44dafc64d,1,train,0,31657_K
31657,L,10,124,970,40bf169a56bb,1,train,0,31657_L
31657,M,11,113,905,9dd93092f0f0,1,train,0,31657_M
31657,N,12,60,492,05dc79c89a7c,1,train,0,31657_N
31657,O,13,88,734,66faaf29d1f1,1,train,0,31657_O
31657,P,14,81,682,72c08647e189,1,train,0,31657_P
31657,Q,15,100,834,e96e581e69b9,1,train,0,31657_Q
31657,R,16,69,565,9c9435bb3d3c,1,train,1,31657_R
31657,S,17,80,647,c509f13aa67f,1,train,0,31657_S
31657,T,18,99,763,bd430422708c,1,train,0,31657_T
31657,U,19,266,2088,3ad5e5c5f3ea,1,train,0,31657_U
31657,V,20,24,208,a9d22ca5e5bf,1,train,0,31657_V
31658,B,0,220,1802,ba6fc575e8a9,1,train,0,31658_B
31658,C,1,206,1612,95511ac2638d,1,train,0,31658_C
31658,D,2,208,1703,9a37d256c8c4,1,train,0,31658_D
31658,E,3,150,1146,3fe93ca1e270,1,train,1,31658_E
31658,F,4,101,843,bfde54756f07,1,train,0,31658_F
31658,G,5,155,1257,260958ba160a,1,train,0,31658_G
31658,H,6,138,1116,8bbf9fe45ace,1,train,0,31658_H
31658,I,7,127,1010,9246b62b085d,1,train,0,31658_I
31658,J,8,98,794,3ca4770ca26b,1,train,0,31658_J
31658,K,9,119,885,81a44dafc64d,1,train,0,31658_K
31658,L,10,124,970,40bf169a56bb,1,train,0,31658_L
31658,M,11,113,905,9dd93092f0f0,1,train,0,31658_M
31658,N,12,60,492,05dc79c89a7c,1,train,0,31658_N
31658,O,13,88,734,66faaf29d1f1,1,train,0,31658_O
31658,P,14,81,682,72c08647e189,1,train,0,31658_P
31658,Q,15,100,834,e96e581e69b9,1,train,0,31658_Q
31658,R,16,69,565,9c9435bb3d3c,1,train,0,31658_R
31658,S,17,80,647,c509f13aa67f,1,train,0,31658_S
31658,T,18,99,763,bd430422708c,1,train,0,31658_T
31658,U,19,264,2069,5c56d1342922,1,train,0,31658_U
31658,V,20,24,208,a9d22ca5e5bf,1,train,0,31658_V
31669,F,0,593,4942,905c059a1044,1,train,0,31669_F
31669,G,1,1207,9824,2b18190c9240,1,train,0,31669_G
31669,H,2,379,2979,6f6f79f17101,1,train,1,31669_H
31669,I,3,240,1941,62f2eeab8939,1,train,0,31669_I
31669,J,4,236,1933,d7c585f33850,1,train,0,31669_J
31677,A,0,495,3801,e85880f96d51,3,train,1,31677_A
31677,B,0,495,3801,e85880f96d51,3,train,0,31677_B
31677,C,0,495,3801,e85880f96d51,3,train,0,31677_C
31677,D,1,72,565,3eacb2e98540,3,train,0,31677_D
31677,E,1,72,565,3eacb2e98540,3,train,0,31677_E
31677,F,1,72,565,3eacb2e98540,3,train,0,31677_F
31712,A,0,356,2768,c7fe94fac856,10,train,1,31712_A
31712,B,0,356,2768,c7fe94fac856,10,train,0,31712_B
31712,C,0,356,2768,c7fe94fac856,10,train,0,31712_C
31712,D,0,356,2768,c7fe94fac856,10,train,0,31712_D
31712,E,0,356,2768,c7fe94fac856,10,train,0,31712_E
31712,F,0,356,2768,c7fe94fac856,10,train,0,31712_F
31712,G,0,356,2768,c7fe94fac856,10,train,0,31712_G
31712,H,0,356,2768,c7fe94fac856,10,train,0,31712_H
31712,I,0,356,2768,c7fe94fac856,10,train,0,31712_I
31712,J,0,356,2768,c7fe94fac856,10,train,0,31712_J
31732,A,0,605,4794,f372b2b7e51f,2,train,1,31732_A
31732,B,1,751,6111,4abd2ab9d97d,2,train,0,31732_B
31732,C,0,605,4794,f372b2b7e51f,2,train,0,31732_C
31732,D,1,751,6111,4abd2ab9d97d,2,train,0,31732_D
31732,H,2,223,1712,4a438f4c75b5,2,train,0,31732_H
31732,I,2,223,1712,4a438f4c75b5,2,train,0,31732_I
31732,K,3,214,1652,9582e30cc67d,2,train,0,31732_K
31732,M,3,214,1652,9582e30cc67d,2,train,0,31732_M
31740,A,0,218,1646,147b57f2c8db,1,train,0,31740_A
31740,B,1,338,2562,edee59cbca1d,1,train,0,31740_B
31740,C,2,57,435,e0141361967b,1,train,0,31740_C
31740,R,3,277,2168,515d1d13571a,1,train,1,31740_R
31740,S,4,232,1746,b1b46e319a8c,1,train,0,31740_S
31874,A,0,433,3330,67698862e5b5,1,train,0,31874_A
31874,B,1,176,1412,416cb1a03f2b,1,train,0,31874_B
31874,C,2,156,1248,1ca6a7885948,1,train,0,31874_C
31874,E,3,115,971,4246397898c5,1,train,0,31874_E
31874,F,4,86,687,05fa27df8f30,1,train,0,31874_F
31874,G,5,88,693,6a86629ffb8b,1,train,0,31874_G
31874,H,6,112,910,76d95237cfce,1,train,0,31874_H
31874,I,7,97,780,4dcebde383d5,1,train,0,31874_I
31874,J,8,342,2751,5bb817c37f10,1,train,0,31874_J
31874,K,9,43,366,8895ba5514ee,1,train,0,31874_K
31874,L,10,125,1016,ab314ed305ec,1,train,0,31874_L
31874,M,11,690,5296,bfbf6b719461,1,train,0,31874_M
31874,N,12,144,1204,df6fa712e911,1,train,1,31874_N
31874,O,13,217,1671,fcaabec01408,1,train,0,31874_O
31874,P,14,208,1738,af4766b091e9,1,train,0,31874_P
31874,Q,15,385,3083,0cf2e199dc34,1,train,0,31874_Q
31874,T,16,96,741,c3b5df3f3a8b,1,train,0,31874_T
31874,W,17,29,212,855cefb8a110,1,train,0,31874_W
31881,Q,0,44,363,38df15f49cc1,1,test,0,31881_Q
31881,S,1,69,559,3d00859b4e9f,1,test,0,31881_S
31881,U,2,83,643,92ff6b737a0d,1,test,0,31881_U
31881,V,3,140,1021,0195d6d564b4,1,test,0,31881_V
31881,W,4,113,949,0ba6f0a4f276,1,test,0,31881_W
31881,X,5,88,691,6a86629ffb8b,1,test,0,31881_X
31881,Y,6,67,584,71c0053eb5c6,1,test,1,31881_Y
31881,Z,7,80,611,ac211e2f10e7,1,test,0,31881_Z
31881,a,8,138,1151,7c0e2a731e65,1,test,0,31881_a
31881,b,9,98,819,6af638be35bf,1,test,0,31881_b
31881,c,10,156,1315,9ee15d241185,1,test,0,31881_c
31881,d,11,175,1461,737983d88c5e,1,test,0,31881_d
31881,e,12,104,867,ff4604c8ea7e,1,test,0,31881_e
31881,f,13,49,377,f2e9860e4838,1,test,0,31881_f
31881,g,14,122,1005,cd0471e0b97a,1,test,0,31881_g
31881,h,15,105,867,842edc966f55,1,test,0,31881_h
31881,i,16,347,2710,1ac6b8964350,1,test,0,31881_i
31881,j,17,115,914,8f3f21487ac4,1,test,0,31881_j
31881,k,18,98,748,57abb6e8fdbf,1,test,0,31881_k
31881,l,19,606,4797,72f89c2dbcc2,1,test,0,31881_l
31881,m,20,175,1273,0d7aa909ff44,1,test,0,31881_m
31881,n,21,56,479,155662cc3f58,1,test,0,31881_n
31881,o,22,128,1062,d27f8b3bc048,1,test,0,31881_o
31881,p,23,178,1534,fb8cc69a12ab,1,test,0,31881_p
31881,r,24,459,3631,c995c53d5613,1,test,0,31881_r
31881,s,25,318,2508,f32ef50574f0,1,test,0,31881_s
31881,u,26,171,1398,215202319d19,1,test,0,31881_u
31881,v,27,123,1025,d624b35a15f8,1,test,0,31881_v
31881,w,28,320,2590,2ac3f09b8fcf,1,test,0,31881_w
31883,A,0,431,3318,d5b1c92ebb12,1,train,0,31883_A
31883,B,1,176,1412,416cb1a03f2b,1,train,0,31883_B
31883,C,2,156,1248,1ca6a7885948,1,train,0,31883_C
31883,E,3,115,971,4246397898c5,1,train,0,31883_E
31883,F,4,86,691,05fa27df8f30,1,train,1,31883_F
31883,G,5,88,693,6a86629ffb8b,1,train,0,31883_G
31883,H,6,112,910,76d95237cfce,1,train,0,31883_H
31883,I,7,97,780,4dcebde383d5,1,train,0,31883_I
31883,J,8,331,2651,fd8795d87a2d,1,train,0,31883_J
31883,K,9,42,355,54cde56f3a06,1,train,0,31883_K
31883,L,10,125,1016,ab314ed305ec,1,train,0,31883_L
31883,M,11,690,5296,bfbf6b719461,1,train,0,31883_M
31883,N,12,144,1204,df6fa712e911,1,train,0,31883_N
31883,O,13,217,1671,fcaabec01408,1,train,0,31883_O
31883,P,14,208,1738,af4766b091e9,1,train,0,31883_P
31883,Q,15,378,3031,272414e60601,1,train,0,31883_Q
31883,T,16,96,741,c3b5df3f3a8b,1,train,0,31883_T
31883,W,17,29,224,855cefb8a110,1,train,0,31883_W
31884,Q,0,40,333,307b8218bc60,1,test,0,31884_Q
31884,S,1,70,567,9da13928eb20,1,test,0,31884_S
31884,U,2,83,643,92ff6b737a0d,1,test,0,31884_U
31884,V,3,140,1021,0195d6d564b4,1,test,0,31884_V
31884,W,4,113,949,0ba6f0a4f276,1,test,0,31884_W
31884,X,5,88,707,6a86629ffb8b,1,test,0,31884_X
31884,Y,6,70,600,a3c87fa2a82d,1,test,0,31884_Y
31884,Z,7,84,674,84a1ce7f2357,1,test,0,31884_Z
31884,a,8,140,1165,76dc7718e521,1,test,0,31884_a
31884,b,9,103,879,ce24bdef5a7c,1,test,0,31884_b
31884,c,10,156,1315,9ee15d241185,1,test,0,31884_c
31884,d,11,175,1461,737983d88c5e,1,test,0,31884_d
31884,e,12,107,890,e7ef1e6bbe05,1,test,0,31884_e
31884,f,13,42,342,31ae68a70096,1,test,0,31884_f
31884,g,14,121,1000,474f38908930,1,test,0,31884_g
31884,h,15,105,867,842edc966f55,1,test,0,31884_h
31884,i,16,347,2710,1ac6b8964350,1,test,0,31884_i
31884,j,17,99,800,7766676ea3bc,1,test,0,31884_j
31884,k,18,98,748,57abb6e8fdbf,1,test,1,31884_k
31884,l,19,603,4761,43f8d72d8ce9,1,test,0,31884_l
31884,m,20,129,939,ab62d00cc42c,1,test,0,31884_m
31884,n,21,56,479,155662cc3f58,1,test,0,31884_n
31884,o,22,128,1062,d27f8b3bc048,1,test,0,31884_o
31884,p,23,178,1534,fb8cc69a12ab,1,test,0,31884_p
31884,r,24,459,3631,c995c53d5613,1,test,0,31884_r
31884,s,25,303,2394,71ac4fdf0ccb,1,test,0,31884_s
31884,u,26,171,1398,215202319d19,1,test,0,31884_u
31884,v,27,123,1019,d624b35a15f8,1,test,0,31884_v
31884,w,28,320,2586,2ac3f09b8fcf,1,test,1,31884_w
31885,A,0,43,354,accec3062830,2,train,0,31885_A
31885,B,1,286,2189,db6fb1ca33c6,2,train,1,31885_B
31885,C,2,57,463,85f0009f53dc,1,train,0,31885_C
31885,D,3,36,304,04b0c41c93bf,2,train,0,31885_D
31885,E,3,36,304,04b0c41c93bf,2,train,0,31885_E
31885,F,0,43,354,accec3062830,2,train,0,31885_F
31885,G,4,54,433,6eb807a576bc,2,train,0,31885_G
31885,H,5,56,458,340f8a5988ef,1,train,0,31885_H
31885,I,1,286,2189,db6fb1ca33c6,2,train,0,31885_I
31885,J,4,54,433,6eb807a576bc,2,train,0,31885_J
31886,A,0,433,3330,67698862e5b5,1,val,0,31886_A
31886,B,1,176,1412,416cb1a03f2b,1,val,0,31886_B
31886,C,2,156,1248,1ca6a7885948,1,val,0,31886_C
31886,E,3,115,971,4246397898c5,1,val,1,31886_E
31886,F,4,86,687,05fa27df8f30,1,val,0,31886_F
31886,G,5,88,693,6a86629ffb8b,1,val,0,31886_G
31886,H,6,112,910,76d95237cfce,1,val,0,31886_H
31886,I,7,97,780,4dcebde383d5,1,val,0,31886_I
31886,J,8,342,2751,5bb817c37f10,1,val,0,31886_J
31886,K,9,43,366,8895ba5514ee,1,val,0,31886_K
31886,L,10,125,1016,ab314ed305ec,1,val,0,31886_L
31886,M,11,690,5296,bfbf6b719461,1,val,0,31886_M
31886,N,12,144,1204,df6fa712e911,1,val,0,31886_N
31886,O,13,217,1671,fcaabec01408,1,val,0,31886_O
31886,P,14,208,1738,af4766b091e9,1,val,0,31886_P
31886,Q,15,385,3083,0cf2e199dc34,1,val,0,31886_Q
31886,T,16,96,741,c3b5df3f3a8b,1,val,0,31886_T
31886,W,17,29,224,855cefb8a110,1,val,0,31886_W
31887,Q,0,44,363,38df15f49cc1,1,test,0,31887_Q
31887,S,1,69,559,3d00859b4e9f,1,test,0,31887_S
31887,U,2,83,643,92ff6b737a0d,1,test,0,31887_U
31887,V,3,140,1021,0195d6d564b4,1,test,0,31887_V
31887,W,4,113,949,0ba6f0a4f276,1,test,0,31887_W
31887,X,5,88,703,6a86629ffb8b,1,test,0,31887_X
31887,Y,6,67,584,71c0053eb5c6,1,test,0,31887_Y
31887,Z,7,80,641,ac211e2f10e7,1,test,0,31887_Z
31887,a,8,138,1151,7c0e2a731e65,1,test,0,31887_a
31887,b,9,98,819,6af638be35bf,1,test,1,31887_b
31887,c,10,156,1315,9ee15d241185,1,test,0,31887_c
31887,d,11,175,1461,737983d88c5e,1,test,0,31887_d
31887,e,12,104,867,ff4604c8ea7e,1,test,0,31887_e
31887,f,13,49,378,f2e9860e4838,1,test,0,31887_f
31887,g,14,122,1005,cd0471e0b97a,1,test,0,31887_g
31887,h,15,105,867,842edc966f55,1,test,0,31887_h
31887,i,16,347,2710,1ac6b8964350,1,test,0,31887_i
31887,j,17,115,914,8f3f21487ac4,1,test,0,31887_j
31887,k,18,98,748,57abb6e8fdbf,1,test,0,31887_k
31887,l,19,606,4807,72f89c2dbcc2,1,test,0,31887_l
31887,m,20,175,1298,0d7aa909ff44,1,test,0,31887_m
31887,n,21,56,479,155662cc3f58,1,test,0,31887_n
31887,o,22,128,1062,d27f8b3bc048,1,test,0,31887_o
31887,p,23,178,1534,fb8cc69a12ab,1,test,0,31887_p
31887,r,24,459,3631,c995c53d5613,1,test,0,31887_r
31887,s,25,318,2508,f32ef50574f0,1,test,0,31887_s
31887,u,26,171,1398,215202319d19,1,test,0,31887_u
31887,v,27,124,1047,e03c1218dcd6,1,test,1,31887_v
31887,w,28,320,2590,2ac3f09b8fcf,1,test,0,31887_w
31890,A,0,1495,12566,f98838ac69ee,1,train,0,31890_A
31890,B,1,649,5122,13e2530de39c,1,train,0,31890_B
31890,C,2,216,1717,99c5dd6814fc,1,train,0,31890_C
31890,D,3,69,529,aa09372ebe9b,1,train,0,31890_D
31890,F,4,401,3128,06e92a1da6b7,1,train,0,31890_F
31890,G,5,70,612,9e16493a0e80,1,train,0,31890_G
31890,H,6,98,828,e57f6e28b8fc,1,train,0,31890_H
31890,I,7,363,2751,1477fa59910c,1,train,0,31890_I
31890,K,8,68,549,e1f0b07ae938,1,train,0,31890_K
31890,M,9,115,939,09c70252aa8e,1,train,0,31890_M
31890,O,10,195,1572,ee80d0b58fae,1,train,1,31890_O
31890,Q,11,149,1244,2d9c34ab4dfd,1,train,0,31890_Q
31890,T,12,744,5987,f9935e95438f,1,train,0,31890_T
31890,W,13,164,1398,2e94eae4f5d5,1,train,0,31890_W
31962,A,0,218,1756,1bfc2f7c5268,1,train,0,31962_A
31962,B,1,336,2584,7b42d9ef1d03,1,train,1,31962_B
31962,G,2,54,418,173ffe24a072,1,train,0,31962_G
31962,R,3,295,2323,7ddf1c11de97,1,train,0,31962_R
31962,S,4,232,1783,b1b46e319a8c,1,train,0,31962_S
31982,A,0,273,2122,cecf3951aaf8,1,train,1,31982_A
31982,B,1,215,1735,9e09f9cf695f,1,train,0,31982_B
31982,C,2,336,2584,54c2c51452b9,1,train,0,31982_C
31982,D,3,54,418,9c9b23e52763,1,train,0,31982_D
31982,E,4,231,1778,37a4b4fb7c8e,1,train,0,31982_E
32009,A,0,338,2601,edee59cbca1d,1,train,0,32009_A
32009,C,1,57,436,9b808b5d658e,1,train,0,32009_C
32009,D,2,226,1820,2e56deda2564,1,train,1,32009_D
32009,E,3,236,1808,32a4664edb01,1,train,0,32009_E
32009,F,4,279,2237,ea24f939032b,1,train,0,32009_F
32031,A,0,47,347,f51a01d15d4f,3,train,0,32031_A
32031,C,1,247,1773,5d055e3cdcc1,3,train,1,32031_C
32031,D,2,297,2307,63c7f64a2ef1,3,train,0,32031_D
32031,E,0,47,347,f51a01d15d4f,3,train,0,32031_E
32031,F,1,247,1773,5d055e3cdcc1,3,train,0,32031_F
32031,G,2,297,2307,63c7f64a2ef1,3,train,0,32031_G
32031,H,0,47,347,f51a01d15d4f,3,train,0,32031_H
32031,Y,1,247,1773,5d055e3cdcc1,3,train,0,32031_Y
32031,Z,2,297,2307,63c7f64a2ef1,3,train,0,32031_Z
32127,A,0,218,1756,147b57f2c8db,1,train,1,32127_A
32127,B,1,338,2601,edee59cbca1d,1,train,0,32127_B
32127,C,2,57,438,e0141361967b,1,train,0,32127_C
32127,R,3,282,2313,fa2b6aed6275,1,train,0,32127_R
32127,S,4,232,1783,b1b46e319a8c,1,train,0,32127_S
32129,A,0,234,1940,e43ed2b8d0f3,1,train,0,32129_A
32129,B,1,338,2600,edee59cbca1d,1,train,1,32129_B
32129,G,2,57,436,9b808b5d658e,1,train,0,32129_G
32129,N,3,126,961,90dc4e3d7b0c,1,train,0,32129_N
32129,R,4,279,2295,631408c13c05,1,train,0,32129_R
32133,R,0,263,2093,4f5de35b9bda,1,val,1,32133_R
32136,A,0,218,1751,5994b900c9d6,1,train,0,32136_A
32136,B,1,339,2590,9dd9fa15a083,1,train,1,32136_B
32136,G,2,55,415,aceb9e09398f,1,train,0,32136_G
32136,R,3,262,2087,90833466b91d,1,train,0,32136_R
32136,S,4,231,1762,0d8ff7d3f711,1,train,0,32136_S
32154,A,0,431,3318,d5b1c92ebb12,1,test,0,32154_A
32154,B,1,176,1412,416cb1a03f2b,1,test,0,32154_B
32154,C,2,156,1248,1ca6a7885948,1,test,1,32154_C
32154,E,3,115,971,4246397898c5,1,test,0,32154_E
32154,F,4,86,691,05fa27df8f30,1,test,0,32154_F
32154,G,5,88,693,6a86629ffb8b,1,test,0,32154_G
32154,H,6,112,910,76d95237cfce,1,test,0,32154_H
32154,I,7,97,780,4dcebde383d5,1,test,0,32154_I
32154,J,8,297,2359,50a17e9e61e9,1,test,0,32154_J
32154,K,9,42,355,54cde56f3a06,1,test,0,32154_K
32154,L,10,125,1016,ab314ed305ec,1,test,0,32154_L
32154,M,11,690,5296,bfbf6b719461,1,test,0,32154_M
32154,N,12,144,1204,df6fa712e911,1,test,0,32154_N
32154,O,13,217,1671,fcaabec01408,1,test,0,32154_O
32154,P,14,208,1738,af4766b091e9,1,test,0,32154_P
32154,Q,15,378,3031,272414e60601,1,test,0,32154_Q
32154,T,16,96,741,c3b5df3f3a8b,1,test,0,32154_T
32154,W,17,29,224,855cefb8a110,1,test,0,32154_W
32186,A,0,433,3330,67698862e5b5,1,val,0,32186_A
32186,B,1,176,1412,416cb1a03f2b,1,val,0,32186_B
32186,C,2,156,1248,1ca6a7885948,1,val,0,32186_C
32186,E,3,115,971,4246397898c5,1,val,1,32186_E
32186,F,4,86,687,05fa27df8f30,1,val,0,32186_F
32186,G,5,88,690,6a86629ffb8b,1,val,0,32186_G
32186,H,6,112,910,76d95237cfce,1,val,0,32186_H
32186,I,7,97,780,4dcebde383d5,1,val,0,32186_I
32186,J,8,342,2751,5bb817c37f10,1,val,0,32186_J
32186,K,9,43,366,8895ba5514ee,1,val,0,32186_K
32186,L,10,125,1016,ab314ed305ec,1,val,0,32186_L
32186,M,11,690,5296,bfbf6b719461,1,val,0,32186_M
32186,N,12,144,1204,df6fa712e911,1,val,0,32186_N
32186,O,13,217,1671,fcaabec01408,1,val,0,32186_O
32186,P,14,208,1738,af4766b091e9,1,val,0,32186_P
32186,Q,15,385,3083,0cf2e199dc34,1,val,0,32186_Q
32186,T,16,96,741,c3b5df3f3a8b,1,val,0,32186_T
32186,W,17,29,212,855cefb8a110,1,val,0,32186_W
32187,Q,0,44,363,38df15f49cc1,1,val,0,32187_Q
32187,S,1,69,559,3d00859b4e9f,1,val,0,32187_S
32187,U,2,83,643,92ff6b737a0d,1,val,0,32187_U
32187,V,3,140,1021,0195d6d564b4,1,val,0,32187_V
32187,W,4,113,949,0ba6f0a4f276,1,val,0,32187_W
32187,X,5,88,694,6a86629ffb8b,1,val,0,32187_X
32187,Y,6,67,584,71c0053eb5c6,1,val,0,32187_Y
32187,Z,7,80,641,ac211e2f10e7,1,val,0,32187_Z
32187,a,8,138,1151,7c0e2a731e65,1,val,0,32187_a
32187,b,9,98,819,6af638be35bf,1,val,0,32187_b
32187,c,10,156,1315,9ee15d241185,1,val,0,32187_c
32187,d,11,175,1461,737983d88c5e,1,val,0,32187_d
32187,e,12,104,867,ff4604c8ea7e,1,val,0,32187_e
32187,f,13,49,378,f2e9860e4838,1,val,0,32187_f
32187,g,14,121,1000,474f38908930,1,val,0,32187_g
32187,h,15,105,867,842edc966f55,1,val,0,32187_h
32187,i,16,347,2710,1ac6b8964350,1,val,0,32187_i
32187,j,17,115,914,8f3f21487ac4,1,val,0,32187_j
32187,k,18,98,748,57abb6e8fdbf,1,val,0,32187_k
32187,l,19,606,4816,72f89c2dbcc2,1,val,0,32187_l
32187,m,20,175,1291,0d7aa909ff44,1,val,0,32187_m
32187,n,21,56,479,155662cc3f58,1,val,0,32187_n
32187,o,22,128,1062,d27f8b3bc048,1,val,0,32187_o
32187,p,23,178,1534,fb8cc69a12ab,1,val,0,32187_p
32187,r,24,459,3631,c995c53d5613,1,val,1,32187_r
32187,s,25,318,2508,f32ef50574f0,1,val,0,32187_s
32187,u,26,171,1398,215202319d19,1,val,0,32187_u
32187,v,27,123,1025,d624b35a15f8,1,val,0,32187_v
32187,w,28,320,2590,2ac3f09b8fcf,1,val,0,32187_w
32190,A,0,268,2128,2a4431492113,1,train,0,32190_A
32190,B,1,255,1962,7b82878811e7,1,train,0,32190_B
32190,C,2,238,1831,6efccfc5a86e,1,train,1,32190_C
32190,D,3,57,441,230b9fb95a57,1,train,0,32190_D
32197,Q,0,44,363,38df15f49cc1,1,test,0,32197_Q
32197,S,1,69,559,3d00859b4e9f,1,test,0,32197_S
32197,U,2,83,643,92ff6b737a0d,1,test,0,32197_U
32197,V,3,140,1021,0195d6d564b4,1,test,0,32197_V
32197,W,4,113,949,0ba6f0a4f276,1,test,0,32197_W
32197,X,5,88,704,6a86629ffb8b,1,test,0,32197_X
32197,Y,6,67,584,71c0053eb5c6,1,test,0,32197_Y
32197,Z,7,80,641,ac211e2f10e7,1,test,1,32197_Z
32197,a,8,138,1151,7c0e2a731e65,1,test,0,32197_a
32197,b,9,98,819,6af638be35bf,1,test,0,32197_b
32197,c,10,156,1315,9ee15d241185,1,test,0,32197_c
32197,d,11,175,1461,737983d88c5e,1,test,0,32197_d
32197,e,12,104,867,ff4604c8ea7e,1,test,0,32197_e
32197,f,13,49,378,f2e9860e4838,1,test,0,32197_f
32197,g,14,121,1000,474f38908930,1,test,0,32197_g
32197,h,15,105,867,842edc966f55,1,test,0,32197_h
32197,i,16,347,2710,1ac6b8964350,1,test,0,32197_i
32197,j,17,115,914,8f3f21487ac4,1,test,0,32197_j
32197,k,18,98,748,57abb6e8fdbf,1,test,0,32197_k
32197,l,19,606,4800,72f89c2dbcc2,1,test,0,32197_l
32197,m,20,175,1295,0d7aa909ff44,1,test,0,32197_m
32197,n,21,56,479,155662cc3f58,1,test,0,32197_n
32197,o,22,128,1062,d27f8b3bc048,1,test,0,32197_o
32197,p,23,178,1534,fb8cc69a12ab,1,test,0,32197_p
32197,r,24,459,3631,c995c53d5613,1,test,0,32197_r
32197,s,25,318,2508,f32ef50574f0,1,test,0,32197_s
32197,u,26,171,1398,215202319d19,1,test,0,32197_u
32197,v,27,123,1056,d624b35a15f8,1,test,0,32197_v
32197,w,28,320,2582,2ac3f09b8fcf,1,test,0,32197_w
32198,A,0,431,3318,d5b1c92ebb12,1,train,0,32198_A
32198,B,1,176,1412,416cb1a03f2b,1,train,0,32198_B
32198,C,2,156,1248,1ca6a7885948,1,train,0,32198_C
32198,E,3,115,971,4246397898c5,1,train,0,32198_E
32198,F,4,86,691,05fa27df8f30,1,train,0,32198_F
32198,G,5,88,693,6a86629ffb8b,1,train,0,32198_G
32198,H,6,112,910,76d95237cfce,1,train,0,32198_H
32198,I,7,97,780,4dcebde383d5,1,train,0,32198_I
32198,J,8,297,2359,50a17e9e61e9,1,train,0,32198_J
32198,K,9,42,355,54cde56f3a06,1,train,0,32198_K
32198,L,10,125,1016,ab314ed305ec,1,train,0,32198_L
32198,M,11,690,5296,bfbf6b719461,1,train,1,32198_M
32198,N,12,144,1204,df6fa712e911,1,train,0,32198_N
32198,O,13,217,1671,fcaabec01408,1,train,0,32198_O
32198,P,14,208,1738,af4766b091e9,1,train,1,32198_P
32198,Q,15,378,3031,272414e60601,1,train,0,32198_Q
32198,T,16,96,741,c3b5df3f3a8b,1,train,0,32198_T
32198,W,17,29,218,855cefb8a110,1,train,0,32198_W
32202,Q,0,40,333,307b8218bc60,1,val,0,32202_Q
32202,S,1,70,567,9da13928eb20,1,val,0,32202_S
32202,U,2,83,643,92ff6b737a0d,1,val,0,32202_U
32202,V,3,140,1015,0195d6d564b4,1,val,0,32202_V
32202,W,4,113,945,0ba6f0a4f276,1,val,0,32202_W
32202,X,5,88,699,6a86629ffb8b,1,val,0,32202_X
32202,Y,6,70,600,a3c87fa2a82d,1,val,0,32202_Y
32202,Z,7,84,674,84a1ce7f2357,1,val,0,32202_Z
32202,a,8,140,1165,76dc7718e521,1,val,0,32202_a
32202,b,9,103,879,ce24bdef5a7c,1,val,0,32202_b
32202,c,10,156,1315,9ee15d241185,1,val,0,32202_c
32202,d,11,175,1461,737983d88c5e,1,val,1,32202_d
32202,e,12,107,890,e7ef1e6bbe05,1,val,0,32202_e
32202,f,13,42,342,31ae68a70096,1,val,0,32202_f
32202,g,14,121,1000,474f38908930,1,val,0,32202_g
32202,h,15,105,867,842edc966f55,1,val,0,32202_h
32202,i,16,347,2710,1ac6b8964350,1,val,0,32202_i
32202,j,17,99,800,7766676ea3bc,1,val,0,32202_j
32202,k,18,98,748,57abb6e8fdbf,1,val,0,32202_k
32202,l,19,603,4785,43f8d72d8ce9,1,val,0,32202_l
32202,m,20,129,951,ab62d00cc42c,1,val,0,32202_m
32202,n,21,56,479,155662cc3f58,1,val,0,32202_n
32202,o,22,128,1062,d27f8b3bc048,1,val,0,32202_o
32202,p,23,178,1534,fb8cc69a12ab,1,val,0,32202_p
32202,r,24,459,3631,c995c53d5613,1,val,0,32202_r
32202,s,25,303,2394,71ac4fdf0ccb,1,val,0,32202_s
32202,u,26,171,1398,215202319d19,1,val,0,32202_u
32202,v,27,123,1009,d624b35a15f8,1,val,0,32202_v
32202,w,28,320,2583,2ac3f09b8fcf,1,val,0,32202_w
32204,Q,0,44,363,38df15f49cc1,1,test,0,32204_Q
32204,S,1,69,559,3d00859b4e9f,1,test,0,32204_S
32204,U,2,83,643,92ff6b737a0d,1,test,0,32204_U
32204,V,3,140,1021,0195d6d564b4,1,test,0,32204_V
32204,W,4,113,949,0ba6f0a4f276,1,test,0,32204_W
32204,X,5,88,699,6a86629ffb8b,1,test,0,32204_X
32204,Y,6,67,584,71c0053eb5c6,1,test,1,32204_Y
32204,Z,7,80,641,ac211e2f10e7,1,test,0,32204_Z
32204,a,8,138,1151,7c0e2a731e65,1,test,0,32204_a
32204,b,9,98,819,6af638be35bf,1,test,0,32204_b
32204,c,10,156,1315,9ee15d241185,1,test,0,32204_c
32204,d,11,175,1461,737983d88c5e,1,test,0,32204_d
32204,e,12,104,867,ff4604c8ea7e,1,test,0,32204_e
32204,f,13,49,377,f2e9860e4838,1,test,0,32204_f
32204,g,14,121,1000,474f38908930,1,test,0,32204_g
32204,h,15,105,867,842edc966f55,1,test,0,32204_h
32204,i,16,347,2710,1ac6b8964350,1,test,0,32204_i
32204,j,17,115,914,8f3f21487ac4,1,test,1,32204_j
32204,k,18,98,748,57abb6e8fdbf,1,test,0,32204_k
32204,l,19,606,4816,72f89c2dbcc2,1,test,0,32204_l
32204,m,20,175,1292,0d7aa909ff44,1,test,0,32204_m
32204,n,21,56,479,155662cc3f58,1,test,0,32204_n
32204,o,22,128,1062,d27f8b3bc048,1,test,0,32204_o
32204,p,23,178,1530,fb8cc69a12ab,1,test,0,32204_p
32204,r,24,459,3631,c995c53d5613,1,test,0,32204_r
32204,s,25,318,2502,f32ef50574f0,1,test,0,32204_s
32204,u,26,171,1398,215202319d19,1,test,0,32204_u
32204,v,27,123,1025,d624b35a15f8,1,test,1,32204_v
32204,w,28,320,2583,2ac3f09b8fcf,1,test,0,32204_w
32205,A,0,431,3318,d5b1c92ebb12,1,train,0,32205_A
32205,B,1,176,1412,416cb1a03f2b,1,train,0,32205_B
32205,C,2,156,1244,1ca6a7885948,1,train,0,32205_C
32205,E,3,115,971,4246397898c5,1,train,0,32205_E
32205,F,4,86,691,05fa27df8f30,1,train,0,32205_F
32205,G,5,88,664,6a86629ffb8b,1,train,0,32205_G
32205,H,6,112,910,76d95237cfce,1,train,0,32205_H
32205,I,7,97,780,4dcebde383d5,1,train,0,32205_I
32205,J,8,297,2352,50a17e9e61e9,1,train,0,32205_J
32205,K,9,42,355,54cde56f3a06,1,train,0,32205_K
32205,L,10,125,1016,ab314ed305ec,1,train,1,32205_L
32205,M,11,690,5293,bfbf6b719461,1,train,0,32205_M
32205,N,12,144,1204,df6fa712e911,1,train,0,32205_N
32205,O,13,217,1660,fcaabec01408,1,train,0,32205_O
32205,P,14,208,1738,af4766b091e9,1,train,0,32205_P
32205,Q,15,378,3031,272414e60601,1,train,0,32205_Q
32205,T,16,96,741,c3b5df3f3a8b,1,train,0,32205_T
32205,W,17,29,218,855cefb8a110,1,train,0,32205_W
32206,Q,0,40,333,307b8218bc60,1,test,0,32206_Q
32206,S,1,70,567,9da13928eb20,1,test,0,32206_S
32206,U,2,83,643,92ff6b737a0d,1,test,0,32206_U
32206,V,3,140,1021,0195d6d564b4,1,test,0,32206_V
32206,W,4,113,949,0ba6f0a4f276,1,test,0,32206_W
32206,X,5,88,693,6a86629ffb8b,1,test,0,32206_X
32206,Y,6,70,600,a3c87fa2a82d,1,test,1,32206_Y
32206,Z,7,84,674,84a1ce7f2357,1,test,0,32206_Z
32206,a,8,140,1161,76dc7718e521,1,test,0,32206_a
32206,b,9,103,879,ce24bdef5a7c,1,test,0,32206_b
32206,c,10,156,1303,9ee15d241185,1,test,0,32206_c
32206,d,11,175,1461,737983d88c5e,1,test,0,32206_d
32206,e,12,107,890,e7ef1e6bbe05,1,test,0,32206_e
32206,f,13,42,342,31ae68a70096,1,test,0,32206_f
32206,g,14,121,1000,474f38908930,1,test,0,32206_g
32206,h,15,105,867,842edc966f55,1,test,1,32206_h
32206,i,16,347,2710,1ac6b8964350,1,test,0,32206_i
32206,j,17,99,800,7766676ea3bc,1,test,0,32206_j
32206,k,18,98,748,57abb6e8fdbf,1,test,0,32206_k
32206,l,19,603,4785,43f8d72d8ce9,1,test,1,32206_l
32206,m,20,129,951,ab62d00cc42c,1,test,1,32206_m
32206,n,21,56,456,155662cc3f58,1,test,0,32206_n
32206,o,22,128,1062,d27f8b3bc048,1,test,0,32206_o
32206,p,23,178,1530,fb8cc69a12ab,1,test,0,32206_p
32206,r,24,459,3631,c995c53d5613,1,test,0,32206_r
32206,s,25,303,2394,71ac4fdf0ccb,1,test,0,32206_s
32206,u,26,171,1398,215202319d19,1,test,0,32206_u
32206,v,27,123,989,d624b35a15f8,1,test,0,32206_v
32206,w,28,320,2563,2ac3f09b8fcf,1,test,0,32206_w
32210,A,0,433,3330,67698862e5b5,1,train,1,32210_A
32210,B,1,176,1412,416cb1a03f2b,1,train,0,32210_B
32210,C,2,156,1248,1ca6a7885948,1,train,0,32210_C
32210,E,3,115,971,4246397898c5,1,train,0,32210_E
32210,F,4,86,687,05fa27df8f30,1,train,0,32210_F
32210,G,5,88,693,6a86629ffb8b,1,train,0,32210_G
32210,H,6,112,910,76d95237cfce,1,train,0,32210_H
32210,I,7,97,780,4dcebde383d5,1,train,0,32210_I
32210,J,8,342,2751,5bb817c37f10,1,train,0,32210_J
32210,K,9,43,366,8895ba5514ee,1,train,0,32210_K
32210,L,10,125,1016,ab314ed305ec,1,train,0,32210_L
32210,M,11,690,5296,bfbf6b719461,1,train,0,32210_M
32210,N,12,144,1204,df6fa712e911,1,train,0,32210_N
32210,O,13,217,1671,fcaabec01408,1,train,0,32210_O
32210,P,14,208,1738,af4766b091e9,1,train,0,32210_P
32210,Q,15,385,3083,0cf2e199dc34,1,train,0,32210_Q
32210,T,16,96,741,c3b5df3f3a8b,1,train,0,32210_T
32210,W,17,29,218,855cefb8a110,1,train,0,32210_W
32214,Q,0,44,363,38df15f49cc1,1,train,0,32214_Q
32214,S,1,69,559,3d00859b4e9f,1,train,0,32214_S
32214,U,2,83,643,92ff6b737a0d,1,train,0,32214_U
32214,V,3,140,1021,0195d6d564b4,1,train,0,32214_V
32214,W,4,113,949,0ba6f0a4f276,1,train,0,32214_W
32214,X,5,88,703,6a86629ffb8b,1,train,0,32214_X
32214,Y,6,67,584,71c0053eb5c6,1,train,0,32214_Y
32214,Z,7,80,641,ac211e2f10e7,1,train,0,32214_Z
32214,a,8,138,1151,7c0e2a731e65,1,train,0,32214_a
32214,b,9,98,819,6af638be35bf,1,train,0,32214_b
32214,c,10,156,1312,9ee15d241185,1,train,0,32214_c
32214,d,11,175,1461,737983d88c5e,1,train,0,32214_d
32214,e,12,104,867,ff4604c8ea7e,1,train,0,32214_e
32214,f,13,49,378,f2e9860e4838,1,train,0,32214_f
32214,g,14,122,1005,cd0471e0b97a,1,train,0,32214_g
32214,h,15,105,867,842edc966f55,1,train,0,32214_h
32214,i,16,347,2710,1ac6b8964350,1,train,0,32214_i
32214,j,17,115,914,8f3f21487ac4,1,train,0,32214_j
32214,k,18,98,748,57abb6e8fdbf,1,train,0,32214_k
32214,l,19,606,4816,72f89c2dbcc2,1,train,0,32214_l
32214,m,20,175,1292,0d7aa909ff44,1,train,0,32214_m
32214,n,21,56,479,155662cc3f58,1,train,0,32214_n
32214,o,22,128,1062,d27f8b3bc048,1,train,0,32214_o
32214,p,23,178,1534,fb8cc69a12ab,1,train,0,32214_p
32214,r,24,459,3631,c995c53d5613,1,train,0,32214_r
32214,s,25,318,2508,f32ef50574f0,1,train,1,32214_s
32214,u,26,171,1398,215202319d19,1,train,1,32214_u
32214,v,27,123,1019,d624b35a15f8,1,train,0,32214_v
32214,w,28,320,2582,2ac3f09b8fcf,1,train,0,32214_w
32218,A,0,431,3318,d5b1c92ebb12,1,train,0,32218_A
32218,B,1,176,1408,416cb1a03f2b,1,train,0,32218_B
32218,C,2,156,1248,1ca6a7885948,1,train,0,32218_C
32218,E,3,115,971,4246397898c5,1,train,0,32218_E
32218,F,4,86,691,05fa27df8f30,1,train,0,32218_F
32218,G,5,88,693,6a86629ffb8b,1,train,0,32218_G
32218,H,6,112,910,76d95237cfce,1,train,0,32218_H
32218,I,7,97,780,4dcebde383d5,1,train,0,32218_I
32218,J,8,297,2351,50a17e9e61e9,1,train,0,32218_J
32218,K,9,42,355,54cde56f3a06,1,train,0,32218_K
32218,L,10,125,1016,ab314ed305ec,1,train,0,32218_L
32218,M,11,690,5296,bfbf6b719461,1,train,0,32218_M
32218,N,12,144,1204,df6fa712e911,1,train,0,32218_N
32218,O,13,217,1671,fcaabec01408,1,train,0,32218_O
32218,P,14,208,1738,af4766b091e9,1,train,1,32218_P
32218,Q,15,378,3031,272414e60601,1,train,0,32218_Q
32218,T,16,96,741,c3b5df3f3a8b,1,train,0,32218_T
32218,W,17,29,224,855cefb8a110,1,train,0,32218_W
32222,Q,0,40,333,307b8218bc60,1,test,0,32222_Q
32222,S,1,70,567,9da13928eb20,1,test,0,32222_S
32222,U,2,83,643,92ff6b737a0d,1,test,0,32222_U
32222,V,3,140,1021,0195d6d564b4,1,test,0,32222_V
32222,W,4,113,949,0ba6f0a4f276,1,test,0,32222_W
32222,X,5,88,696,6a86629ffb8b,1,test,0,32222_X
32222,Y,6,70,597,a3c87fa2a82d,1,test,1,32222_Y
32222,Z,7,84,674,84a1ce7f2357,1,test,0,32222_Z
32222,a,8,140,1165,76dc7718e521,1,test,0,32222_a
32222,b,9,103,879,ce24bdef5a7c,1,test,0,32222_b
32222,c,10,156,1315,9ee15d241185,1,test,0,32222_c
32222,d,11,175,1461,737983d88c5e,1,test,0,32222_d
32222,e,12,107,890,e7ef1e6bbe05,1,test,0,32222_e
32222,f,13,42,342,31ae68a70096,1,test,0,32222_f
32222,g,14,121,1000,474f38908930,1,test,1,32222_g
32222,h,15,105,867,842edc966f55,1,test,0,32222_h
32222,i,16,347,2710,1ac6b8964350,1,test,0,32222_i
32222,j,17,99,800,7766676ea3bc,1,test,0,32222_j
32222,k,18,97,740,7f15967ce88a,1,test,0,32222_k
32222,l,19,603,4782,43f8d72d8ce9,1,test,0,32222_l
32222,m,20,126,925,6c29d18599e5,1,test,0,32222_m
32222,n,21,56,479,155662cc3f58,1,test,0,32222_n
32222,o,22,128,1062,d27f8b3bc048,1,test,0,32222_o
32222,p,23,178,1534,fb8cc69a12ab,1,test,0,32222_p
32222,r,24,459,3631,c995c53d5613,1,test,0,32222_r
32222,s,25,303,2394,71ac4fdf0ccb,1,test,1,32222_s
32222,u,26,171,1398,215202319d19,1,test,0,32222_u
32222,v,27,123,1025,d624b35a15f8,1,test,0,32222_v
32222,w,28,320,2582,2ac3f09b8fcf,1,test,0,32222_w
32228,A,0,854,6960,ffe790884a49,1,train,0,32228_A
32228,B,1,76,568,3067aed9ecbc,1,train,1,32228_B
32228,C,2,193,1474,4ecd968e9e3f,1,train,0,32228_C
32228,D,3,60,520,335522fbf2f2,1,train,0,32228_D
32228,E,4,35,258,def496ce0f25,2,train,0,32228_E
32228,F,5,35,273,44eb332256d4,2,train,0,32228_F
32228,G,6,38,302,c5855f4ce275,2,train,0,32228_G
32228,a,7,858,6984,d3d65edfabde,1,train,0,32228_a
32228,c,8,145,1096,8faaa2a483f9,1,train,0,32228_c
32228,e,4,35,258,def496ce0f25,2,train,0,32228_e
32228,f,5,35,273,44eb332256d4,2,train,0,32228_f
32228,g,6,38,302,c5855f4ce275,2,train,0,32228_g
32244,A,0,218,1758,76b5cbdd9439,1,train,0,32244_A
32244,B,1,338,2601,edee59cbca1d,1,train,0,32244_B
32244,C,2,55,418,aceb9e09398f,1,train,0,32244_C
32244,R,3,290,2321,e41a241f1342,1,train,0,32244_R
32244,S,4,233,1794,99b13abbbe96,1,train,1,32244_S
32247,A,0,225,1813,09d966565c12,1,train,0,32247_A
32247,B,1,338,2601,edee59cbca1d,1,train,0,32247_B
32247,C,2,55,418,aceb9e09398f,1,train,0,32247_C
32247,R,3,292,2337,74efcdaebcf5,1,train,0,32247_R
32247,S,4,233,1794,99b13abbbe96,1,train,1,32247_S
32248,A,0,433,3330,67698862e5b5,1,train,0,32248_A
32248,B,1,176,1412,416cb1a03f2b,1,train,0,32248_B
32248,C,2,156,1248,1ca6a7885948,1,train,0,32248_C
32248,E,3,115,967,4246397898c5,1,train,0,32248_E
32248,F,4,86,687,05fa27df8f30,1,train,0,32248_F
32248,G,5,88,690,6a86629ffb8b,2,train,0,32248_G
32248,H,6,112,910,76d95237cfce,1,train,0,32248_H
32248,I,7,97,780,4dcebde383d5,1,train,0,32248_I
32248,J,8,342,2751,5bb817c37f10,1,train,0,32248_J
32248,K,9,43,366,8895ba5514ee,1,train,0,32248_K
32248,L,10,125,1016,ab314ed305ec,1,train,0,32248_L
32248,M,11,690,5296,bfbf6b719461,1,train,0,32248_M
32248,N,12,144,1204,df6fa712e911,1,train,1,32248_N
32248,O,13,217,1671,fcaabec01408,1,train,0,32248_O
32248,P,14,208,1738,af4766b091e9,1,train,0,32248_P
32248,Q,15,429,3446,80cb4e849ac0,1,train,0,32248_Q
32248,S,16,69,559,3d00859b4e9f,1,train,0,32248_S
32248,T,17,96,741,c3b5df3f3a8b,1,train,0,32248_T
32248,U,18,83,643,92ff6b737a0d,1,train,0,32248_U
32248,V,19,140,1021,0195d6d564b4,1,train,0,32248_V
32248,W,20,142,1167,2757ebabdda6,1,train,0,32248_W
32248,X,5,88,704,6a86629ffb8b,2,train,0,32248_X
32248,Y,21,67,584,71c0053eb5c6,1,train,0,32248_Y
32248,Z,22,80,641,ac211e2f10e7,1,train,0,32248_Z
32248,a,23,138,1151,7c0e2a731e65,1,train,0,32248_a
32248,b,24,98,819,6af638be35bf,1,train,0,32248_b
32248,c,25,156,1315,9ee15d241185,1,train,0,32248_c
32248,d,26,175,1461,737983d88c5e,1,train,0,32248_d
32248,e,27,104,867,ff4604c8ea7e,1,train,0,32248_e
32248,f,28,49,378,f2e9860e4838,1,train,0,32248_f
32248,g,29,121,1000,474f38908930,1,train,0,32248_g
32248,h,30,105,867,842edc966f55,1,train,0,32248_h
32248,i,31,347,2710,1ac6b8964350,1,train,0,32248_i
32248,j,32,115,914,8f3f21487ac4,1,train,0,32248_j
32248,k,33,98,748,57abb6e8fdbf,1,train,0,32248_k
32248,l,34,606,4800,72f89c2dbcc2,1,train,0,32248_l
32248,m,35,175,1295,0d7aa909ff44,1,train,0,32248_m
32248,n,36,56,479,155662cc3f58,1,train,0,32248_n
32248,o,37,128,1062,d27f8b3bc048,1,train,0,32248_o
32248,p,38,178,1530,fb8cc69a12ab,1,train,0,32248_p
32248,r,39,459,3631,c995c53d5613,1,train,0,32248_r
32248,s,40,318,2508,f32ef50574f0,1,train,0,32248_s
32248,u,41,171,1398,215202319d19,1,train,0,32248_u
32248,v,42,123,1056,d624b35a15f8,1,train,0,32248_v
32248,w,43,320,2582,2ac3f09b8fcf,1,train,0,32248_w
32249,A,0,433,3330,67698862e5b5,1,test,0,32249_A
32249,B,1,176,1412,416cb1a03f2b,1,test,0,32249_B
32249,C,2,156,1248,1ca6a7885948,1,test,1,32249_C
32249,E,3,115,971,4246397898c5,1,test,0,32249_E
32249,F,4,86,669,05fa27df8f30,1,test,0,32249_F
32249,G,5,88,689,6a86629ffb8b,2,test,0,32249_G
32249,H,6,112,910,76d95237cfce,1,test,0,32249_H
32249,I,7,97,780,4dcebde383d5,1,test,0,32249_I
32249,J,8,342,2751,5bb817c37f10,1,test,0,32249_J
32249,K,9,43,366,8895ba5514ee,1,test,0,32249_K
32249,L,10,125,1016,ab314ed305ec,1,test,0,32249_L
32249,M,11,690,5289,bfbf6b719461,1,test,0,32249_M
32249,N,12,144,1204,df6fa712e911,1,test,0,32249_N
32249,O,13,217,1654,fcaabec01408,1,test,0,32249_O
32249,P,14,208,1738,af4766b091e9,1,test,0,32249_P
32249,Q,15,429,3438,80cb4e849ac0,1,test,0,32249_Q
32249,S,16,69,559,3d00859b4e9f,1,test,1,32249_S
32249,T,17,96,741,c3b5df3f3a8b,1,test,0,32249_T
32249,U,18,83,643,92ff6b737a0d,1,test,0,32249_U
32249,V,19,140,1018,0195d6d564b4,1,test,0,32249_V
32249,W,20,142,1167,2757ebabdda6,1,test,0,32249_W
32249,X,5,88,704,6a86629ffb8b,2,test,0,32249_X
32249,Y,21,67,580,71c0053eb5c6,1,test,1,32249_Y
32249,Z,22,80,633,ac211e2f10e7,1,test,0,32249_Z
32249,a,23,138,1151,7c0e2a731e65,1,test,1,32249_a
32249,b,24,98,815,6af638be35bf,1,test,0,32249_b
32249,c,25,156,1315,9ee15d241185,1,test,0,32249_c
32249,d,26,175,1461,737983d88c5e,1,test,0,32249_d
32249,e,27,104,867,ff4604c8ea7e,1,test,0,32249_e
32249,f,28,49,378,f2e9860e4838,1,test,0,32249_f
32249,g,29,121,1000,474f38908930,1,test,0,32249_g
32249,h,30,105,867,842edc966f55,1,test,0,32249_h
32249,i,31,347,2710,1ac6b8964350,1,test,0,32249_i
32249,j,32,115,914,8f3f21487ac4,1,test,0,32249_j
32249,k,33,98,748,57abb6e8fdbf,1,test,0,32249_k
32249,l,34,606,4800,72f89c2dbcc2,1,test,0,32249_l
32249,m,35,175,1295,0d7aa909ff44,1,test,0,32249_m
32249,n,36,56,479,155662cc3f58,1,test,0,32249_n
32249,o,37,128,1062,d27f8b3bc048,1,test,0,32249_o
32249,p,38,178,1530,fb8cc69a12ab,1,test,0,32249_p
32249,r,39,459,3629,c995c53d5613,1,test,0,32249_r
32249,s,40,318,2501,f32ef50574f0,1,test,0,32249_s
32249,u,41,171,1398,215202319d19,1,test,0,32249_u
32249,v,42,123,1050,d624b35a15f8,1,test,0,32249_v
32249,w,43,320,2575,2ac3f09b8fcf,1,test,0,32249_w
32254,A,0,431,3318,d5b1c92ebb12,1,train,0,32254_A
32254,B,1,176,1412,416cb1a03f2b,1,train,0,32254_B
32254,C,2,156,1248,1ca6a7885948,1,train,0,32254_C
32254,E,3,115,971,4246397898c5,1,train,0,32254_E
32254,F,4,86,691,05fa27df8f30,1,train,0,32254_F
32254,G,5,88,693,6a86629ffb8b,2,train,0,32254_G
32254,H,6,112,910,76d95237cfce,1,train,0,32254_H
32254,I,7,97,780,4dcebde383d5,1,train,0,32254_I
32254,J,8,297,2359,50a17e9e61e9,1,train,0,32254_J
32254,K,9,42,355,54cde56f3a06,1,train,0,32254_K
32254,L,10,125,1016,ab314ed305ec,1,train,0,32254_L
32254,M,11,690,5292,bfbf6b719461,1,train,0,32254_M
32254,N,12,144,1204,df6fa712e911,1,train,0,32254_N
32254,O,13,217,1671,fcaabec01408,1,train,0,32254_O
32254,P,14,208,1738,af4766b091e9,1,train,0,32254_P
32254,Q,15,418,3364,e5793758ac7d,1,train,0,32254_Q
32254,S,16,70,567,9da13928eb20,1,train,1,32254_S
32254,T,17,96,741,c3b5df3f3a8b,1,train,0,32254_T
32254,U,18,83,643,92ff6b737a0d,1,train,0,32254_U
32254,V,19,140,1021,0195d6d564b4,1,train,0,32254_V
32254,W,20,142,1167,2757ebabdda6,1,train,0,32254_W
32254,X,5,88,699,6a86629ffb8b,2,train,0,32254_X
32254,Y,21,70,600,a3c87fa2a82d,1,train,0,32254_Y
32254,Z,22,84,674,84a1ce7f2357,1,train,0,32254_Z
32254,a,23,140,1165,76dc7718e521,1,train,0,32254_a
32254,b,24,103,879,ce24bdef5a7c,1,train,0,32254_b
32254,c,25,156,1315,9ee15d241185,1,train,0,32254_c
32254,d,26,175,1461,737983d88c5e,1,train,0,32254_d
32254,e,27,107,890,e7ef1e6bbe05,1,train,0,32254_e
32254,f,28,42,342,31ae68a70096,1,train,0,32254_f
32254,g,29,121,1000,474f38908930,1,train,1,32254_g
32254,h,30,105,867,842edc966f55,1,train,0,32254_h
32254,i,31,347,2710,1ac6b8964350,1,train,0,32254_i
32254,j,32,99,800,7766676ea3bc,1,train,0,32254_j
32254,k,33,98,748,57abb6e8fdbf,1,train,0,32254_k
32254,l,34,603,4785,43f8d72d8ce9,1,train,1,32254_l
32254,m,35,129,951,ab62d00cc42c,1,train,0,32254_m
32254,n,36,56,479,155662cc3f58,1,train,0,32254_n
32254,o,37,128,1062,d27f8b3bc048,1,train,0,32254_o
32254,p,38,178,1530,fb8cc69a12ab,1,train,0,32254_p
32254,r,39,459,3631,c995c53d5613,1,train,0,32254_r
32254,s,40,303,2394,71ac4fdf0ccb,1,train,0,32254_s
32254,u,41,171,1398,215202319d19,1,train,0,32254_u
32254,v,42,123,1009,d624b35a15f8,1,train,0,32254_v
32254,w,43,320,2583,2ac3f09b8fcf,1,train,0,32254_w
32255,A,0,433,3320,67698862e5b5,1,train,0,32255_A
32255,B,1,176,1402,416cb1a03f2b,1,train,0,32255_B
32255,C,2,156,1248,1ca6a7885948,1,train,0,32255_C
32255,E,3,115,971,4246397898c5,1,train,0,32255_E
32255,F,4,86,687,05fa27df8f30,1,train,0,32255_F
32255,G,5,88,693,6a86629ffb8b,2,train,1,32255_G
32255,H,6,112,910,76d95237cfce,1,train,0,32255_H
32255,I,7,97,780,4dcebde383d5,1,train,0,32255_I
32255,J,8,342,2751,5bb817c37f10,1,train,0,32255_J
32255,K,9,43,366,8895ba5514ee,1,train,0,32255_K
32255,L,10,125,1016,ab314ed305ec,1,train,0,32255_L
32255,M,11,690,5292,bfbf6b719461,1,train,0,32255_M
32255,N,12,144,1204,df6fa712e911,1,train,0,32255_N
32255,O,13,217,1671,fcaabec01408,1,train,0,32255_O
32255,P,14,208,1738,af4766b091e9,1,train,1,32255_P
32255,Q,15,429,3438,80cb4e849ac0,1,train,0,32255_Q
32255,S,16,69,559,3d00859b4e9f,1,train,0,32255_S
32255,T,17,96,741,c3b5df3f3a8b,1,train,0,32255_T
32255,U,18,83,639,92ff6b737a0d,1,train,0,32255_U
32255,V,19,140,1021,0195d6d564b4,1,train,0,32255_V
32255,W,20,142,1167,2757ebabdda6,1,train,0,32255_W
32255,X,5,88,699,6a86629ffb8b,2,train,0,32255_X
32255,Y,21,67,584,71c0053eb5c6,1,train,0,32255_Y
32255,Z,22,80,641,ac211e2f10e7,1,train,0,32255_Z
32255,a,23,138,1151,7c0e2a731e65,1,train,0,32255_a
32255,b,24,98,819,6af638be35bf,1,train,0,32255_b
32255,c,25,156,1315,9ee15d241185,1,train,0,32255_c
32255,d,26,175,1461,737983d88c5e,1,train,0,32255_d
32255,e,27,104,867,ff4604c8ea7e,1,train,0,32255_e
32255,f,28,49,377,f2e9860e4838,1,train,0,32255_f
32255,g,29,121,1000,474f38908930,1,train,0,32255_g
32255,h,30,105,867,842edc966f55,1,train,0,32255_h
32255,i,31,347,2710,1ac6b8964350,1,train,0,32255_i
32255,j,32,115,914,8f3f21487ac4,1,train,0,32255_j
32255,k,33,98,748,57abb6e8fdbf,1,train,0,32255_k
32255,l,34,606,4816,72f89c2dbcc2,1,train,0,32255_l
32255,m,35,175,1284,0d7aa909ff44,1,train,1,32255_m
32255,n,36,56,479,155662cc3f58,1,train,0,32255_n
32255,o,37,128,1062,d27f8b3bc048,1,train,0,32255_o
32255,p,38,178,1534,fb8cc69a12ab,1,train,0,32255_p
32255,r,39,459,3631,c995c53d5613,1,train,0,32255_r
32255,s,40,318,2501,f32ef50574f0,1,train,0,32255_s
32255,u,41,171,1398,215202319d19,1,train,0,32255_u
32255,v,42,123,1025,d624b35a15f8,1,train,0,32255_v
32255,w,43,320,2583,2ac3f09b8fcf,1,train,0,32255_w
32260,A,0,433,3330,67698862e5b5,1,train,0,32260_A
32260,B,1,176,1412,416cb1a03f2b,1,train,0,32260_B
32260,C,2,156,1248,1ca6a7885948,1,train,0,32260_C
32260,E,3,115,967,4246397898c5,1,train,0,32260_E
32260,F,4,86,684,05fa27df8f30,1,train,0,32260_F
32260,G,5,88,693,6a86629ffb8b,2,train,0,32260_G
32260,H,6,112,910,76d95237cfce,1,train,0,32260_H
32260,I,7,97,780,4dcebde383d5,1,train,0,32260_I
32260,J,8,342,2751,5bb817c37f10,1,train,0,32260_J
32260,K,9,43,366,8895ba5514ee,1,train,0,32260_K
32260,L,10,125,1016,ab314ed305ec,1,train,0,32260_L
32260,M,11,690,5293,bfbf6b719461,1,train,0,32260_M
32260,N,12,144,1204,df6fa712e911,1,train,0,32260_N
32260,O,13,217,1671,fcaabec01408,1,train,0,32260_O
32260,P,14,208,1738,af4766b091e9,1,train,0,32260_P
32260,Q,15,429,3446,80cb4e849ac0,1,train,0,32260_Q
32260,S,16,69,559,3d00859b4e9f,1,train,0,32260_S
32260,T,17,96,741,c3b5df3f3a8b,1,train,0,32260_T
32260,U,18,83,643,92ff6b737a0d,1,train,0,32260_U
32260,V,19,140,1021,0195d6d564b4,1,train,0,32260_V
32260,W,20,142,1161,2757ebabdda6,1,train,0,32260_W
32260,X,5,88,696,6a86629ffb8b,2,train,0,32260_X
32260,Y,21,67,584,71c0053eb5c6,1,train,0,32260_Y
32260,Z,22,80,641,ac211e2f10e7,1,train,0,32260_Z
32260,a,23,138,1151,7c0e2a731e65,1,train,0,32260_a
32260,b,24,98,819,6af638be35bf,1,train,0,32260_b
32260,c,25,156,1315,9ee15d241185,1,train,0,32260_c
32260,d,26,175,1461,737983d88c5e,1,train,0,32260_d
32260,e,27,104,867,ff4604c8ea7e,1,train,0,32260_e
32260,f,28,49,377,f2e9860e4838,1,train,0,32260_f
32260,g,29,122,1000,cd0471e0b97a,1,train,0,32260_g
32260,h,30,105,867,842edc966f55,1,train,0,32260_h
32260,i,31,347,2710,1ac6b8964350,1,train,0,32260_i
32260,j,32,115,914,8f3f21487ac4,1,train,0,32260_j
32260,k,33,98,748,57abb6e8fdbf,1,train,0,32260_k
32260,l,34,606,4797,72f89c2dbcc2,1,train,1,32260_l
32260,m,35,175,1276,0d7aa909ff44,1,train,0,32260_m
32260,n,36,56,479,155662cc3f58,1,train,0,32260_n
32260,o,37,128,1062,d27f8b3bc048,1,train,0,32260_o
32260,p,38,178,1534,fb8cc69a12ab,1,train,0,32260_p
32260,r,39,459,3624,c995c53d5613,1,train,0,32260_r
32260,s,40,318,2508,f32ef50574f0,1,train,0,32260_s
32260,u,41,171,1398,215202319d19,1,train,0,32260_u
32260,v,42,123,1033,d624b35a15f8,1,train,0,32260_v
32260,w,43,320,2586,2ac3f09b8fcf,1,train,0,32260_w
32262,A,0,537,4143,b4d59caa1c68,2,train,0,32262_A
32262,B,1,97,780,68e70fe2e066,2,train,0,32262_B
32262,C,2,418,3149,84a16971c903,2,train,1,32262_C
32262,D,0,537,4143,b4d59caa1c68,2,train,0,32262_D
32262,E,1,97,780,68e70fe2e066,2,train,0,32262_E
32262,F,2,418,3149,84a16971c903,2,train,0,32262_F
32263,A,0,431,3318,d5b1c92ebb12,1,train,0,32263_A
32263,B,1,176,1412,416cb1a03f2b,1,train,0,32263_B
32263,C,2,156,1235,1ca6a7885948,1,train,0,32263_C
32263,E,3,115,965,4246397898c5,1,train,0,32263_E
32263,F,4,86,688,05fa27df8f30,1,train,0,32263_F
32263,G,5,88,693,6a86629ffb8b,2,train,0,32263_G
32263,H,6,112,910,76d95237cfce,1,train,0,32263_H
32263,I,7,97,762,4dcebde383d5,1,train,0,32263_I
32263,J,8,297,2352,50a17e9e61e9,1,train,1,32263_J
32263,K,9,42,355,54cde56f3a06,1,train,0,32263_K
32263,L,10,125,1016,ab314ed305ec,1,train,0,32263_L
32263,M,11,690,5293,bfbf6b719461,1,train,0,32263_M
32263,N,12,144,1204,df6fa712e911,1,train,0,32263_N
32263,O,13,217,1648,fcaabec01408,1,train,0,32263_O
32263,P,14,208,1738,af4766b091e9,1,train,0,32263_P
32263,Q,15,418,3351,e5793758ac7d,1,train,0,32263_Q
32263,S,16,70,567,9da13928eb20,1,train,0,32263_S
32263,T,17,96,741,c3b5df3f3a8b,1,train,1,32263_T
32263,U,18,83,643,92ff6b737a0d,1,train,0,32263_U
32263,V,19,140,1021,0195d6d564b4,1,train,0,32263_V
32263,W,20,142,1161,2757ebabdda6,1,train,0,32263_W
32263,X,5,88,696,6a86629ffb8b,2,train,0,32263_X
32263,Y,21,70,583,a3c87fa2a82d,1,train,0,32263_Y
32263,Z,22,84,674,84a1ce7f2357,1,train,0,32263_Z
32263,a,23,140,1152,76dc7718e521,1,train,0,32263_a
32263,b,24,103,875,ce24bdef5a7c,1,train,0,32263_b
32263,c,25,156,1315,9ee15d241185,1,train,0,32263_c
32263,d,26,175,1461,737983d88c5e,1,train,0,32263_d
32263,e,27,107,890,e7ef1e6bbe05,1,train,0,32263_e
32263,f,28,42,342,31ae68a70096,1,train,0,32263_f
32263,g,29,121,1000,474f38908930,1,train,0,32263_g
32263,h,30,105,867,842edc966f55,1,train,0,32263_h
32263,i,31,347,2706,1ac6b8964350,1,train,0,32263_i
32263,j,32,99,800,7766676ea3bc,1,train,0,32263_j
32263,k,33,98,748,57abb6e8fdbf,1,train,0,32263_k
32263,l,34,603,4782,43f8d72d8ce9,1,train,0,32263_l
32263,m,35,129,948,ab62d00cc42c,1,train,0,32263_m
32263,n,36,56,456,155662cc3f58,1,train,0,32263_n
32263,o,37,128,1058,d27f8b3bc048,1,train,0,32263_o
32263,p,38,178,1534,fb8cc69a12ab,1,train,0,32263_p
32263,r,39,459,3631,c995c53d5613,1,train,0,32263_r
32263,s,40,303,2394,71ac4fdf0ccb,1,train,0,32263_s
32263,u,41,171,1398,215202319d19,1,train,0,32263_u
32263,v,42,123,1017,d624b35a15f8,1,train,0,32263_v
32263,w,43,320,2574,2ac3f09b8fcf,1,train,0,32263_w
32264,A,0,431,3314,d5b1c92ebb12,1,test,0,32264_A
32264,B,1,176,1412,416cb1a03f2b,1,test,1,32264_B
32264,C,2,156,1248,1ca6a7885948,1,test,1,32264_C
32264,E,3,115,963,4246397898c5,1,test,0,32264_E
32264,F,4,86,691,05fa27df8f30,1,test,0,32264_F
32264,G,5,88,683,6a86629ffb8b,2,test,0,32264_G
32264,H,6,112,910,76d95237cfce,1,test,0,32264_H
32264,I,7,97,762,4dcebde383d5,1,test,0,32264_I
32264,J,8,297,2359,50a17e9e61e9,1,test,0,32264_J
32264,K,9,42,355,54cde56f3a06,1,test,0,32264_K
32264,L,10,125,1013,ab314ed305ec,1,test,0,32264_L
32264,M,11,690,5296,bfbf6b719461,1,test,0,32264_M
32264,N,12,144,1204,df6fa712e911,1,test,0,32264_N
32264,O,13,217,1671,fcaabec01408,1,test,1,32264_O
32264,P,14,208,1738,af4766b091e9,1,test,0,32264_P
32264,Q,15,418,3364,e5793758ac7d,1,test,0,32264_Q
32264,S,16,70,567,9da13928eb20,1,test,1,32264_S
32264,T,17,96,741,c3b5df3f3a8b,1,test,0,32264_T
32264,U,18,83,643,92ff6b737a0d,1,test,0,32264_U
32264,V,19,140,1017,0195d6d564b4,1,test,0,32264_V
32264,W,20,142,1154,2757ebabdda6,1,test,0,32264_W
32264,X,5,88,696,6a86629ffb8b,2,test,0,32264_X
32264,Y,21,70,577,a3c87fa2a82d,1,test,0,32264_Y
32264,Z,22,84,663,84a1ce7f2357,1,test,0,32264_Z
32264,a,23,140,1152,76dc7718e521,1,test,0,32264_a
32264,b,24,103,875,ce24bdef5a7c,1,test,0,32264_b
32264,c,25,156,1315,9ee15d241185,1,test,0,32264_c
32264,d,26,175,1457,737983d88c5e,1,test,0,32264_d
32264,e,27,107,890,e7ef1e6bbe05,1,test,0,32264_e
32264,f,28,42,342,31ae68a70096,1,test,0,32264_f
32264,g,29,121,1000,474f38908930,1,test,0,32264_g
32264,h,30,105,867,842edc966f55,1,test,0,32264_h
32264,i,31,347,2706,1ac6b8964350,1,test,0,32264_i
32264,j,32,99,800,7766676ea3bc,1,test,0,32264_j
32264,k,33,98,748,57abb6e8fdbf,1,test,0,32264_k
32264,l,34,603,4785,43f8d72d8ce9,1,test,0,32264_l
32264,m,35,129,948,ab62d00cc42c,1,test,0,32264_m
32264,n,36,56,456,155662cc3f58,1,test,0,32264_n
32264,o,37,128,1054,d27f8b3bc048,1,test,1,32264_o
32264,p,38,178,1534,fb8cc69a12ab,1,test,0,32264_p
32264,r,39,459,3631,c995c53d5613,1,test,0,32264_r
32264,s,40,303,2394,71ac4fdf0ccb,1,test,0,32264_s
32264,u,41,171,1398,215202319d19,1,test,0,32264_u
32264,v,42,123,1017,d624b35a15f8,1,test,0,32264_v
32264,w,43,320,2567,2ac3f09b8fcf,1,test,1,32264_w
32265,A,0,433,3330,67698862e5b5,1,val,0,32265_A
32265,B,1,176,1412,416cb1a03f2b,1,val,0,32265_B
32265,C,2,156,1248,1ca6a7885948,1,val,0,32265_C
32265,E,3,115,971,4246397898c5,1,val,0,32265_E
32265,F,4,86,687,05fa27df8f30,1,val,0,32265_F
32265,G,5,88,693,6a86629ffb8b,2,val,0,32265_G
32265,H,6,112,910,76d95237cfce,1,val,0,32265_H
32265,I,7,97,780,4dcebde383d5,1,val,0,32265_I
32265,J,8,342,2751,5bb817c37f10,1,val,0,32265_J
32265,K,9,43,366,8895ba5514ee,1,val,0,32265_K
32265,L,10,125,1016,ab314ed305ec,1,val,0,32265_L
32265,M,11,690,5296,bfbf6b719461,1,val,0,32265_M
32265,N,12,144,1204,df6fa712e911,1,val,0,32265_N
32265,O,13,217,1671,fcaabec01408,1,val,0,32265_O
32265,P,14,208,1732,af4766b091e9,1,val,0,32265_P
32265,Q,15,429,3446,80cb4e849ac0,1,val,0,32265_Q
32265,S,16,69,552,3d00859b4e9f,1,val,0,32265_S
32265,T,17,96,741,c3b5df3f3a8b,1,val,0,32265_T
32265,U,18,83,643,92ff6b737a0d,1,val,0,32265_U
32265,V,19,140,1021,0195d6d564b4,1,val,0,32265_V
32265,W,20,142,1161,2757ebabdda6,1,val,0,32265_W
32265,X,5,88,693,6a86629ffb8b,2,val,0,32265_X
32265,Y,21,67,584,71c0053eb5c6,1,val,0,32265_Y
32265,Z,22,80,641,ac211e2f10e7,1,val,0,32265_Z
32265,a,23,138,1151,7c0e2a731e65,1,val,0,32265_a
32265,b,24,98,819,6af638be35bf,1,val,0,32265_b
32265,c,25,156,1315,9ee15d241185,1,val,0,32265_c
32265,d,26,175,1459,737983d88c5e,1,val,0,32265_d
32265,e,27,104,867,ff4604c8ea7e,1,val,0,32265_e
32265,f,28,49,378,f2e9860e4838,1,val,0,32265_f
32265,g,29,122,1005,cd0471e0b97a,1,val,0,32265_g
32265,h,30,105,867,842edc966f55,1,val,0,32265_h
32265,i,31,347,2710,1ac6b8964350,1,val,0,32265_i
32265,j,32,115,914,8f3f21487ac4,1,val,0,32265_j
32265,k,33,98,748,57abb6e8fdbf,1,val,0,32265_k
32265,l,34,606,4800,72f89c2dbcc2,1,val,0,32265_l
32265,m,35,175,1277,0d7aa909ff44,1,val,0,32265_m
32265,n,36,56,479,155662cc3f58,1,val,0,32265_n
32265,o,37,128,1062,d27f8b3bc048,1,val,0,32265_o
32265,p,38,178,1534,fb8cc69a12ab,1,val,1,32265_p
32265,r,39,459,3631,c995c53d5613,1,val,0,32265_r
32265,s,40,318,2508,f32ef50574f0,1,val,0,32265_s
32265,u,41,171,1398,215202319d19,1,val,0,32265_u
32265,v,42,123,1025,d624b35a15f8,1,val,0,32265_v
32265,w,43,320,2579,2ac3f09b8fcf,1,val,0,32265_w
32266,A,0,433,3330,67698862e5b5,1,val,0,32266_A
32266,B,1,176,1412,416cb1a03f2b,1,val,0,32266_B
32266,C,2,156,1248,1ca6a7885948,1,val,0,32266_C
32266,E,3,115,971,4246397898c5,1,val,0,32266_E
32266,F,4,86,681,05fa27df8f30,1,val,0,32266_F
32266,G,5,88,693,6a86629ffb8b,2,val,0,32266_G
32266,H,6,112,910,76d95237cfce,1,val,0,32266_H
32266,I,7,97,780,4dcebde383d5,1,val,0,32266_I
32266,J,8,342,2751,5bb817c37f10,1,val,0,32266_J
32266,K,9,43,366,8895ba5514ee,1,val,0,32266_K
32266,L,10,125,1016,ab314ed305ec,1,val,0,32266_L
32266,M,11,690,5296,bfbf6b719461,1,val,0,32266_M
32266,N,12,144,1204,df6fa712e911,1,val,1,32266_N
32266,O,13,217,1671,fcaabec01408,1,val,0,32266_O
32266,P,14,208,1732,af4766b091e9,1,val,0,32266_P
32266,Q,15,429,3446,80cb4e849ac0,1,val,0,32266_Q
32266,S,16,69,559,3d00859b4e9f,1,val,0,32266_S
32266,T,17,96,741,c3b5df3f3a8b,1,val,0,32266_T
32266,U,18,83,643,92ff6b737a0d,1,val,0,32266_U
32266,V,19,140,1021,0195d6d564b4,1,val,0,32266_V
32266,W,20,142,1161,2757ebabdda6,1,val,0,32266_W
32266,X,5,88,693,6a86629ffb8b,2,val,0,32266_X
32266,Y,21,67,584,71c0053eb5c6,1,val,0,32266_Y
32266,Z,22,80,641,ac211e2f10e7,1,val,0,32266_Z
32266,a,23,138,1151,7c0e2a731e65,1,val,0,32266_a
32266,b,24,98,815,6af638be35bf,1,val,0,32266_b
32266,c,25,156,1315,9ee15d241185,1,val,1,32266_c
32266,d,26,175,1461,737983d88c5e,1,val,0,32266_d
32266,e,27,104,867,ff4604c8ea7e,1,val,0,32266_e
32266,f,28,49,378,f2e9860e4838,1,val,0,32266_f
32266,g,29,122,1005,cd0471e0b97a,1,val,0,32266_g
32266,h,30,105,867,842edc966f55,1,val,0,32266_h
32266,i,31,347,2710,1ac6b8964350,1,val,0,32266_i
32266,j,32,115,914,8f3f21487ac4,1,val,0,32266_j
32266,k,33,98,748,57abb6e8fdbf,1,val,1,32266_k
32266,l,34,606,4800,72f89c2dbcc2,1,val,0,32266_l
32266,m,35,175,1277,0d7aa909ff44,1,val,0,32266_m
32266,n,36,56,479,155662cc3f58,1,val,0,32266_n
32266,o,37,128,1062,d27f8b3bc048,1,val,0,32266_o
32266,p,38,178,1534,fb8cc69a12ab,1,val,0,32266_p
32266,r,39,459,3631,c995c53d5613,1,val,0,32266_r
32266,s,40,318,2508,f32ef50574f0,1,val,0,32266_s
32266,u,41,171,1398,215202319d19,1,val,0,32266_u
32266,v,42,123,1025,d624b35a15f8,1,val,0,32266_v
32266,w,43,320,2582,2ac3f09b8fcf,1,val,0,32266_w
32267,A,0,433,3330,67698862e5b5,1,test,1,32267_A
32267,B,1,176,1412,416cb1a03f2b,1,test,0,32267_B
32267,C,2,156,1248,1ca6a7885948,1,test,0,32267_C
32267,E,3,115,971,4246397898c5,1,test,0,32267_E
32267,F,4,86,687,05fa27df8f30,1,test,0,32267_F
32267,G,5,88,690,6a86629ffb8b,2,test,1,32267_G
32267,H,6,112,910,76d95237cfce,1,test,0,32267_H
32267,I,7,97,780,4dcebde383d5,1,test,0,32267_I
32267,J,8,342,2748,5bb817c37f10,1,test,0,32267_J
32267,K,9,43,366,8895ba5514ee,1,test,0,32267_K
32267,L,10,125,1016,ab314ed305ec,1,test,0,32267_L
32267,M,11,690,5296,bfbf6b719461,1,test,0,32267_M
32267,N,12,144,1204,df6fa712e911,1,test,0,32267_N
32267,O,13,217,1671,fcaabec01408,1,test,0,32267_O
32267,P,14,208,1738,af4766b091e9,1,test,0,32267_P
32267,Q,15,429,3446,80cb4e849ac0,1,test,1,32267_Q
32267,S,16,69,559,3d00859b4e9f,1,test,0,32267_S
32267,T,17,96,741,c3b5df3f3a8b,1,test,0,32267_T
32267,U,18,83,643,92ff6b737a0d,1,test,0,32267_U
32267,V,19,140,1021,0195d6d564b4,1,test,0,32267_V
32267,W,20,142,1161,2757ebabdda6,1,test,0,32267_W
32267,X,5,88,693,6a86629ffb8b,2,test,0,32267_X
32267,Y,21,67,584,71c0053eb5c6,1,test,0,32267_Y
32267,Z,22,80,641,ac211e2f10e7,1,test,0,32267_Z
32267,a,23,138,1151,7c0e2a731e65,1,test,0,32267_a
32267,b,24,98,819,6af638be35bf,1,test,1,32267_b
32267,c,25,156,1315,9ee15d241185,1,test,0,32267_c
32267,d,26,175,1461,737983d88c5e,1,test,1,32267_d
32267,e,27,104,867,ff4604c8ea7e,1,test,0,32267_e
32267,f,28,49,378,f2e9860e4838,1,test,0,32267_f
32267,g,29,122,1005,cd0471e0b97a,1,test,0,32267_g
32267,h,30,105,867,842edc966f55,1,test,0,32267_h
32267,i,31,347,2710,1ac6b8964350,1,test,0,32267_i
32267,j,32,115,914,8f3f21487ac4,1,test,0,32267_j
32267,k,33,98,748,57abb6e8fdbf,1,test,0,32267_k
32267,l,34,606,4800,72f89c2dbcc2,1,test,0,32267_l
32267,m,35,175,1277,0d7aa909ff44,1,test,0,32267_m
32267,n,36,56,479,155662cc3f58,1,test,0,32267_n
32267,o,37,128,1062,d27f8b3bc048,1,test,0,32267_o
32267,p,38,178,1534,fb8cc69a12ab,1,test,0,32267_p
32267,r,39,459,3631,c995c53d5613,1,test,1,32267_r
32267,s,40,318,2508,f32ef50574f0,1,test,0,32267_s
32267,u,41,171,1398,215202319d19,1,test,1,32267_u
32267,v,42,123,1025,d624b35a15f8,1,test,1,32267_v
32267,w,43,320,2582,2ac3f09b8fcf,1,test,0,32267_w
32268,A,0,213,1691,8b2b5cf405bd,1,train,1,32268_A
32268,B,1,338,2593,edee59cbca1d,1,train,0,32268_B
32268,G,2,55,418,d6e3f4f18834,1,train,0,32268_G
32268,R,3,301,2421,b1291fa4135b,1,train,0,32268_R
32268,S,4,232,1760,b1b46e319a8c,1,train,0,32268_S
32271,A,0,431,3318,d5b1c92ebb12,1,train,0,32271_A
32271,B,1,176,1412,416cb1a03f2b,1,train,0,32271_B
32271,C,2,156,1248,1ca6a7885948,1,train,0,32271_C
32271,E,3,115,971,4246397898c5,1,train,0,32271_E
32271,F,4,86,691,05fa27df8f30,1,train,0,32271_F
32271,G,5,88,693,6a86629ffb8b,2,train,0,32271_G
32271,H,6,112,910,76d95237cfce,1,train,0,32271_H
32271,I,7,97,780,4dcebde383d5,1,train,0,32271_I
32271,J,8,331,2615,fd8795d87a2d,1,train,0,32271_J
32271,K,9,42,355,54cde56f3a06,1,train,0,32271_K
32271,L,10,125,1016,ab314ed305ec,1,train,0,32271_L
32271,M,11,690,5296,bfbf6b719461,1,train,0,32271_M
32271,N,12,144,1204,df6fa712e911,1,train,0,32271_N
32271,O,13,217,1668,fcaabec01408,1,train,0,32271_O
32271,P,14,208,1738,af4766b091e9,1,train,0,32271_P
32271,Q,15,418,3364,e5793758ac7d,1,train,0,32271_Q
32271,S,16,70,558,9da13928eb20,1,train,0,32271_S
32271,T,17,96,741,c3b5df3f3a8b,1,train,0,32271_T
32271,U,18,83,643,92ff6b737a0d,1,train,0,32271_U
32271,V,19,140,1018,0195d6d564b4,1,train,1,32271_V
32271,W,20,142,1167,2757ebabdda6,1,train,0,32271_W
32271,X,5,88,695,6a86629ffb8b,2,train,0,32271_X
32271,Y,21,70,600,a3c87fa2a82d,1,train,0,32271_Y
32271,Z,22,84,674,84a1ce7f2357,1,train,0,32271_Z
32271,a,23,140,1165,76dc7718e521,1,train,0,32271_a
32271,b,24,103,879,ce24bdef5a7c,1,train,0,32271_b
32271,c,25,156,1315,9ee15d241185,1,train,0,32271_c
32271,d,26,175,1461,737983d88c5e,1,train,0,32271_d
32271,e,27,107,890,e7ef1e6bbe05,1,train,0,32271_e
32271,f,28,42,342,31ae68a70096,1,train,0,32271_f
32271,g,29,121,999,474f38908930,1,train,0,32271_g
32271,h,30,105,867,842edc966f55,1,train,0,32271_h
32271,i,31,347,2710,1ac6b8964350,1,train,0,32271_i
32271,j,32,99,800,7766676ea3bc,1,train,0,32271_j
32271,k,33,98,748,57abb6e8fdbf,1,train,0,32271_k
32271,l,34,603,4720,43f8d72d8ce9,1,train,0,32271_l
32271,m,35,129,919,ab62d00cc42c,1,train,0,32271_m
32271,n,36,56,479,155662cc3f58,1,train,0,32271_n
32271,o,37,128,1062,d27f8b3bc048,1,train,0,32271_o
32271,p,38,178,1530,fb8cc69a12ab,1,train,0,32271_p
32271,r,39,459,3631,c995c53d5613,1,train,0,32271_r
32271,s,40,303,2394,71ac4fdf0ccb,1,train,0,32271_s
32271,u,41,171,1398,215202319d19,1,train,0,32271_u
32271,v,42,123,995,d624b35a15f8,1,train,0,32271_v
32271,w,43,320,2582,2ac3f09b8fcf,1,train,0,32271_w
32297,A,0,301,2396,c4c9163b083e,1,train,1,32297_A
32297,B,1,352,2887,8ac75e9b668e,1,train,0,32297_B
32297,C,2,338,2600,edee59cbca1d,1,train,1,32297_C
32297,D,3,56,433,fab9529b4cf8,1,train,0,32297_D
32297,H,4,236,1808,32a4664edb01,1,train,0,32297_H
32300,A,0,433,3330,67698862e5b5,1,train,0,32300_A
32300,B,1,176,1412,416cb1a03f2b,1,train,0,32300_B
32300,C,2,156,1248,1ca6a7885948,1,train,0,32300_C
32300,E,3,115,971,4246397898c5,1,train,0,32300_E
32300,F,4,86,687,05fa27df8f30,1,train,0,32300_F
32300,G,5,88,693,6a86629ffb8b,2,train,0,32300_G
32300,H,6,112,910,76d95237cfce,1,train,0,32300_H
32300,I,7,97,780,4dcebde383d5,1,train,0,32300_I
32300,J,8,342,2751,5bb817c37f10,1,train,1,32300_J
32300,K,9,43,366,8895ba5514ee,1,train,0,32300_K
32300,L,10,125,1016,ab314ed305ec,1,train,0,32300_L
32300,M,11,690,5296,bfbf6b719461,1,train,0,32300_M
32300,N,12,144,1204,df6fa712e911,1,train,0,32300_N
32300,O,13,217,1657,fcaabec01408,1,train,0,32300_O
32300,P,14,208,1738,af4766b091e9,1,train,0,32300_P
32300,Q,15,429,3446,80cb4e849ac0,1,train,0,32300_Q
32300,S,16,69,559,3d00859b4e9f,1,train,0,32300_S
32300,T,17,96,741,c3b5df3f3a8b,1,train,0,32300_T
32300,U,18,83,643,92ff6b737a0d,1,train,0,32300_U
32300,V,19,140,1021,0195d6d564b4,1,train,0,32300_V
32300,W,20,142,1161,2757ebabdda6,1,train,0,32300_W
32300,X,5,88,703,6a86629ffb8b,2,train,0,32300_X
32300,Y,21,67,584,71c0053eb5c6,1,train,0,32300_Y
32300,Z,22,80,641,ac211e2f10e7,1,train,0,32300_Z
32300,a,23,138,1151,7c0e2a731e65,1,train,0,32300_a
32300,b,24,98,819,6af638be35bf,1,train,1,32300_b
32300,c,25,156,1307,9ee15d241185,1,train,1,32300_c
32300,d,26,175,1461,737983d88c5e,1,train,0,32300_d
32300,e,27,104,867,ff4604c8ea7e,1,train,0,32300_e
32300,f,28,49,378,f2e9860e4838,1,train,0,32300_f
32300,g,29,122,1005,cd0471e0b97a,1,train,0,32300_g
32300,h,30,105,863,842edc966f55,1,train,0,32300_h
32300,i,31,347,2710,1ac6b8964350,1,train,0,32300_i
32300,j,32,115,914,8f3f21487ac4,1,train,0,32300_j
32300,k,33,98,748,57abb6e8fdbf,1,train,0,32300_k
32300,l,34,606,4816,72f89c2dbcc2,1,train,1,32300_l
32300,m,35,175,1292,0d7aa909ff44,1,train,0,32300_m
32300,n,36,56,479,155662cc3f58,1,train,0,32300_n
32300,o,37,128,1058,d27f8b3bc048,1,train,0,32300_o
32300,p,38,178,1534,fb8cc69a12ab,1,train,0,32300_p
32300,r,39,459,3624,c995c53d5613,1,train,0,32300_r
32300,s,40,318,2507,f32ef50574f0,1,train,0,32300_s
32300,u,41,171,1398,215202319d19,1,train,0,32300_u
32300,v,42,123,1025,d624b35a15f8,1,train,0,32300_v
32300,w,43,320,2582,2ac3f09b8fcf,1,train,0,32300_w
32301,A,0,433,3330,67698862e5b5,1,test,0,32301_A
32301,B,1,176,1412,416cb1a03f2b,1,test,0,32301_B
32301,C,2,156,1248,1ca6a7885948,1,test,1,32301_C
32301,E,3,115,968,4246397898c5,1,test,0,32301_E
32301,F,4,86,683,05fa27df8f30,1,test,0,32301_F
32301,G,5,88,693,6a86629ffb8b,2,test,0,32301_G
32301,H,6,112,910,76d95237cfce,1,test,1,32301_H
32301,I,7,97,780,4dcebde383d5,1,test,0,32301_I
32301,J,8,342,2751,5bb817c37f10,1,test,0,32301_J
32301,K,9,43,366,8895ba5514ee,1,test,0,32301_K
32301,L,10,125,1016,ab314ed305ec,1,test,0,32301_L
32301,M,11,690,5296,bfbf6b719461,1,test,0,32301_M
32301,N,12,144,1204,df6fa712e911,1,test,0,32301_N
32301,O,13,217,1671,fcaabec01408,1,test,0,32301_O
32301,P,14,208,1738,af4766b091e9,1,test,0,32301_P
32301,Q,15,429,3446,80cb4e849ac0,1,test,0,32301_Q
32301,S,16,69,559,3d00859b4e9f,1,test,0,32301_S
32301,T,17,96,741,c3b5df3f3a8b,1,test,0,32301_T
32301,U,18,83,643,92ff6b737a0d,1,test,0,32301_U
32301,V,19,140,1021,0195d6d564b4,1,test,0,32301_V
32301,W,20,142,1167,2757ebabdda6,1,test,0,32301_W
32301,X,5,88,703,6a86629ffb8b,2,test,0,32301_X
32301,Y,21,67,584,71c0053eb5c6,1,test,0,32301_Y
32301,Z,22,80,641,ac211e2f10e7,1,test,0,32301_Z
32301,a,23,138,1151,7c0e2a731e65,1,test,0,32301_a
32301,b,24,98,819,6af638be35bf,1,test,0,32301_b
32301,c,25,156,1315,9ee15d241185,1,test,0,32301_c
32301,d,26,175,1461,737983d88c5e,1,test,1,32301_d
32301,e,27,104,867,ff4604c8ea7e,1,test,0,32301_e
32301,f,28,49,378,f2e9860e4838,1,test,0,32301_f
32301,g,29,122,1005,cd0471e0b97a,1,test,1,32301_g
32301,h,30,105,867,842edc966f55,1,test,0,32301_h
32301,i,31,347,2710,1ac6b8964350,1,test,0,32301_i
32301,j,32,115,914,8f3f21487ac4,1,test,1,32301_j
32301,k,33,98,748,57abb6e8fdbf,1,test,0,32301_k
32301,l,34,606,4816,72f89c2dbcc2,1,test,0,32301_l
32301,m,35,175,1292,0d7aa909ff44,1,test,0,32301_m
32301,n,36,56,479,155662cc3f58,1,test,0,32301_n
32301,o,37,128,1062,d27f8b3bc048,1,test,0,32301_o
32301,p,38,178,1534,fb8cc69a12ab,1,test,0,32301_p
32301,r,39,459,3631,c995c53d5613,1,test,0,32301_r
32301,s,40,318,2508,f32ef50574f0,1,test,0,32301_s
32301,u,41,171,1395,215202319d19,1,test,0,32301_u
32301,v,42,123,1025,d624b35a15f8,1,test,0,32301_v
32301,w,43,320,2582,2ac3f09b8fcf,1,test,0,32301_w
32302,A,0,433,3327,67698862e5b5,1,val,1,32302_A
32302,B,1,176,1412,416cb1a03f2b,1,val,0,32302_B
32302,C,2,156,1248,1ca6a7885948,1,val,0,32302_C
32302,E,3,115,967,4246397898c5,1,val,0,32302_E
32302,F,4,86,676,05fa27df8f30,1,val,0,32302_F
32302,G,5,88,693,6a86629ffb8b,2,val,0,32302_G
32302,H,6,112,910,76d95237cfce,1,val,0,32302_H
32302,I,7,97,780,4dcebde383d5,1,val,0,32302_I
32302,J,8,342,2751,5bb817c37f10,1,val,0,32302_J
32302,K,9,43,366,8895ba5514ee,1,val,0,32302_K
32302,L,10,125,1016,ab314ed305ec,1,val,0,32302_L
32302,M,11,690,5296,bfbf6b719461,1,val,0,32302_M
32302,N,12,144,1204,df6fa712e911,1,val,0,32302_N
32302,O,13,217,1671,fcaabec01408,1,val,0,32302_O
32302,P,14,208,1738,af4766b091e9,1,val,0,32302_P
32302,Q,15,429,3446,80cb4e849ac0,1,val,0,32302_Q
32302,S,16,69,559,3d00859b4e9f,1,val,0,32302_S
32302,T,17,96,741,c3b5df3f3a8b,1,val,0,32302_T
32302,U,18,83,643,92ff6b737a0d,1,val,0,32302_U
32302,V,19,140,1021,0195d6d564b4,1,val,0,32302_V
32302,W,20,142,1156,2757ebabdda6,1,val,0,32302_W
32302,X,5,88,703,6a86629ffb8b,2,val,0,32302_X
32302,Y,21,67,584,71c0053eb5c6,1,val,0,32302_Y
32302,Z,22,80,641,ac211e2f10e7,1,val,0,32302_Z
32302,a,23,138,1151,7c0e2a731e65,1,val,0,32302_a
32302,b,24,98,819,6af638be35bf,1,val,0,32302_b
32302,c,25,156,1315,9ee15d241185,1,val,0,32302_c
32302,d,26,175,1461,737983d88c5e,1,val,0,32302_d
32302,e,27,104,867,ff4604c8ea7e,1,val,0,32302_e
32302,f,28,49,378,f2e9860e4838,1,val,0,32302_f
32302,g,29,122,1005,cd0471e0b97a,1,val,0,32302_g
32302,h,30,105,851,842edc966f55,1,val,0,32302_h
32302,i,31,347,2710,1ac6b8964350,1,val,1,32302_i
32302,j,32,115,914,8f3f21487ac4,1,val,0,32302_j
32302,k,33,98,748,57abb6e8fdbf,1,val,0,32302_k
32302,l,34,606,4816,72f89c2dbcc2,1,val,0,32302_l
32302,m,35,175,1292,0d7aa909ff44,1,val,0,32302_m
32302,n,36,56,479,155662cc3f58,1,val,0,32302_n
32302,o,37,128,1062,d27f8b3bc048,1,val,0,32302_o
32302,p,38,178,1534,fb8cc69a12ab,1,val,0,32302_p
32302,r,39,459,3631,c995c53d5613,1,val,0,32302_r
32302,s,40,318,2508,f32ef50574f0,1,val,0,32302_s
32302,u,41,171,1398,215202319d19,1,val,0,32302_u
32302,v,42,123,1025,d624b35a15f8,1,val,0,32302_v
32302,w,43,320,2582,2ac3f09b8fcf,1,val,0,32302_w
32303,A,0,433,3328,67698862e5b5,1,train,0,32303_A
32303,B,1,176,1412,416cb1a03f2b,1,train,0,32303_B
32303,C,2,156,1248,1ca6a7885948,1,train,0,32303_C
32303,E,3,115,971,4246397898c5,1,train,0,32303_E
32303,F,4,86,687,05fa27df8f30,1,train,0,32303_F
32303,G,5,88,693,6a86629ffb8b,2,train,0,32303_G
32303,H,6,112,910,76d95237cfce,1,train,0,32303_H
32303,I,7,97,780,4dcebde383d5,1,train,0,32303_I
32303,J,8,342,2751,5bb817c37f10,1,train,0,32303_J
32303,K,9,43,366,8895ba5514ee,1,train,0,32303_K
32303,L,10,125,1016,ab314ed305ec,1,train,1,32303_L
32303,M,11,690,5296,bfbf6b719461,1,train,0,32303_M
32303,N,12,144,1204,df6fa712e911,1,train,0,32303_N
32303,O,13,217,1671,fcaabec01408,1,train,0,32303_O
32303,P,14,208,1738,af4766b091e9,1,train,0,32303_P
32303,Q,15,429,3443,80cb4e849ac0,1,train,0,32303_Q
32303,S,16,69,559,3d00859b4e9f,1,train,0,32303_S
32303,T,17,96,741,c3b5df3f3a8b,1,train,0,32303_T
32303,U,18,83,643,92ff6b737a0d,1,train,0,32303_U
32303,V,19,140,1021,0195d6d564b4,1,train,0,32303_V
32303,W,20,142,1167,2757ebabdda6,1,train,0,32303_W
32303,X,5,88,703,6a86629ffb8b,2,train,0,32303_X
32303,Y,21,67,580,71c0053eb5c6,1,train,0,32303_Y
32303,Z,22,80,641,ac211e2f10e7,1,train,0,32303_Z
32303,a,23,138,1151,7c0e2a731e65,1,train,0,32303_a
32303,b,24,98,819,6af638be35bf,1,train,0,32303_b
32303,c,25,156,1315,9ee15d241185,1,train,0,32303_c
32303,d,26,175,1461,737983d88c5e,1,train,0,32303_d
32303,e,27,104,867,ff4604c8ea7e,1,train,0,32303_e
32303,f,28,49,378,f2e9860e4838,1,train,0,32303_f
32303,g,29,122,1005,cd0471e0b97a,1,train,0,32303_g
32303,h,30,105,867,842edc966f55,1,train,0,32303_h
32303,i,31,347,2710,1ac6b8964350,1,train,0,32303_i
32303,j,32,115,914,8f3f21487ac4,1,train,0,32303_j
32303,k,33,98,748,57abb6e8fdbf,1,train,0,32303_k
32303,l,34,606,4816,72f89c2dbcc2,1,train,0,32303_l
32303,m,35,175,1292,0d7aa909ff44,1,train,0,32303_m
32303,n,36,56,479,155662cc3f58,1,train,0,32303_n
32303,o,37,128,1062,d27f8b3bc048,1,train,0,32303_o
32303,p,38,178,1534,fb8cc69a12ab,1,train,0,32303_p
32303,r,39,459,3631,c995c53d5613,1,train,0,32303_r
32303,s,40,318,2508,f32ef50574f0,1,train,0,32303_s
32303,u,41,171,1398,215202319d19,1,train,0,32303_u
32303,v,42,123,1018,d624b35a15f8,1,train,0,32303_v
32303,w,43,320,2582,2ac3f09b8fcf,1,train,0,32303_w
32304,A,0,433,3330,67698862e5b5,1,train,1,32304_A
32304,B,1,176,1412,416cb1a03f2b,1,train,0,32304_B
32304,C,2,156,1248,1ca6a7885948,1,train,0,32304_C
32304,E,3,115,971,4246397898c5,1,train,0,32304_E
32304,F,4,86,687,05fa27df8f30,1,train,0,32304_F
32304,G,5,88,693,6a86629ffb8b,2,train,0,32304_G
32304,H,6,112,910,76d95237cfce,1,train,1,32304_H
32304,I,7,97,780,4dcebde383d5,1,train,0,32304_I
32304,J,8,342,2751,5bb817c37f10,1,train,0,32304_J
32304,K,9,43,366,8895ba5514ee,1,train,0,32304_K
32304,L,10,125,1016,ab314ed305ec,1,train,0,32304_L
32304,M,11,690,5296,bfbf6b719461,1,train,0,32304_M
32304,N,12,144,1204,df6fa712e911,1,train,0,32304_N
32304,O,13,217,1671,fcaabec01408,1,train,0,32304_O
32304,P,14,208,1738,af4766b091e9,1,train,0,32304_P
32304,Q,15,429,3446,80cb4e849ac0,1,train,0,32304_Q
32304,S,16,69,559,3d00859b4e9f,1,train,0,32304_S
32304,T,17,96,741,c3b5df3f3a8b,1,train,0,32304_T
32304,U,18,83,643,92ff6b737a0d,1,train,0,32304_U
32304,V,19,140,1021,0195d6d564b4,1,train,1,32304_V
32304,W,20,142,1167,2757ebabdda6,1,train,0,32304_W
32304,X,5,88,703,6a86629ffb8b,2,train,0,32304_X
32304,Y,21,67,584,71c0053eb5c6,1,train,0,32304_Y
32304,Z,22,80,641,ac211e2f10e7,1,train,0,32304_Z
32304,a,23,138,1151,7c0e2a731e65,1,train,0,32304_a
32304,b,24,98,819,6af638be35bf,1,train,0,32304_b
32304,c,25,156,1315,9ee15d241185,1,train,0,32304_c
32304,d,26,175,1461,737983d88c5e,1,train,0,32304_d
32304,e,27,104,867,ff4604c8ea7e,1,train,0,32304_e
32304,f,28,49,378,f2e9860e4838,1,train,0,32304_f
32304,g,29,122,1005,cd0471e0b97a,1,train,0,32304_g
32304,h,30,105,867,842edc966f55,1,train,0,32304_h
32304,i,31,347,2710,1ac6b8964350,1,train,0,32304_i
32304,j,32,115,914,8f3f21487ac4,1,train,0,32304_j
32304,k,33,98,748,57abb6e8fdbf,1,train,0,32304_k
32304,l,34,606,4816,72f89c2dbcc2,1,train,0,32304_l
32304,m,35,175,1292,0d7aa909ff44,1,train,0,32304_m
32304,n,36,56,479,155662cc3f58,1,train,0,32304_n
32304,o,37,128,1062,d27f8b3bc048,1,train,0,32304_o
32304,p,38,178,1534,fb8cc69a12ab,1,train,0,32304_p
32304,r,39,459,3631,c995c53d5613,1,train,0,32304_r
32304,s,40,318,2508,f32ef50574f0,1,train,0,32304_s
32304,u,41,171,1398,215202319d19,1,train,0,32304_u
32304,v,42,123,1025,d624b35a15f8,1,train,0,32304_v
32304,w,43,320,2582,2ac3f09b8fcf,1,train,0,32304_w
32307,A,0,431,3300,d5b1c92ebb12,1,train,0,32307_A
32307,B,1,176,1412,416cb1a03f2b,1,train,0,32307_B
32307,C,2,156,1248,1ca6a7885948,1,train,0,32307_C
32307,E,3,115,971,4246397898c5,1,train,0,32307_E
32307,F,4,86,691,05fa27df8f30,1,train,0,32307_F
32307,G,5,88,686,6a86629ffb8b,2,train,0,32307_G
32307,H,6,112,910,76d95237cfce,1,train,0,32307_H
32307,I,7,97,780,4dcebde383d5,1,train,0,32307_I
32307,J,8,297,2352,50a17e9e61e9,1,train,0,32307_J
32307,K,9,42,355,54cde56f3a06,1,train,0,32307_K
32307,L,10,125,1016,ab314ed305ec,1,train,1,32307_L
32307,M,11,690,5295,bfbf6b719461,1,train,0,32307_M
32307,N,12,144,1204,df6fa712e911,1,train,0,32307_N
32307,O,13,217,1671,fcaabec01408,1,train,0,32307_O
32307,P,14,208,1738,af4766b091e9,1,train,0,32307_P
32307,Q,15,418,3364,e5793758ac7d,1,train,0,32307_Q
32307,S,16,70,567,9da13928eb20,1,train,0,32307_S
32307,T,17,96,741,c3b5df3f3a8b,1,train,0,32307_T
32307,U,18,83,643,92ff6b737a0d,1,train,0,32307_U
32307,V,19,140,1014,0195d6d564b4,1,train,0,32307_V
32307,W,20,142,1173,2757ebabdda6,1,train,0,32307_W
32307,X,5,88,696,6a86629ffb8b,2,train,0,32307_X
32307,Y,21,70,587,a3c87fa2a82d,1,train,0,32307_Y
32307,Z,22,84,674,84a1ce7f2357,1,train,0,32307_Z
32307,a,23,140,1165,76dc7718e521,1,train,0,32307_a
32307,b,24,103,867,ce24bdef5a7c,1,train,0,32307_b
32307,c,25,156,1307,9ee15d241185,1,train,0,32307_c
32307,d,26,175,1457,737983d88c5e,1,train,0,32307_d
32307,e,27,107,890,e7ef1e6bbe05,1,train,0,32307_e
32307,f,28,42,342,31ae68a70096,1,train,0,32307_f
32307,g,29,121,996,474f38908930,1,train,0,32307_g
32307,h,30,105,867,842edc966f55,1,train,0,32307_h
32307,i,31,347,2707,1ac6b8964350,1,train,0,32307_i
32307,j,32,99,799,7766676ea3bc,1,train,0,32307_j
32307,k,33,98,748,57abb6e8fdbf,1,train,0,32307_k
32307,l,34,603,4781,43f8d72d8ce9,1,train,0,32307_l
32307,m,35,129,948,ab62d00cc42c,1,train,0,32307_m
32307,n,36,56,473,155662cc3f58,1,train,0,32307_n
32307,o,37,128,1058,d27f8b3bc048,1,train,0,32307_o
32307,p,38,178,1528,fb8cc69a12ab,1,train,0,32307_p
32307,r,39,459,3631,c995c53d5613,1,train,0,32307_r
32307,s,40,303,2394,71ac4fdf0ccb,1,train,0,32307_s
32307,u,41,171,1386,215202319d19,1,train,0,32307_u
32307,v,42,123,1013,d624b35a15f8,1,train,0,32307_v
32307,w,43,320,2582,2ac3f09b8fcf,1,train,0,32307_w
32308,A,0,431,3314,d5b1c92ebb12,1,test,0,32308_A
32308,B,1,176,1412,416cb1a03f2b,1,test,0,32308_B
32308,C,2,156,1244,1ca6a7885948,1,test,0,32308_C
32308,E,3,115,968,4246397898c5,1,test,0,32308_E
32308,F,4,86,683,05fa27df8f30,1,test,0,32308_F
32308,G,5,88,690,6a86629ffb8b,2,test,0,32308_G
32308,H,6,112,910,76d95237cfce,1,test,0,32308_H
32308,I,7,97,780,4dcebde383d5,1,test,0,32308_I
32308,J,8,297,2339,50a17e9e61e9,1,test,1,32308_J
32308,K,9,42,344,54cde56f3a06,1,test,0,32308_K
32308,L,10,125,1002,ab314ed305ec,1,test,0,32308_L
32308,M,11,690,5296,bfbf6b719461,1,test,0,32308_M
32308,N,12,144,1193,df6fa712e911,1,test,0,32308_N
32308,O,13,217,1671,fcaabec01408,1,test,1,32308_O
32308,P,14,208,1738,af4766b091e9,1,test,0,32308_P
32308,Q,15,418,3353,e5793758ac7d,1,test,0,32308_Q
32308,S,16,70,563,9da13928eb20,1,test,0,32308_S
32308,T,17,96,741,c3b5df3f3a8b,1,test,0,32308_T
32308,U,18,83,643,92ff6b737a0d,1,test,0,32308_U
32308,V,19,140,1017,0195d6d564b4,1,test,0,32308_V
32308,W,20,142,1167,2757ebabdda6,1,test,0,32308_W
32308,X,5,88,693,6a86629ffb8b,2,test,0,32308_X
32308,Y,21,70,597,a3c87fa2a82d,1,test,0,32308_Y
32308,Z,22,84,674,84a1ce7f2357,1,test,1,32308_Z
32308,a,23,140,1165,76dc7718e521,1,test,0,32308_a
32308,b,24,103,875,ce24bdef5a7c,1,test,0,32308_b
32308,c,25,156,1312,9ee15d241185,1,test,0,32308_c
32308,d,26,175,1445,737983d88c5e,1,test,0,32308_d
32308,e,27,107,890,e7ef1e6bbe05,1,test,0,32308_e
32308,f,28,42,338,31ae68a70096,1,test,0,32308_f
32308,g,29,121,1000,474f38908930,1,test,0,32308_g
32308,h,30,105,867,842edc966f55,1,test,0,32308_h
32308,i,31,347,2710,1ac6b8964350,1,test,0,32308_i
32308,j,32,99,793,7766676ea3bc,1,test,0,32308_j
32308,k,33,98,748,57abb6e8fdbf,1,test,0,32308_k
32308,l,34,603,4764,43f8d72d8ce9,1,test,0,32308_l
32308,m,35,129,948,ab62d00cc42c,1,test,0,32308_m
32308,n,36,56,460,155662cc3f58,1,test,0,32308_n
32308,o,37,128,1062,d27f8b3bc048,1,test,0,32308_o
32308,p,38,178,1534,fb8cc69a12ab,1,test,0,32308_p
32308,r,39,459,3631,c995c53d5613,1,test,0,32308_r
32308,s,40,303,2387,71ac4fdf0ccb,1,test,0,32308_s
32308,u,41,171,1398,215202319d19,1,test,1,32308_u
32308,v,42,123,1019,d624b35a15f8,1,test,0,32308_v
32308,w,43,320,2562,2ac3f09b8fcf,1,test,0,32308_w
32309,A,0,431,3313,d5b1c92ebb12,1,val,0,32309_A
32309,B,1,176,1412,416cb1a03f2b,1,val,0,32309_B
32309,C,2,156,1248,1ca6a7885948,1,val,0,32309_C
32309,E,3,115,971,4246397898c5,1,val,0,32309_E
32309,F,4,86,691,05fa27df8f30,1,val,0,32309_F
32309,G,5,88,690,6a86629ffb8b,2,val,0,32309_G
32309,H,6,112,910,76d95237cfce,1,val,1,32309_H
32309,I,7,97,780,4dcebde383d5,1,val,0,32309_I
32309,J,8,297,2359,50a17e9e61e9,1,val,0,32309_J
32309,K,9,42,355,54cde56f3a06,1,val,0,32309_K
32309,L,10,125,1013,ab314ed305ec,1,val,0,32309_L
32309,M,11,690,5292,bfbf6b719461,1,val,0,32309_M
32309,N,12,144,1201,df6fa712e911,1,val,0,32309_N
32309,O,13,217,1671,fcaabec01408,1,val,1,32309_O
32309,P,14,208,1738,af4766b091e9,1,val,0,32309_P
32309,Q,15,418,3364,e5793758ac7d,1,val,0,32309_Q
32309,S,16,70,567,9da13928eb20,1,val,0,32309_S
32309,T,17,96,741,c3b5df3f3a8b,1,val,0,32309_T
32309,U,18,83,643,92ff6b737a0d,1,val,0,32309_U
32309,V,19,140,1009,0195d6d564b4,1,val,0,32309_V
32309,W,20,142,1173,2757ebabdda6,1,val,0,32309_W
32309,X,5,88,696,6a86629ffb8b,2,val,0,32309_X
32309,Y,21,70,597,a3c87fa2a82d,1,val,0,32309_Y
32309,Z,22,84,674,84a1ce7f2357,1,val,0,32309_Z
32309,a,23,140,1165,76dc7718e521,1,val,0,32309_a
32309,b,24,103,879,ce24bdef5a7c,1,val,0,32309_b
32309,c,25,156,1315,9ee15d241185,1,val,1,32309_c
32309,d,26,175,1461,737983d88c5e,1,val,0,32309_d
32309,e,27,107,890,e7ef1e6bbe05,1,val,1,32309_e
32309,f,28,42,342,31ae68a70096,1,val,0,32309_f
32309,g,29,121,1000,474f38908930,1,val,0,32309_g
32309,h,30,105,867,842edc966f55,1,val,0,32309_h
32309,i,31,347,2710,1ac6b8964350,1,val,0,32309_i
32309,j,32,99,800,7766676ea3bc,1,val,0,32309_j
32309,k,33,98,748,57abb6e8fdbf,1,val,0,32309_k
32309,l,34,603,4782,43f8d72d8ce9,1,val,0,32309_l
32309,m,35,129,946,ab62d00cc42c,1,val,1,32309_m
32309,n,36,56,479,155662cc3f58,1,val,0,32309_n
32309,o,37,128,1062,d27f8b3bc048,1,val,0,32309_o
32309,p,38,178,1534,fb8cc69a12ab,1,val,0,32309_p
32309,r,39,459,3631,c995c53d5613,1,val,1,32309_r
32309,s,40,303,2394,71ac4fdf0ccb,1,val,0,32309_s
32309,u,41,171,1398,215202319d19,1,val,0,32309_u
32309,v,42,123,1025,d624b35a15f8,1,val,0,32309_v
32309,w,43,320,2570,2ac3f09b8fcf,1,val,0,32309_w
32312,A,0,431,3318,d5b1c92ebb12,1,train,0,32312_A
32312,B,1,176,1412,416cb1a03f2b,1,train,0,32312_B
32312,C,2,156,1248,1ca6a7885948,1,train,0,32312_C
32312,E,3,115,961,4246397898c5,1,train,0,32312_E
32312,F,4,86,691,05fa27df8f30,1,train,0,32312_F
32312,G,5,88,693,6a86629ffb8b,2,train,0,32312_G
32312,H,6,112,910,76d95237cfce,1,train,0,32312_H
32312,I,7,97,780,4dcebde383d5,1,train,0,32312_I
32312,J,8,297,2348,50a17e9e61e9,1,train,0,32312_J
32312,K,9,42,355,54cde56f3a06,1,train,0,32312_K
32312,L,10,125,1016,ab314ed305ec,1,train,1,32312_L
32312,M,11,690,5296,bfbf6b719461,1,train,0,32312_M
32312,N,12,144,1204,df6fa712e911,1,train,0,32312_N
32312,O,13,217,1664,fcaabec01408,1,train,0,32312_O
32312,P,14,208,1734,af4766b091e9,1,train,0,32312_P
32312,Q,15,418,3364,e5793758ac7d,1,train,0,32312_Q
32312,S,16,70,567,9da13928eb20,1,train,0,32312_S
32312,T,17,96,741,c3b5df3f3a8b,1,train,0,32312_T
32312,U,18,83,643,92ff6b737a0d,1,train,0,32312_U
32312,V,19,140,1011,0195d6d564b4,1,train,0,32312_V
32312,W,20,142,1173,2757ebabdda6,1,train,0,32312_W
32312,X,5,88,696,6a86629ffb8b,2,train,0,32312_X
32312,Y,21,70,597,a3c87fa2a82d,1,train,0,32312_Y
32312,Z,22,84,674,84a1ce7f2357,1,train,0,32312_Z
32312,a,23,140,1165,76dc7718e521,1,train,0,32312_a
32312,b,24,103,879,ce24bdef5a7c,1,train,0,32312_b
32312,c,25,156,1315,9ee15d241185,1,train,0,32312_c
32312,d,26,175,1461,737983d88c5e,1,train,0,32312_d
32312,e,27,107,890,e7ef1e6bbe05,1,train,0,32312_e
32312,f,28,42,342,31ae68a70096,1,train,0,32312_f
32312,g,29,121,1000,474f38908930,1,train,0,32312_g
32312,h,30,105,847,842edc966f55,1,train,0,32312_h
32312,i,31,347,2710,1ac6b8964350,1,train,0,32312_i
32312,j,32,99,800,7766676ea3bc,1,train,0,32312_j
32312,k,33,98,748,57abb6e8fdbf,1,train,0,32312_k
32312,l,34,603,4781,43f8d72d8ce9,1,train,0,32312_l
32312,m,35,129,948,ab62d00cc42c,1,train,0,32312_m
32312,n,36,56,479,155662cc3f58,1,train,0,32312_n
32312,o,37,128,1062,d27f8b3bc048,1,train,0,32312_o
32312,p,38,178,1520,fb8cc69a12ab,1,train,0,32312_p
32312,r,39,459,3630,c995c53d5613,1,train,0,32312_r
32312,s,40,303,2394,71ac4fdf0ccb,1,train,0,32312_s
32312,u,41,171,1386,215202319d19,1,train,0,32312_u
32312,v,42,123,1025,d624b35a15f8,1,train,0,32312_v
32312,w,43,320,2582,2ac3f09b8fcf,1,train,0,32312_w
32314,A,0,232,1908,ffc028b282a0,1,train,1,32314_A
32314,B,1,338,2600,edee59cbca1d,1,train,0,32314_B
32314,E,2,231,1776,5750501f080a,1,train,0,32314_E
32314,G,3,54,407,1032991f930d,1,train,0,32314_G
32314,R,4,303,2451,84e5f4ebaeba,1,train,0,32314_R
32317,A,0,1984,16449,aa89b13daca4,1,train,0,32317_A
32317,C,1,862,6798,dee6116b2b53,1,train,0,32317_C
32317,E,2,299,2338,d614cc775911,1,train,0,32317_E
32317,I,3,617,3845,1c6ecac8c630,1,train,0,32317_I
32317,J,4,568,3814,af90bcdaea7c,1,train,0,32317_J
32317,K,5,155,772,a22bedb08af5,1,train,0,32317_K
32317,L,6,437,3015,fe9a2b9c81e1,1,train,0,32317_L
32317,M,7,130,1098,790b2cbe620e,1,train,0,32317_M
32317,N,8,143,1184,37ab84361ea1,1,train,0,32317_N
32317,O,9,285,2296,912609520600,1,train,0,32317_O
32317,P,10,113,953,395dbad837b1,1,train,0,32317_P
32317,Q,11,1322,6554,86b9772d8dbf,1,train,0,32317_Q
32317,R,12,278,2223,2d836020b684,1,train,0,32317_R
32317,S,13,159,1236,eecd23b6b5a5,1,train,0,32317_S
32317,T,14,312,2454,75caa196c0c4,1,train,0,32317_T
32317,U,15,72,422,c983a5b51c90,1,train,0,32317_U
32317,V,16,452,2632,2e161bf0e38c,1,train,0,32317_V
32317,W,17,509,4129,81884897eadb,1,train,0,32317_W
32317,X,18,69,616,6dad7ac94f3d,1,train,0,32317_X
32317,Y,19,666,3408,6b9d8852962a,1,train,0,32317_Y
32317,a,20,81,640,4e74a62e59c7,2,train,0,32317_a
32317,b,21,102,786,e1bf1e227278,1,train,1,32317_b
32317,c,22,82,649,bb381825f668,2,train,0,32317_c
32317,d,23,97,776,bd83d8171beb,1,train,0,32317_d
32317,e,24,79,652,2c801a089dbe,1,train,0,32317_e
32317,f,25,74,576,f5177eced929,2,train,0,32317_f
32317,g,26,74,577,f3dddef7a633,1,train,0,32317_g
32317,h,20,81,633,4e74a62e59c7,2,train,0,32317_h
32317,i,27,86,690,5abbfa7c3679,1,train,0,32317_i
32317,j,22,82,649,bb381825f668,2,train,0,32317_j
32317,k,28,85,688,3f35a16ae29c,1,train,0,32317_k
32317,l,29,78,644,01f2669aef56,1,train,0,32317_l
32317,m,25,74,576,f5177eced929,2,train,0,32317_m
32317,n,30,69,538,e8d1eec1a7d3,1,train,0,32317_n
32317,o,31,162,1282,a1d0e47824af,1,train,0,32317_o
32317,p,32,94,760,4b756234aa7c,1,train,0,32317_p
32317,q,33,132,659,bbbbe067947c,2,train,0,32317_q
32317,r,34,131,654,30e7768c9b48,2,train,0,32317_r
32317,s,33,132,659,bbbbe067947c,2,train,0,32317_s
32317,t,34,131,654,30e7768c9b48,2,train,0,32317_t
32317,u,35,386,1907,2eb65a6dddea,1,train,0,32317_u
32317,v,36,144,711,1c2b75ff7c37,1,train,0,32317_v
32317,w,37,91,445,a4570f43aa2a,1,train,0,32317_w
32317,x,38,25,124,882b67d1e1ea,1,train,0,32317_x
32317,y,39,79,390,546ed2d65330,1,train,0,32317_y
32319,1,0,267,2194,ee8ca0f6d782,1,test,0,32319_1
32319,2,1,123,1013,0cbfe071562b,1,test,1,32319_2
32319,A,2,1984,16449,aa89b13daca4,1,test,0,32319_A
32319,C,3,862,6791,dee6116b2b53,1,test,0,32319_C
32319,E,4,299,2338,d614cc775911,1,test,0,32319_E
32319,I,5,618,3857,709b56fcc9a4,1,test,0,32319_I
32319,J,6,567,3809,cf4b57b03257,1,test,0,32319_J
32319,K,7,155,772,a22bedb08af5,1,test,0,32319_K
32319,L,8,437,3015,fe9a2b9c81e1,1,test,0,32319_L
32319,M,9,130,1098,790b2cbe620e,1,test,0,32319_M
32319,N,10,143,1184,37ab84361ea1,1,test,0,32319_N
32319,O,11,285,2296,912609520600,1,test,0,32319_O
32319,P,12,113,953,395dbad837b1,1,test,0,32319_P
32319,Q,13,1322,6554,86b9772d8dbf,1,test,0,32319_Q
32319,R,14,259,2053,e76c4eb88cd0,1,test,0,32319_R
32319,S,15,159,1236,eecd23b6b5a5,1,test,0,32319_S
32319,T,16,312,2454,75caa196c0c4,1,test,0,32319_T
32319,U,17,72,422,c983a5b51c90,1,test,0,32319_U
32319,V,18,452,2632,2e161bf0e38c,1,test,0,32319_V
32319,W,19,509,4129,81884897eadb,1,test,1,32319_W
32319,X,20,87,702,9b0f4dfae103,1,test,0,32319_X
32319,Y,21,666,3408,6b9d8852962a,1,test,0,32319_Y
32319,Z,22,101,902,f2674837f608,1,test,0,32319_Z
32319,a,23,77,609,166cb85b3cb7,1,test,0,32319_a
32319,b,24,102,786,e1bf1e227278,1,test,0,32319_b
32319,c,25,82,649,bb381825f668,2,test,0,32319_c
32319,d,26,97,776,bd83d8171beb,1,test,0,32319_d
32319,e,27,79,652,2c801a089dbe,2,test,0,32319_e
32319,f,28,74,576,f5177eced929,2,test,0,32319_f
32319,g,29,74,577,f3dddef7a633,1,test,0,32319_g
32319,h,30,81,633,4e74a62e59c7,1,test,0,32319_h
32319,i,31,86,690,5abbfa7c3679,1,test,0,32319_i
32319,j,25,82,649,bb381825f668,2,test,0,32319_j
32319,k,32,85,688,3f35a16ae29c,1,test,0,32319_k
32319,l,27,79,652,2c801a089dbe,2,test,0,32319_l
32319,m,28,74,572,f5177eced929,2,test,0,32319_m
32319,n,33,69,542,e8d1eec1a7d3,1,test,0,32319_n
32319,o,34,162,1282,a1d0e47824af,1,test,0,32319_o
32319,p,35,94,760,4b756234aa7c,1,test,0,32319_p
32319,q,36,132,659,bbbbe067947c,2,test,0,32319_q
32319,r,37,131,654,30e7768c9b48,2,test,0,32319_r
32319,s,36,132,659,bbbbe067947c,2,test,0,32319_s
32319,t,37,131,654,30e7768c9b48,2,test,0,32319_t
32319,u,38,386,1907,2eb65a6dddea,1,test,0,32319_u
32319,v,39,144,711,1c2b75ff7c37,1,test,0,32319_v
32319,w,40,91,445,a4570f43aa2a,1,test,1,32319_w
32319,x,41,25,124,882b67d1e1ea,1,test,0,32319_x
32319,y,42,79,390,546ed2d65330,1,test,0,32319_y
32319,z,43,60,504,8b4a65c3ba6a,1,test,0,32319_z
32335,A,0,179,1474,d00ebe9484ab,4,train,1,32335_A
32335,B,1,430,3456,5775b5c47ac4,4,train,1,32335_B
32335,C,0,179,1474,d00ebe9484ab,4,train,0,32335_C
32335,D,1,430,3456,5775b5c47ac4,4,train,0,32335_D
32335,E,0,179,1474,d00ebe9484ab,4,train,0,32335_E
32335,F,1,430,3456,5775b5c47ac4,4,train,0,32335_F
32335,G,0,179,1474,d00ebe9484ab,4,train,0,32335_G
32335,H,1,430,3456,5775b5c47ac4,4,train,0,32335_H
32335,I,2,749,6024,c874957819f1,2,train,0,32335_I
32335,J,2,749,6024,c874957819f1,2,train,0,32335_J
32336,A,0,588,4557,f344f2716782,1,train,0,32336_A
32336,K,1,330,2676,d9cb6827a78e,1,train,0,32336_K
32336,S,2,533,4150,4589d14408c9,1,train,0,32336_S
32336,T,3,527,4268,7bf1a19684c9,1,train,1,32336_T
32336,U,4,420,3427,367624af2f88,1,train,0,32336_U
32357,A,0,762,5981,55c17f11f2f9,4,train,1,32357_A
32357,B,1,125,1086,71e45a7480ee,4,train,0,32357_B
32357,C,0,762,5981,55c17f11f2f9,4,train,0,32357_C
32357,D,1,125,1086,71e45a7480ee,4,train,0,32357_D
32357,E,0,762,5981,55c17f11f2f9,4,train,0,32357_E
32357,F,1,125,1086,71e45a7480ee,4,train,0,32357_F
32357,G,0,762,5981,55c17f11f2f9,4,train,0,32357_G
32357,H,1,125,1086,71e45a7480ee,4,train,0,32357_H
32370,A,0,1418,11434,f27f6e511251,1,train,0,32370_A
32370,B,1,173,1416,edc44b1e306b,1,train,0,32370_B
32370,C,2,119,971,69652d67b88f,1,train,1,32370_C
32372,A,0,1417,11419,1266fef6a4d9,1,train,0,32372_A
32372,B,1,173,1416,edc44b1e306b,1,train,0,32372_B
32372,C,2,119,971,69652d67b88f,1,train,1,32372_C
32428,A,0,197,1563,74e0b2e732a5,1,train,0,32428_A
32428,a,1,214,1627,1c1510c096cb,1,train,1,32428_a
32428,b,2,217,1690,99f7eac032fc,1,train,0,32428_b
32464,A,0,305,2372,799f2e9f607e,1,val,0,32464_A
32464,B,1,486,3780,fcec4d0c5898,1,val,0,32464_B
32464,C,2,94,776,c5dad3ca58e1,1,val,0,32464_C
32464,D,3,497,3950,5e07db17c055,1,val,1,32464_D
32464,E,4,89,695,0d282c160b1e,1,val,0,32464_E
32464,F,5,677,5330,112f11dbd9a5,1,val,0,32464_F
32464,G,6,167,1281,2f80e8aff5cb,1,val,0,32464_G
32464,a,7,341,2655,7272d0482fc0,1,val,0,32464_a
32464,b,8,307,2367,65cc2598f4e6,1,val,0,32464_b
32464,c,9,128,1005,fdacc284ef24,1,val,0,32464_c
32464,d,10,93,762,4adc0676caf3,1,val,1,32464_d
32464,e,11,150,1206,ac06774b70da,1,val,0,32464_e
32464,f,12,153,1277,68d91069c41d,1,val,0,32464_f
32464,g,13,115,965,4c302472af91,1,val,0,32464_g
32464,h,14,145,1170,9877f1c69099,1,val,0,32464_h
32464,i,15,145,1098,600449565ce7,1,val,0,32464_i
32464,j,16,173,1331,589c4b61d7f6,1,val,0,32464_j
32596,B,0,194,1554,ebbb763aa6a8,1,train,0,32596_B
32596,H,1,127,967,580285cd7d9e,1,train,1,32596_H
32596,L,2,111,841,728f1a3a8dc4,1,train,0,32596_L
32597,A,0,449,3669,12988f32fd27,2,train,1,32597_A
32597,B,1,473,3850,2d91409da210,2,train,0,32597_B
32597,C,0,449,3669,12988f32fd27,2,train,0,32597_C
32597,D,1,473,3850,2d91409da210,2,train,0,32597_D
32620,A,0,711,5421,1e2f8c6fd8df,4,test,1,32620_A
32620,B,0,711,5421,1e2f8c6fd8df,4,test,0,32620_B
32620,C,1,478,3645,cd3146b069c3,4,test,0,32620_C
32620,D,1,478,3645,cd3146b069c3,4,test,0,32620_D
32620,E,0,711,5421,1e2f8c6fd8df,4,test,0,32620_E
32620,F,1,478,3645,cd3146b069c3,4,test,0,32620_F
32620,G,0,711,5421,1e2f8c6fd8df,4,test,0,32620_G
32620,H,1,478,3645,cd3146b069c3,4,test,0,32620_H
32652,F,0,183,1462,ec10ce6af04d,1,train,1,32652_F
32652,H,1,131,1017,01a772c2b792,1,train,0,32652_H
32652,L,2,111,811,93178f0c8041,1,train,0,32652_L
32669,F,0,183,1484,52b2e35d7727,1,train,1,32669_F
32669,H,1,131,1017,01a772c2b792,1,train,0,32669_H
32669,L,2,111,811,93178f0c8041,1,train,0,32669_L
32682,A,0,197,1582,ed7e62e1d78d,1,train,1,32682_A
32682,B,1,188,1518,02aaa6d8e8fc,1,train,0,32682_B
32682,D,2,595,4857,b56d88d611e9,1,train,0,32682_D
32684,A,0,1021,7701,3d190f59f30d,1,train,0,32684_A
32684,B,1,1024,7681,53cf09f57847,1,train,0,32684_B
32684,C,2,1024,7642,ce79d295d1e6,1,train,0,32684_C
32684,U,3,225,1665,fc629121d46f,2,train,1,32684_U
32684,V,4,214,1637,3428196b205d,2,train,0,32684_V
32684,W,5,120,925,5efc2330c97d,2,train,0,32684_W
32684,X,3,225,1665,fc629121d46f,2,train,0,32684_X
32684,Y,4,214,1637,3428196b205d,2,train,0,32684_Y
32684,Z,5,120,925,5efc2330c97d,2,train,0,32684_Z
32685,A,0,1024,7676,53cf09f57847,1,train,0,32685_A
32685,B,1,1023,7672,63d137cafd9a,1,train,0,32685_B
32685,C,2,1022,7700,812ed1bfa100,1,train,0,32685_C
32685,R,3,225,1659,fc629121d46f,3,train,0,32685_R
32685,S,4,213,1622,2e78186e3351,3,train,0,32685_S
32685,T,5,120,925,5efc2330c97d,3,train,1,32685_T
32685,U,3,225,1648,fc629121d46f,3,train,0,32685_U
32685,V,4,213,1630,2e78186e3351,3,train,0,32685_V
32685,W,5,120,925,5efc2330c97d,3,train,0,32685_W
32685,X,3,225,1656,fc629121d46f,3,train,0,32685_X
32685,Y,4,213,1622,2e78186e3351,3,train,0,32685_Y
32685,Z,5,120,921,5efc2330c97d,3,train,0,32685_Z
32698,A,0,225,1811,8236b16849b4,1,train,1,32698_A
32698,B,1,339,2607,9dd9fa15a083,1,train,0,32698_B
32698,G,2,58,444,e83a9e12c2ee,1,train,0,32698_G
32698,R,3,289,2303,e63e1e85d18d,1,train,0,32698_R
32698,S,4,233,1787,ffdb582f5455,1,train,0,32698_S
32699,A,0,234,1927,bc1790df7e94,1,train,0,32699_A
32699,B,1,338,2600,edee59cbca1d,1,train,0,32699_B
32699,G,2,53,414,4fd64e4d85cc,1,train,0,32699_G
32699,N,3,128,973,a02c374db11e,1,train,1,32699_N
32699,R,4,282,2225,9bd85ddbc699,1,train,0,32699_R
32734,H,0,118,916,4f6b5acf151f,1,test,0,32734_H
32734,L,1,111,796,c1c74bd56403,1,test,1,32734_L
32734,R,2,183,1467,157e1fc035e2,1,test,0,32734_R
32764,A,0,537,4143,b4d59caa1c68,2,train,1,32764_A
32764,B,1,97,780,68e70fe2e066,2,train,0,32764_B
32764,C,2,418,3149,84a16971c903,2,train,0,32764_C
32764,D,0,537,4143,b4d59caa1c68,2,train,0,32764_D
32764,E,1,97,780,68e70fe2e066,2,train,0,32764_E
32764,F,2,418,3149,84a16971c903,2,train,0,32764_F
32801,B,0,213,1729,aa2b4e72a48a,1,train,0,32801_B
32801,E,1,262,2076,7a6daa02623c,1,train,0,32801_E
32801,F,2,189,1494,1c183b697401,1,train,0,32801_F
32801,G,3,230,1862,fb47701beb5a,1,train,0,32801_G
32801,H,4,186,1501,1238a305d357,1,train,0,32801_H
32801,I,5,205,1682,fbea195b77ee,1,train,0,32801_I
32801,J,6,180,1499,bdc506180619,1,train,0,32801_J
32801,K,7,1022,7949,753fdcb5bc89,1,train,0,32801_K
32801,L,8,151,1229,72f9e0f1c438,1,train,0,32801_L
32801,M,9,108,837,853731668b08,1,train,0,32801_M
32801,N,10,149,1202,df3b35a908be,1,train,1,32801_N
32801,O,11,135,1009,95fc0a388941,1,train,0,32801_O
32801,P,12,121,1006,74cc8d239e67,1,train,0,32801_P
32801,Q,13,125,998,e3b2fb49fee0,1,train,0,32801_Q
32801,R,14,81,673,db72d9ddb37d,1,train,0,32801_R
32801,S,15,127,1054,81b5bc002007,1,train,0,32801_S
32801,T,16,144,1122,d751c3719cde,1,train,0,32801_T
32801,W,17,129,1033,41a8986a004d,1,train,0,32801_W
32801,X,18,141,1098,eacbd46b2869,1,train,0,32801_X
32801,Y,19,124,1014,c345558b90bc,1,train,0,32801_Y
32801,Z,20,72,574,48af581d5572,1,train,0,32801_Z
32801,b,21,82,640,cea9b78434d6,1,train,0,32801_b
32801,c,22,61,471,1e46b6bbb991,1,train,0,32801_c
32801,e,23,20,179,ef4fd82306e8,1,train,0,32801_e
32801,f,24,57,465,3fbdbc4022a3,1,train,0,32801_f
32801,q,25,235,1869,b29b05e6df2a,1,train,0,32801_q
32801,r,26,118,940,a66cd02afa13,1,train,0,32801_r
32801,t,27,59,520,69105342c0e6,1,train,0,32801_t
32801,u,28,642,5168,402360abcfef,1,train,0,32801_u
32801,w,29,331,2610,33ec4c3e57b0,1,train,0,32801_w
32801,x,30,175,1372,d66f8ed9c3d2,1,train,0,32801_x
32801,z,31,82,679,f4a62ff3eebe,1,train,0,32801_z
32804,A,0,216,1705,c7740f253a2e,1,train,0,32804_A
32804,B,1,213,1729,aa2b4e72a48a,1,train,0,32804_B
32804,C,2,218,1690,c36dceaeb865,1,train,0,32804_C
32804,E,3,262,2076,7a6daa02623c,1,train,0,32804_E
32804,F,4,189,1495,1c183b697401,1,train,0,32804_F
32804,G,5,230,1862,fb47701beb5a,1,train,0,32804_G
32804,H,6,186,1501,1238a305d357,1,train,0,32804_H
32804,I,7,205,1682,fbea195b77ee,1,train,0,32804_I
32804,J,8,180,1499,bdc506180619,1,train,0,32804_J
32804,K,9,940,7302,94aac937d5d9,1,train,0,32804_K
32804,L,10,151,1229,72f9e0f1c438,1,train,0,32804_L
32804,M,11,123,953,7821060708d5,1,train,0,32804_M
32804,N,12,149,1202,df3b35a908be,1,train,0,32804_N
32804,O,13,135,1009,95fc0a388941,1,train,0,32804_O
32804,P,14,120,984,d367c3aea27b,1,train,0,32804_P
32804,Q,15,122,969,788855e39a86,1,train,0,32804_Q
32804,R,16,112,911,d52106b4dbfe,1,train,0,32804_R
32804,S,17,130,1083,89194393165a,1,train,0,32804_S
32804,T,18,144,1122,d751c3719cde,1,train,0,32804_T
32804,V,19,82,625,e5356a0a5838,1,train,0,32804_V
32804,W,20,129,1034,41a8986a004d,1,train,0,32804_W
32804,X,21,141,1098,eacbd46b2869,1,train,1,32804_X
32804,Y,22,124,1014,c345558b90bc,1,train,0,32804_Y
32804,Z,23,72,574,48af581d5572,1,train,0,32804_Z
32804,b,24,82,640,cea9b78434d6,1,train,0,32804_b
32804,c,25,61,471,1e46b6bbb991,1,train,0,32804_c
32804,e,26,55,438,9d1e1f5d08ef,1,train,0,32804_e
32804,f,27,61,498,983fc0cd29b1,1,train,0,32804_f
32804,t,28,132,1131,05d38f48774e,1,train,0,32804_t
32804,u,29,629,5062,95b148e5b50f,1,train,0,32804_u
32804,w,30,275,2248,51553bf58f67,1,train,0,32804_w
32804,x,31,178,1391,5e4ce1f10e47,1,train,0,32804_x
32804,y,32,325,2568,6510949648e8,1,train,1,32804_y
32806,A,0,216,1705,c7740f253a2e,1,train,0,32806_A
32806,B,1,213,1729,aa2b4e72a48a,1,train,0,32806_B
32806,C,2,218,1690,c36dceaeb865,1,train,0,32806_C
32806,E,3,262,2076,7a6daa02623c,1,train,0,32806_E
32806,F,4,189,1495,1c183b697401,1,train,0,32806_F
32806,G,5,230,1862,fb47701beb5a,1,train,0,32806_G
32806,H,6,186,1501,1238a305d357,1,train,0,32806_H
32806,I,7,205,1682,fbea195b77ee,1,train,1,32806_I
32806,J,8,180,1499,bdc506180619,1,train,0,32806_J
32806,K,9,909,7047,d50bad8fea1f,1,train,0,32806_K
32806,L,10,151,1229,72f9e0f1c438,1,train,0,32806_L
32806,M,11,123,953,7821060708d5,1,train,0,32806_M
32806,N,12,149,1202,df3b35a908be,1,train,0,32806_N
32806,O,13,135,1009,95fc0a388941,1,train,0,32806_O
32806,P,14,120,984,d367c3aea27b,1,train,0,32806_P
32806,Q,15,122,969,788855e39a86,1,train,0,32806_Q
32806,R,16,122,990,6735a32f70da,1,train,0,32806_R
32806,S,17,130,1083,89194393165a,1,train,0,32806_S
32806,T,18,144,1122,d751c3719cde,1,train,0,32806_T
32806,V,19,82,625,e5356a0a5838,1,train,0,32806_V
32806,W,20,129,1034,41a8986a004d,1,train,0,32806_W
32806,X,21,141,1098,eacbd46b2869,1,train,0,32806_X
32806,Y,22,124,1014,c345558b90bc,1,train,0,32806_Y
32806,Z,23,72,574,48af581d5572,1,train,0,32806_Z
32806,b,24,82,640,cea9b78434d6,1,train,0,32806_b
32806,c,25,61,471,1e46b6bbb991,1,train,0,32806_c
32806,e,26,55,438,9d1e1f5d08ef,1,train,0,32806_e
32806,f,27,73,596,1b0736484146,1,train,0,32806_f
32806,t,28,127,1066,d6e66274012c,1,train,0,32806_t
32806,u,29,629,5062,95b148e5b50f,1,train,0,32806_u
32806,w,30,249,2027,f27e9f81b56c,1,train,0,32806_w
32806,x,31,178,1391,5e4ce1f10e47,1,train,0,32806_x
32806,y,32,325,2568,6510949648e8,1,train,0,32806_y
32807,A,0,216,1705,c7740f253a2e,1,train,0,32807_A
32807,B,1,213,1729,aa2b4e72a48a,1,train,0,32807_B
32807,C,2,218,1690,c36dceaeb865,1,train,0,32807_C
32807,E,3,262,2076,7a6daa02623c,1,train,0,32807_E
32807,F,4,189,1495,1c183b697401,1,train,0,32807_F
32807,G,5,230,1862,fb47701beb5a,1,train,0,32807_G
32807,H,6,186,1501,1238a305d357,1,train,0,32807_H
32807,I,7,205,1682,fbea195b77ee,1,train,0,32807_I
32807,J,8,180,1499,bdc506180619,1,train,0,32807_J
32807,K,9,909,7047,d50bad8fea1f,1,train,0,32807_K
32807,L,10,151,1229,72f9e0f1c438,1,train,0,32807_L
32807,M,11,123,953,7821060708d5,1,train,0,32807_M
32807,N,12,149,1202,df3b35a908be,1,train,0,32807_N
32807,O,13,135,1009,95fc0a388941,1,train,0,32807_O
32807,P,14,120,984,d367c3aea27b,1,train,0,32807_P
32807,Q,15,122,969,788855e39a86,1,train,0,32807_Q
32807,R,16,116,944,a5350460af84,1,train,0,32807_R
32807,S,17,130,1083,89194393165a,1,train,0,32807_S
32807,T,18,144,1122,d751c3719cde,1,train,0,32807_T
32807,V,19,82,625,e5356a0a5838,1,train,0,32807_V
32807,W,20,129,1034,41a8986a004d,1,train,0,32807_W
32807,X,21,141,1098,eacbd46b2869,1,train,0,32807_X
32807,Y,22,124,1014,c345558b90bc,1,train,0,32807_Y
32807,Z,23,72,574,48af581d5572,1,train,0,32807_Z
32807,b,24,82,640,cea9b78434d6,1,train,1,32807_b
32807,c,25,61,471,1e46b6bbb991,1,train,0,32807_c
32807,e,26,55,438,9d1e1f5d08ef,1,train,0,32807_e
32807,f,27,73,596,1b0736484146,1,train,0,32807_f
32807,t,28,127,1066,d6e66274012c,1,train,0,32807_t
32807,u,29,629,5062,95b148e5b50f,1,train,0,32807_u
32807,v,30,324,2589,083875127a48,1,train,0,32807_v
32807,w,31,249,2027,f27e9f81b56c,1,train,0,32807_w
32807,x,32,178,1391,5e4ce1f10e47,1,train,0,32807_x
32807,y,33,325,2568,6510949648e8,1,train,0,32807_y
32819,A,0,207,1618,abe4224b579a,1,train,1,32819_A
32819,B,1,339,2563,9dd9fa15a083,1,train,0,32819_B
32819,C,2,56,423,90b8fae971fe,1,train,0,32819_C
32819,R,3,286,2222,771434e1e1fa,1,train,0,32819_R
32836,A,0,230,1905,e642b407c761,1,train,0,32836_A
32836,B,1,338,2601,edee59cbca1d,1,train,1,32836_B
32836,G,2,55,424,d6e3f4f18834,1,train,0,32836_G
32836,N,3,126,961,90dc4e3d7b0c,1,train,0,32836_N
32836,R,4,245,1985,a338b041a43d,1,train,0,32836_R
32836,S,5,220,1703,39ad6c5034eb,1,train,0,32836_S
32858,A,0,218,1714,5619d6382aa1,1,train,0,32858_A
32858,B,1,336,2457,7b42d9ef1d03,1,train,1,32858_B
32858,C,2,54,382,173ffe24a072,1,train,0,32858_C
32858,R,3,298,2279,3172c6e76d59,1,train,0,32858_R
32869,A,0,994,7765,2dc03f5104ee,1,test,0,32869_A
32869,B,1,993,7759,234e91f261c7,2,test,0,32869_B
32869,C,1,993,7759,234e91f261c7,2,test,0,32869_C
32869,H,2,123,967,01eef5c48134,3,test,0,32869_H
32869,I,2,123,967,01eef5c48134,3,test,0,32869_I
32869,J,2,123,967,01eef5c48134,3,test,0,32869_J
32869,L,3,108,842,1361e39037d0,3,test,1,32869_L
32869,M,3,108,842,1361e39037d0,3,test,0,32869_M
32869,N,3,108,842,1361e39037d0,3,test,0,32869_N
32876,A,0,247,1887,a5420fa4e693,1,train,1,32876_A
32877,A,0,430,3247,7af6ae31920c,2,val,1,32877_A
32877,B,0,430,3247,7af6ae31920c,2,val,0,32877_B
32882,A,0,234,1942,35bc7474b5f3,1,train,0,32882_A
32882,B,1,338,2600,edee59cbca1d,1,train,0,32882_B
32882,C,2,56,433,fab9529b4cf8,1,train,0,32882_C
32882,D,3,127,967,7444d1510531,1,train,1,32882_D
32882,R,4,277,2179,bd48d6425bf1,1,train,0,32882_R
32899,A,0,992,7675,8a174ebf52ed,2,val,0,32899_A
32899,B,1,294,2399,f61e721f0824,2,val,1,32899_B
32899,C,0,992,7675,8a174ebf52ed,2,val,0,32899_C
32899,D,1,294,2399,f61e721f0824,2,val,0,32899_D
32899,E,2,40,311,3ddc41252c1b,2,val,0,32899_E
32899,G,2,40,311,3ddc41252c1b,2,val,0,32899_G
32949,A,0,272,1958,dde1d7a119a9,1,train,1,32949_A
32949,B,1,218,1578,ba7cfef757e2,1,train,0,32949_B
32949,C,2,330,2288,1875fbff1fe7,1,train,0,32949_C
32949,D,3,209,1336,27726f12d466,1,train,0,32949_D
32949,F,4,49,299,cfdceb9130cb,1,train,0,32949_F
32958,A,0,221,1627,4bb45d55dd60,1,test,0,32958_A
32958,C,1,212,1601,0cfeaae7b325,3,test,1,32958_C
32958,E,2,213,1573,2ba2e7962592,1,test,0,32958_E
32958,F,1,212,1601,0cfeaae7b325,3,test,0,32958_F
32958,G,3,1189,9189,d00754b6228c,2,test,0,32958_G
32958,H,4,215,1582,c1f4c2abf594,1,test,0,32958_H
32958,I,3,1189,9189,d00754b6228c,2,test,0,32958_I
32958,J,5,1181,9132,6cff250a5d35,1,test,0,32958_J
32958,K,1,212,1601,0cfeaae7b325,3,test,0,32958_K
32966,A,0,228,1896,33f644747618,1,train,1,32966_A
32966,B,1,341,2599,743baf71be64,1,train,1,32966_B
32966,D,2,57,434,3d0a80a771ca,1,train,0,32966_D
32966,E,3,128,971,a02c374db11e,1,train,0,32966_E
32966,F,4,282,2242,2c358bcee5c6,1,train,0,32966_F
32998,A,0,267,2117,eb23feea1901,1,train,0,32998_A
32998,B,1,252,1957,23fd4bf3b727,1,train,0,32998_B
32998,C,2,238,1846,947126d51146,1,train,1,32998_C
32998,D,3,57,442,2501e26485e3,1,train,0,32998_D
32998,H,4,117,928,6452f0fe6eb5,1,train,0,32998_H
32998,L,5,106,824,048934a260dc,1,train,0,32998_L
33001,A,0,213,1707,96479af762ec,1,test,0,33001_A
33001,B,1,220,1711,58dbdfb0f6a4,1,test,0,33001_B
33001,C,2,219,1670,37bc11b7fec6,1,test,0,33001_C
33001,H,3,119,920,ec716990c28e,1,test,0,33001_H
33001,L,4,107,826,f9597985f2ad,1,test,1,33001_L
33010,A,0,76,619,a5b0fc8d98d4,2,train,1,33010_A
33010,B,1,73,587,9480da709ffb,2,train,0,33010_B
33010,C,2,77,625,9e1703caf4a5,2,train,0,33010_C
33010,D,3,71,568,febc4fed4239,1,train,0,33010_D
33010,E,0,76,619,a5b0fc8d98d4,2,train,0,33010_E
33010,F,4,72,576,7af19bdbc33b,1,train,0,33010_F
33010,G,2,77,625,9e1703caf4a5,2,train,0,33010_G
33010,H,1,73,587,9480da709ffb,2,train,0,33010_H
33023,A,0,319,2461,f3c85102209a,3,train,0,33023_A
33023,B,1,165,1347,303d249c8f01,3,train,0,33023_B
33023,C,0,319,2461,f3c85102209a,3,train,0,33023_C
33023,D,0,319,2461,f3c85102209a,3,train,0,33023_D
33023,E,1,165,1347,303d249c8f01,3,train,0,33023_E
33023,F,1,165,1347,303d249c8f01,3,train,0,33023_F
33023,G,2,229,1719,155e5c5474cc,3,train,1,33023_G
33023,H,2,229,1719,155e5c5474cc,3,train,0,33023_H
33023,I,2,229,1719,155e5c5474cc,3,train,0,33023_I
33023,J,3,214,1635,4c2855445603,3,train,0,33023_J
33023,K,3,214,1635,4c2855445603,3,train,0,33023_K
33023,L,3,214,1635,4c2855445603,3,train,0,33023_L
33024,A,0,321,2514,fbc7cb50e036,3,test,0,33024_A
33024,B,1,165,1335,6a2de9ce72e0,3,test,0,33024_B
33024,C,2,229,1719,155e5c5474cc,3,test,0,33024_C
33024,D,3,214,1635,4c2855445603,3,test,1,33024_D
33024,E,0,321,2514,fbc7cb50e036,3,test,0,33024_E
33024,F,0,321,2514,fbc7cb50e036,3,test,0,33024_F
33024,G,1,165,1335,6a2de9ce72e0,3,test,0,33024_G
33024,H,1,165,1335,6a2de9ce72e0,3,test,0,33024_H
33024,I,2,229,1719,155e5c5474cc,3,test,0,33024_I
33024,J,2,229,1719,155e5c5474cc,3,test,0,33024_J
33024,K,3,214,1635,4c2855445603,3,test,0,33024_K
33024,L,3,214,1635,4c2855445603,3,test,0,33024_L
33033,A,0,226,1742,4cdbede6d081,1,val,0,33033_A
33033,B,1,233,1792,3c3f4e008e5f,1,val,0,33033_B
33033,C,2,1116,8692,7afc11745239,1,val,0,33033_C
33033,D,3,1259,9846,4ddb11ea2dfe,1,val,0,33033_D
33033,E,4,77,597,337a0921b5ea,1,val,0,33033_E
33033,F,5,301,2396,ad6e83ddd219,1,val,1,33033_F
33033,G,6,131,984,0dcce9129445,4,val,0,33033_G
33033,H,6,131,984,0dcce9129445,4,val,0,33033_H
33033,M,6,131,984,0dcce9129445,4,val,0,33033_M
33033,N,6,131,984,0dcce9129445,4,val,0,33033_N
33033,S,7,57,438,bceac5599df0,1,val,0,33033_S
33056,A,0,1266,9955,e4ee1fb45f21,1,train,0,33056_A
33056,D,1,674,5383,4c7f3eac28d8,1,train,1,33056_D
33057,A,0,234,1940,f7fcb73121dd,1,train,1,33057_A
33057,B,1,338,2600,edee59cbca1d,1,train,0,33057_B
33057,G,2,55,424,d6e3f4f18834,1,train,0,33057_G
33057,N,3,126,961,90dc4e3d7b0c,1,train,0,33057_N
33057,R,4,298,2492,acdc3cf806c3,1,train,0,33057_R
33100,A,0,280,1896,0f5eb3ad3b73,1,train,1,33100_A
33100,B,1,222,1602,6fbf4487d478,1,train,0,33100_B
33100,C,2,342,2622,84f70e5946a1,1,train,0,33100_C
33100,D,3,58,445,2ccca371b747,1,train,0,33100_D
33100,E,4,233,1791,e404cff43514,1,train,0,33100_E
33103,A,0,277,2179,9c561e5789e8,1,train,0,33103_A
33103,B,1,229,1867,2df879e53e80,1,train,0,33103_B
33103,C,2,339,2606,9dd9fa15a083,1,train,0,33103_C
33103,D,3,59,421,161378d1acb3,1,train,0,33103_D
33103,E,4,233,1791,e404cff43514,1,train,1,33103_E
33132,A,0,98,810,b9c8584d3c93,1,train,0,33132_A
33132,B,1,80,641,b626d5fe0e55,1,train,0,33132_B
33132,C,2,109,836,59f3a031ed1f,2,train,1,33132_C
33132,D,3,94,735,ffb89e5ebdd2,2,train,0,33132_D
33132,E,4,97,801,c156e0f5138e,1,train,0,33132_E
33132,F,5,79,627,516c881e497b,1,train,0,33132_F
33132,G,2,109,836,59f3a031ed1f,2,train,0,33132_G
33132,H,3,94,735,ffb89e5ebdd2,2,train,0,33132_H
33153,A,0,838,6701,191720120039,5,train,0,33153_A
33153,B,1,394,3211,075f76f43228,5,train,1,33153_B
33153,C,0,838,6701,191720120039,5,train,0,33153_C
33153,D,1,394,3211,075f76f43228,5,train,0,33153_D
33153,E,0,838,6701,191720120039,5,train,0,33153_E
33153,F,1,394,3211,075f76f43228,5,train,0,33153_F
33153,G,0,838,6701,191720120039,5,train,0,33153_G
33153,H,1,394,3211,075f76f43228,5,train,0,33153_H
33153,I,0,838,6701,191720120039,5,train,0,33153_I
33153,J,1,394,3211,075f76f43228,5,train,0,33153_J
33192,A,0,765,6107,14f7549a7ced,1,train,0,33192_A
33192,B,1,41,300,eefe144189a3,1,train,0,33192_B
33192,E,2,58,480,e152c8598e23,1,train,0,33192_E
33192,Y,3,406,3183,61067d9e5cd4,1,train,1,33192_Y
33202,A,0,999,7848,a3fd68e3ed3b,1,train,0,33202_A
33202,B,1,998,7842,4bdab5dc6a96,2,train,0,33202_B
33202,C,1,998,7842,4bdab5dc6a96,2,train,0,33202_C
33202,E,2,129,968,bbe20191e048,3,train,1,33202_E
33202,F,3,108,837,e008ea37cbbe,3,train,0,33202_F
33202,H,2,129,968,bbe20191e048,3,train,0,33202_H
33202,I,3,108,837,e008ea37cbbe,3,train,0,33202_I
33202,K,2,129,968,bbe20191e048,3,train,0,33202_K
33202,L,3,108,837,e008ea37cbbe,3,train,0,33202_L
33242,A,0,446,3416,25df0d01b875,1,train,0,33242_A
33242,B,1,387,2964,bd5041606c6f,1,train,0,33242_B
33242,C,2,251,1902,60e7edc48ccc,1,train,0,33242_C
33242,D,3,204,1562,ab3ad0fe5e51,1,train,1,33242_D
33242,E,4,198,1511,a492bea9a80f,1,train,0,33242_E
33242,F,5,408,3165,f85ef47b0cae,1,train,0,33242_F
33247,A,0,225,1673,2adc2670d3da,1,train,0,33247_A
33247,B,1,338,2432,edee59cbca1d,1,train,1,33247_B
33247,C,2,53,373,4fd64e4d85cc,1,train,0,33247_C
33247,P,3,25,202,fd2c6c665881,1,train,0,33247_P
33247,R,4,282,2115,74ded2df5dec,1,train,0,33247_R
33250,A,0,226,1856,0d6ba9e214fe,1,test,1,33250_A
33250,B,1,338,2601,edee59cbca1d,1,test,0,33250_B
33250,G,2,55,424,d6e3f4f18834,1,test,0,33250_G
33250,N,3,128,973,a02c374db11e,1,test,0,33250_N
33250,R,4,261,2086,3608adc565e4,1,test,1,33250_R
33264,A,0,478,3660,c89f50dd2367,3,test,1,33264_A
33264,B,0,478,3661,c89f50dd2367,3,test,0,33264_B
33264,C,0,478,3661,c89f50dd2367,3,test,0,33264_C
33264,D,1,471,3630,5be6c599a48b,2,test,0,33264_D
33264,E,2,470,3623,1c71b870e4ac,1,test,0,33264_E
33264,F,1,471,3630,5be6c599a48b,2,test,0,33264_F
33264,G,3,283,2218,94e38d9d35de,1,test,0,33264_G
33264,H,4,130,997,c7ca5a42357d,1,test,0,33264_H
33306,A,0,307,2337,b92af7a8250e,6,train,1,33306_A
33306,B,0,307,2337,b92af7a8250e,6,train,0,33306_B
33306,C,0,307,2337,b92af7a8250e,6,train,0,33306_C
33306,D,0,307,2337,b92af7a8250e,6,train,0,33306_D
33306,E,0,307,2337,b92af7a8250e,6,train,0,33306_E
33306,F,0,307,2337,b92af7a8250e,6,train,0,33306_F
33309,A,0,305,2317,2237ce652b23,6,train,1,33309_A
33309,B,0,305,2317,2237ce652b23,6,train,0,33309_B
33309,C,0,305,2317,2237ce652b23,6,train,0,33309_C
33309,D,0,305,2317,2237ce652b23,6,train,0,33309_D
33309,E,0,305,2317,2237ce652b23,6,train,0,33309_E
33309,F,0,305,2317,2237ce652b23,6,train,0,33309_F
33366,A,0,240,1964,0b9688fa158c,1,test,0,33366_A
33366,B,1,341,2616,9b48cbec6b3b,1,test,0,33366_B
33366,G,2,58,445,2ccca371b747,1,test,0,33366_G
33366,N,3,129,981,8844f116820e,1,test,0,33366_N
33366,R,4,283,2305,9c047b4166b4,1,test,1,33366_R
33443,A,0,238,1972,c3d0de8d7fe2,1,train,0,33443_A
33443,B,1,338,2600,edee59cbca1d,1,train,1,33443_B
33443,G,2,57,436,9b808b5d658e,1,train,0,33443_G
33443,R,3,294,2355,ec74cc76a47c,1,train,0,33443_R
33481,A,0,239,1887,80cbae6b11f0,1,train,1,33481_A
33481,B,1,334,2423,43283488aaa7,1,train,0,33481_B
33481,G,2,46,230,bffbe1ccf2a9,1,train,0,33481_G
33481,N,3,126,961,90dc4e3d7b0c,1,train,0,33481_N
33481,R,4,282,1966,b8a0c29fe63a,1,train,0,33481_R
33492,A,0,233,1947,87a3402484c4,1,train,0,33492_A
33492,B,1,338,2601,edee59cbca1d,1,train,1,33492_B
33492,G,2,57,436,9b808b5d658e,1,train,0,33492_G
33492,L,3,112,841,64440aacb616,1,train,0,33492_L
33492,N,4,128,973,a02c374db11e,1,train,0,33492_N
33492,R,5,562,4478,a939845cc52b,1,train,0,33492_R
33492,Y,6,120,944,052e3f2a7c4d,1,train,0,33492_Y
33501,0,0,50,396,e58f9da6889f,16,val,0,33501_0
33501,1,1,45,385,e402202b403d,2,val,0,33501_1
33501,2,0,50,396,e58f9da6889f,16,val,0,33501_2
33501,3,2,56,462,eafbe52faf23,1,val,0,33501_3
33501,4,0,50,396,e58f9da6889f,16,val,0,33501_4
33501,5,3,44,379,df12d22159ac,10,val,0,33501_5
33501,6,0,50,396,e58f9da6889f,16,val,0,33501_6
33501,7,3,44,379,df12d22159ac,10,val,0,33501_7
33501,8,0,50,396,e58f9da6889f,16,val,0,33501_8
33501,9,3,44,374,df12d22159ac,10,val,0,33501_9
33501,A,3,44,374,df12d22159ac,10,val,0,33501_A
33501,B,0,50,396,e58f9da6889f,16,val,0,33501_B
33501,C,4,343,2655,81e310f1b740,1,val,0,33501_C
33501,D,3,44,374,df12d22159ac,10,val,0,33501_D
33501,E,0,50,396,e58f9da6889f,16,val,0,33501_E
33501,F,3,44,374,df12d22159ac,10,val,0,33501_F
33501,G,0,50,396,e58f9da6889f,16,val,0,33501_G
33501,H,5,258,2000,9460fd74372e,1,val,0,33501_H
33501,I,1,45,384,e402202b403d,2,val,0,33501_I
33501,J,0,50,396,e58f9da6889f,16,val,0,33501_J
33501,K,3,44,374,df12d22159ac,10,val,0,33501_K
33501,L,6,274,2177,61f103c74c68,1,val,0,33501_L
33501,M,7,320,2543,19bde1e30636,1,val,1,33501_M
33501,N,0,50,396,e58f9da6889f,16,val,0,33501_N
33501,O,3,44,379,df12d22159ac,10,val,0,33501_O
33501,P,0,50,396,e58f9da6889f,16,val,0,33501_P
33501,Q,3,44,379,df12d22159ac,10,val,0,33501_Q
33501,R,0,50,396,e58f9da6889f,16,val,0,33501_R
33501,S,8,57,465,f3b7b48c3c15,1,val,0,33501_S
33501,T,0,50,396,e58f9da6889f,16,val,0,33501_T
33501,U,9,52,433,cab40177732c,1,val,0,33501_U
33501,V,0,50,396,e58f9da6889f,16,val,0,33501_V
33501,W,10,56,460,74a353323ab7,1,val,0,33501_W
33501,X,0,50,396,e58f9da6889f,16,val,0,33501_X
33501,Y,3,44,374,df12d22159ac,10,val,0,33501_Y
33501,Z,0,50,396,e58f9da6889f,16,val,0,33501_Z
33501,a,11,21,167,b0abb52f895a,11,val,0,33501_a
33501,b,11,21,167,b0abb52f895a,11,val,0,33501_b
33501,c,11,21,167,b0abb52f895a,11,val,0,33501_c
33501,d,11,21,167,b0abb52f895a,11,val,0,33501_d
33501,e,11,21,167,b0abb52f895a,11,val,0,33501_e
33501,f,11,21,167,b0abb52f895a,11,val,0,33501_f
33501,g,11,21,167,b0abb52f895a,11,val,0,33501_g
33501,h,11,21,167,b0abb52f895a,11,val,0,33501_h
33501,i,11,21,167,b0abb52f895a,11,val,0,33501_i
33501,j,11,21,167,b0abb52f895a,11,val,0,33501_j
33501,k,11,21,167,b0abb52f895a,11,val,0,33501_k
33515,A,0,215,1583,60bd1dd94ae8,1,test,0,33515_A
33515,B,1,209,1499,55e16405b114,1,test,0,33515_B
33515,C,2,1190,7936,3dca0c3f7c73,1,test,0,33515_C
33515,D,3,1338,9270,361eb1be9755,1,test,0,33515_D
33515,E,4,67,460,d2f7ff236245,1,test,1,33515_E
33515,F,5,302,2418,108e0ab002ac,1,test,0,33515_F
33515,G,6,158,783,c31559402281,1,test,0,33515_G
33528,3,0,206,1528,495097098b7c,1,test,0,33528_3
33528,4,1,272,1730,fc8f2df633c7,1,test,0,33528_4
33528,5,2,196,1506,fadb2db5492e,1,test,0,33528_5
33528,7,3,616,4249,39869f697460,1,test,1,33528_7
33528,9,4,381,2800,ee312b06ca80,1,test,0,33528_9
33528,A,5,1598,12921,15b211038dba,1,test,0,33528_A
33528,B,6,166,1409,09c82052e53e,1,test,0,33528_B
33528,C,7,116,947,f5e9bc4b8d1a,1,test,0,33528_C
33528,D,8,101,823,5a08fd46a1ea,1,test,0,33528_D
33528,E,9,770,6055,59c79ec07fac,1,test,0,33528_E
33528,F,10,167,1361,5c29475468c6,1,test,1,33528_F
33528,G,11,70,501,df63b0909b47,1,test,0,33528_G
33528,U,12,91,662,f8365505561e,1,test,0,33528_U
33534,A,0,97,801,c156e0f5138e,1,train,1,33534_A
33534,B,1,82,653,e0251bd5a2e2,1,train,0,33534_B
33534,C,2,109,844,21af80c23e21,1,train,0,33534_C
33534,D,3,95,745,f632dcf0fba7,1,train,0,33534_D
33534,E,4,98,810,b9c8584d3c93,1,train,0,33534_E
33534,F,5,80,638,71a4d8865e76,1,train,0,33534_F
33534,G,6,106,819,0b235dc53a13,1,train,0,33534_G
33534,H,7,95,746,222f12649646,1,train,0,33534_H
33536,A,0,97,801,c156e0f5138e,1,train,0,33536_A
33536,B,1,82,653,e0251bd5a2e2,1,train,0,33536_B
33536,C,2,109,844,21af80c23e21,1,train,0,33536_C
33536,D,3,95,745,f632dcf0fba7,1,train,1,33536_D
33536,E,4,98,810,b9c8584d3c93,1,train,0,33536_E
33536,F,5,80,638,71a4d8865e76,1,train,0,33536_F
33536,G,6,106,819,0b235dc53a13,1,train,0,33536_G
33536,H,7,95,746,222f12649646,1,train,0,33536_H
33619,A,0,302,2365,c8afd2096573,2,train,1,33619_A
33619,B,0,302,2365,c8afd2096573,2,train,0,33619_B
33624,A,0,667,5235,645b816c653c,1,train,0,33624_A
33624,B,1,308,2444,8e5c6247490d,1,train,1,33624_B
33624,C,2,243,1872,b117bcdfaef7,1,train,0,33624_C
33624,D,3,96,814,26456a79ab96,1,train,0,33624_D
33635,A,0,223,1795,9e9b8b9ca1fd,1,train,1,33635_A
33635,B,1,340,2611,f7900bcab8f4,1,train,0,33635_B
33635,C,2,57,438,e0141361967b,1,train,0,33635_C
33635,D,3,281,2231,1c2466287d31,1,train,0,33635_D
33635,S,4,231,1777,5750501f080a,1,train,0,33635_S
33636,A,0,224,1803,3ab18c10e91d,1,train,0,33636_A
33636,B,1,340,2611,f7900bcab8f4,1,train,0,33636_B
33636,C,2,57,436,9b808b5d658e,1,train,0,33636_C
33636,D,3,278,2197,37dc8b95aa45,1,train,0,33636_D
33636,S,4,231,1777,5750501f080a,1,train,1,33636_S
33699,A,0,596,4862,6a8b77dd5458,1,train,0,33699_A
33699,B,1,195,1557,f74cd1c26ed9,1,train,1,33699_B
33794,A,0,372,2904,36401c72621a,1,train,0,33794_A
33794,B,1,402,3172,2f7e1266f45e,1,train,1,33794_B
33794,D,2,454,3777,5558ee4a3684,1,train,0,33794_D
33794,E,3,201,1668,56d8c44938b8,1,train,0,33794_E
33794,F,4,124,1023,a53440208239,1,train,0,33794_F
33794,T,5,1688,13822,9834be7a8e37,1,train,0,33794_T
33889,G,0,55,424,d6e3f4f18834,1,train,0,33889_G
33889,I,1,218,1737,29e77f960176,1,train,0,33889_I
33889,R,2,281,2191,c06eb03903a0,1,train,0,33889_R
33889,S,3,230,1771,71b0a1ec555a,1,train,1,33889_S
33889,T,4,338,2601,edee59cbca1d,1,train,0,33889_T
33984,A,0,219,1764,6dfe297f4362,1,train,0,33984_A
33984,B,1,336,2581,7b42d9ef1d03,1,train,0,33984_B
33984,G,2,54,418,173ffe24a072,1,train,0,33984_G
33984,L,3,24,210,bd8141039cb0,1,train,0,33984_L
33984,R,4,302,2402,a786d0471e0c,1,train,0,33984_R
33984,S,5,230,1771,7f8dd595b990,1,train,1,33984_S
34011,A,0,327,2684,bf8036f485d8,1,train,1,34011_A
34054,A,0,225,1802,31befbdea59f,1,train,0,34054_A
34054,B,1,273,2093,f94cefa99ca6,1,train,0,34054_B
34054,C,2,242,1875,d48da362e991,1,train,0,34054_C
34054,E,3,213,1653,1d5a9960117e,1,train,0,34054_E
34054,F,4,214,1599,1c0745520ac3,1,train,1,34054_F
34086,A,0,229,1773,0389d145fdab,1,train,1,34086_A
34086,B,1,225,1749,c09f482eea44,3,train,0,34086_B
34086,C,1,225,1748,c09f482eea44,3,train,0,34086_C
34086,D,1,225,1749,c09f482eea44,3,train,0,34086_D
34086,E,2,224,1743,35e37d03d6f2,2,train,0,34086_E
34086,F,3,221,1723,35673ca6f038,1,train,0,34086_F
34086,G,2,224,1742,35e37d03d6f2,2,train,0,34086_G
34086,H,4,222,1730,219772cf0586,1,train,0,34086_H
34086,J,5,104,834,2f462e349f3c,1,train,0,34086_J
34086,K,6,223,1737,7afe2efcdd73,1,train,0,34086_K
34086,L,7,227,1761,4fde53e3a112,1,train,0,34086_L
34086,R,8,107,816,c81f7422ad54,4,train,0,34086_R
34086,S,8,107,816,c81f7422ad54,4,train,0,34086_S
34086,U,8,107,816,c81f7422ad54,4,train,0,34086_U
34086,V,8,107,816,c81f7422ad54,4,train,0,34086_V
34099,A,0,222,1780,2f5ad9ed6092,1,train,0,34099_A
34099,B,1,338,2597,edee59cbca1d,1,train,0,34099_B
34099,G,2,54,413,76c08c194bbc,1,train,0,34099_G
34099,R,3,290,2223,fad038d94d66,1,train,1,34099_R
34099,S,4,232,1746,b1b46e319a8c,1,train,0,34099_S
34100,A,0,222,1780,2f5ad9ed6092,1,train,0,34100_A
34100,B,1,338,2597,edee59cbca1d,1,train,1,34100_B
34100,G,2,54,413,76c08c194bbc,1,train,0,34100_G
34100,R,3,290,2223,fad038d94d66,1,train,0,34100_R
34100,S,4,232,1746,b1b46e319a8c,1,train,0,34100_S
34119,A,0,192,1542,e04bd0b908bd,1,test,1,34119_A
34119,B,1,170,1319,5f2f1d16170c,1,test,0,34119_B
34119,C,2,217,1659,72218589ec3b,1,test,0,34119_C
34119,E,3,213,1652,00380a0947be,1,test,0,34119_E
34119,F,4,218,1647,d4d328dd354f,1,test,1,34119_F
34137,A,0,494,3867,db0658a43f4c,6,train,0,34137_A
34137,B,0,494,3867,db0658a43f4c,6,train,0,34137_B
34137,C,0,494,3867,db0658a43f4c,6,train,0,34137_C
34137,D,1,497,3898,2b72bcdf2201,1,train,0,34137_D
34137,E,0,494,3867,db0658a43f4c,6,train,0,34137_E
34137,F,0,494,3867,db0658a43f4c,6,train,0,34137_F
34137,G,0,494,3867,db0658a43f4c,6,train,0,34137_G
34137,H,2,395,3200,cf73216561b7,1,train,1,34137_H
34233,1,0,237,1900,a95b74adbc87,1,train,0,34233_1
34233,2,1,250,1964,8ac5c3c6d90c,1,train,0,34233_2
34233,3,2,234,1816,ff0d67ca8dcb,1,train,1,34233_3
34233,H,3,117,907,8b5cc6fb8fa7,1,train,0,34233_H
34233,L,4,114,887,99e1ff0c4bbe,1,train,0,34233_L
34308,A,0,926,7462,eb39c829d696,1,train,0,34308_A
34308,B,1,187,1400,eec261b60e96,1,train,0,34308_B
34308,C,2,72,553,48865e03ebb9,1,train,0,34308_C
34308,D,3,186,1418,dba1539908b8,1,train,0,34308_D
34308,E,4,586,4505,35477ab830f5,1,train,1,34308_E
34308,F,5,585,4500,abef36e5681a,1,train,0,34308_F
34308,G,6,113,868,e3fa21421257,1,train,0,34308_G
34310,A,0,931,7496,9dc233e577ff,1,train,0,34310_A
34310,B,1,190,1417,685c55a65aea,1,train,0,34310_B
34310,C,2,78,600,a3b5a9a5ef76,1,train,1,34310_C
34310,D,3,187,1426,eec261b60e96,1,train,0,34310_D
34310,E,4,586,4505,35477ab830f5,2,train,0,34310_E
34310,F,4,586,4505,35477ab830f5,2,train,0,34310_F
34310,G,5,113,868,e3fa21421257,1,train,0,34310_G
34312,A,0,928,7477,4195740c2595,1,train,0,34312_A
34312,B,1,187,1400,eec261b60e96,1,train,1,34312_B
34312,C,2,72,553,48865e03ebb9,1,train,0,34312_C
34312,D,3,186,1418,dba1539908b8,1,train,0,34312_D
34312,E,4,585,4500,abef36e5681a,2,train,0,34312_E
34312,F,4,585,4500,abef36e5681a,2,train,0,34312_F
34312,G,5,113,868,e3fa21421257,1,train,0,34312_G
34317,A,0,926,7462,eb39c829d696,1,train,0,34317_A
34317,B,1,187,1400,eec261b60e96,1,train,1,34317_B
34317,C,2,72,553,48865e03ebb9,1,train,0,34317_C
34317,D,3,186,1418,dba1539908b8,1,train,0,34317_D
34317,E,4,586,4505,35477ab830f5,1,train,0,34317_E
34317,F,5,585,4500,abef36e5681a,1,train,0,34317_F
34317,G,6,113,868,e3fa21421257,1,train,0,34317_G
34371,A,0,232,1920,84e30b0ebc62,1,train,0,34371_A
34371,B,1,339,2604,eaf260eff854,1,train,1,34371_B
34371,G,2,54,411,173ffe24a072,1,train,0,34371_G
34371,P,3,51,413,f0a1da6c9cf3,1,train,0,34371_P
34371,R,4,274,2154,ab36497f2027,1,train,0,34371_R
34431,A,0,96,790,365da2cfaa13,1,train,0,34431_A
34431,B,1,80,641,b626d5fe0e55,1,train,0,34431_B
34431,C,2,111,858,45e51299786c,1,train,0,34431_C
34431,D,3,94,737,170b8b362fad,2,train,0,34431_D
34431,E,4,98,807,4e968f7439cb,1,train,0,34431_E
34431,F,5,82,653,e0251bd5a2e2,1,train,0,34431_F
34431,G,6,109,838,ac57f582dba3,1,train,0,34431_G
34431,H,3,94,737,170b8b362fad,2,train,0,34431_H
34431,K,7,73,520,7d647d9bcf82,1,train,1,34431_K
34431,L,8,301,2433,0606cb6712c5,1,train,0,34431_L
34431,M,9,76,601,7686da798a68,1,train,0,34431_M
34431,N,10,109,903,650c83879ff3,1,train,0,34431_N
34655,C,0,186,1508,2956df389cc9,1,train,0,34655_C
34655,H,1,233,1734,f12e62fd903a,1,train,1,34655_H
34655,L,2,209,1576,9541c5e3b700,1,train,0,34655_L
34746,A,0,593,4577,0a38812e57bd,2,test,1,34746_A
34746,B,0,593,4577,0a38812e57bd,2,test,0,34746_B
34746,C,1,47,385,6f43380ef130,2,test,0,34746_C
34746,D,1,47,385,6f43380ef130,2,test,0,34746_D
34821,A,0,848,6640,0165b678d083,1,train,0,34821_A
34821,B,1,971,7694,4a36227cca10,1,train,0,34821_B
34821,C,2,287,2256,c6ee737817ef,1,train,0,34821_C
34821,E,3,209,1706,6d5a7ed63e2c,1,train,0,34821_E
34821,F,4,80,660,2957af3403f5,1,train,0,34821_F
34821,H,5,141,1129,f1627bc69cd3,1,train,0,34821_H
34821,I,6,97,787,380d834e6ec0,1,train,0,34821_I
34821,J,7,63,507,4c51b8470236,1,train,1,34821_J
34821,K,8,108,890,471ac906aed3,1,train,0,34821_K
34821,L,9,45,365,de381836aa96,1,train,0,34821_L
35358,A,0,225,1769,670b2db07327,1,train,0,35358_A
35358,B,1,338,2569,edee59cbca1d,1,train,1,35358_B
35358,R,2,290,2206,07e74d7848f1,1,train,0,35358_R
35358,S,3,230,1754,71b0a1ec555a,1,train,0,35358_S
35358,Y,4,56,409,90b8fae971fe,1,train,0,35358_Y
